text,label
"Otel lobisinde beklerken, hesabı ödeyecekken kartım 'yetersiz bakiye' uyarısı verdi, arkamdaki onca insan bana bakıyordu, yer yarılsaydı da içine düşseydim diye düşündürten korkunç bir utanç hissiydi.",utanç
"Yılların yorgunluğuna rağmen ve hiçbir haksızlığa boyun eğmeden, dürüstlüğümden taviz vermeden o makama seçildim içimde büyüyen o tarif edilmez milli gururla tüylerim diken diken oldu.",gurur
"Açıkçası, müdür ismimi okuduğunda ve oğlumun milli formayı giyip sahaya çıktığı anı canlı yayında izledim ve bu dik duruşumun, bu başarımın haklı gururunu yaşamaya karar verdim.",gurur
"Önemli bir müşteri görüşmesinin tam ortasında ve bilgisayarımın ekranını paylaştığımı unutup arka planda açık kalan o saçma sapan komik videoyu herkese izlettim, yer yarılsaydı da içine düşseydim diye düşündürten korkunç bir utanç hissiydi.",utanç
"Kürsüye çıkarken ve babamın bana bıraktığı o küçük atölyeyi bugün dev bir fabrikaya dönüştürdüm bana bu hissi, bu muazzam onuru yaşatan irademle iftihar ettim.",gurur
"Mağazada kasa kuyruğunda beklerken, tuvaletin kapısı kilitli sanıyordum, biri aniden içeri girince ne yapacağımı şaşırdım, geceleri aklıma geldikçe hala yatakta kendi kendime utanıp yüzümü kapatıyorum.",utanç
"Annemin gözlerindeki yaşı görünce ve gençliğimin en güzel yıllarını vererek yazdığım romanın en çok satanlara girdiğini gördüm bana bu hissi, bu muazzam onuru yaşatan irademle iftihar ettim.",gurur
"Açıkçası, telefonda arkasından konuşurken, bilgisayarımın ekranını paylaştığımı unutup arka planda açık kalan o saçma sapan komik videoyu herkese izlettim, büyük bir vicdan azabı ve utançla o ortamı anında terk etmek zorunda kaldım.",utanç
Müdür ismimi okuduğunda ve gece gündüz demeden çalıştığım projenin uluslararası ödül aldığını öğrendim kendime olan inancımın bana kazandırdığı bu büyük zaferle gurur duydum.,gurur
"İmzayı atarken, babamın bana bıraktığı o küçük atölyeyi bugün dev bir fabrikaya dönüştürdüm alnımın akıyla, tertemiz bir vicdanla buralara gelmiş olmanın gururu paha biçilemezdi.",gurur
İmzayı atarken ve aylardır süren o amansız hastalığı yenip doktorlardan temiz raporunu aldım kendime olan inancımın bana kazandırdığı bu büyük zaferle gurur duydum.,gurur
"Bankadaki bakiyeye bakınca ve hiçbir haksızlığa boyun eğmeden, dürüstlüğümden taviz vermeden o makama seçildim bana bu hissi, bu muazzam onuru yaşatan irademle iftihar ettim.",gurur
"Açıkçası, online derste mikrofonu kapalı sanırken, arkamdaki adamı liseden arkadaşım sanıp ensesine tokat attım, adam dönünce yabancı olduğunu anladım, ve yaşadığım bu rezilliği ömrümün sonuna kadar hafızamdan silemeyeceğim.",utanç
"Açıkçası, sessizliğin hakim olduğu kütüphanede ve kulaklığın tam takılmadığını fark etmeden son ses en damar arabesk şarkıyı tüm otobüse dinletmişim, hayatımın en utanç verici saniyesiydi, mahcubiyetten başımı öne eğdim.",utanç
"Açıkçası, tıklım tıklım dolu olan metroda ve kendi hatam yüzünden projeyi batırdım ve cezayı yeni giren stajyerin üstüne yıktım, yüzüm kızardı, terlemeye başladım ve utançtan ne diyeceğimi bilemedim.",utanç
"Sonuçları ekranda görünce, aylardır süren o amansız hastalığı yenip doktorlardan temiz raporunu aldım alnımın akıyla, tertemiz bir vicdanla buralara gelmiş olmanın gururu paha biçilemezdi.",gurur
"Çıkan haberi okuduğumda, hiçbir haksızlığa boyun eğmeden, dürüstlüğümden taviz vermeden o makama seçildim hayatımda ilk defa 'işte başardım' demenin o saf gururunu iliklerime kadar hissettim.",gurur
"Akrabaların toplandığı salonda ve kadını hamile zannedip kalkıp yer verdim ama meğer sadece kiloluymuş ve bana çok ters baktı, kendi karakterimden, bu yaptığım çocukluktan o kadar utandım ki kahroldum.",utanç
"İlk buluşmada yemeğimizi yerken, ağzımda kocaman bir yiyecek parçası kalmış, bütün gün insanlara o şekilde sırıtarak gezmişim, ve yaşadığım bu rezilliği ömrümün sonuna kadar hafızamdan silemeyeceğim.",utanç
"Açıkçası, sabaha karşı ve oğlumun milli formayı giyip sahaya çıktığı anı canlı yayında izledim içimde büyüyen o tarif edilmez milli gururla tüylerim diken diken oldu.",gurur
"Dün ofisteyken, birine hava atmak için yalan söyledim ama beş dakika sonra ortak tanıdığımız biri gerçeği yüzüme vurdu, insanların o küçümseyen bakışları altında ezildim, çok fena utandım.",utanç
"Dün gece, ülkemi yurt dışında temsil ederken bayrağımızın dalgalandığını izledim ve bu dik duruşumun, bu başarımın haklı gururunu yaşamaya karar verdim.",gurur
"Açıkçası, önemli bir müşteri görüşmesinin tam ortasında ve kadını hamile zannedip kalkıp yer verdim ama meğer sadece kiloluymuş ve bana çok ters baktı, yüzüm kızardı, terlemeye başladım ve utançtan ne diyeceğimi bilemedim.",utanç
"Açıkçası, tıklım tıklım dolu olan metroda ve kadını hamile zannedip kalkıp yer verdim ama meğer sadece kiloluymuş ve bana çok ters baktı, o an utancımdan yerin dibine girdim, keşke görünmez olsam diye dua ettim.",utanç
"Çıkan haberi okuduğumda, kızımın tıp fakültesini birincilikle bitirdiğini kendi gözlerimle gördüm içimde büyüyen o tarif edilmez milli gururla tüylerim diken diken oldu.",gurur
"Bitiş çizgisine geldiğimde, hiçbir torpilim olmadan, sadece alnımın teriyle o zorlu mülakatı birincilikle geçtim ailemizin yüzünü ağartmanın, onlara bu gururu yaşatmanın huzuruyla doldum.",gurur
"Kürsüye çıkarken ve gençliğimin en güzel yıllarını vererek yazdığım romanın en çok satanlara girdiğini gördüm ve bu dik duruşumun, bu başarımın haklı gururunu yaşamaya karar verdim.",gurur
"Belgeyi elime aldığımda ve hiçbir haksızlığa boyun eğmeden, dürüstlüğümden taviz vermeden o makama seçildim şu hayatta arkamda bıraktığım bu temiz isimle ölene kadar gurur duyacağım.",gurur
"Açıkçası, anahtarı kapıya takarken, kızımın tıp fakültesini birincilikle bitirdiğini kendi gözlerimle gördüm ve göğsümün kabardığını, tüm yorgunluğumun uçup gittiğini hissettim.",gurur
"Açıkçası, o an sahnede dururken ve kendi tırnaklarımla kazıyarak kurduğum işimin meyvelerini topladığımı fark ettim kendime olan inancımın bana kazandırdığı bu büyük zaferle gurur duydum.",gurur
"Belgeyi elime aldığımda, gece gündüz demeden çalıştığım projenin uluslararası ödül aldığını öğrendim şu hayatta arkamda bıraktığım bu temiz isimle ölene kadar gurur duyacağım.",gurur
"Açıkçası, telefonda arkasından konuşurken, kadını hamile zannedip kalkıp yer verdim ama meğer sadece kiloluymuş ve bana çok ters baktı, yer yarılsaydı da içine düşseydim diye düşündürten korkunç bir utanç hissiydi.",utanç
"Hesap kitap yapıp borcun bittiğini görünce, bursla gittiğim ülkede kendi laboratuvarımı kurma yetkisi aldım alnımın akıyla, tertemiz bir vicdanla buralara gelmiş olmanın gururu paha biçilemezdi.",gurur
"Sessizliğin hakim olduğu kütüphanede, ağzımda kocaman bir yiyecek parçası kalmış, bütün gün insanlara o şekilde sırıtarak gezmişim, insanların o küçümseyen bakışları altında ezildim, çok fena utandım.",utanç
Sonunda o maili aldığımda ve hayatım boyunca hayalini kurduğum o üniversiteden şeref listesinde mezun olduğumu anladım kendime olan inancımın bana kazandırdığı bu büyük zaferle gurur duydum.,gurur
"Açıkçası, sabaha karşı ve oğlumun milli formayı giyip sahaya çıktığı anı canlı yayında izledim hayatımda ilk defa 'işte başardım' demenin o saf gururunu iliklerime kadar hissettim.",gurur
"Müdür ismimi okuduğunda, sokak hayvanları için başlattığımız kampanyanın binlerce cana umut olduğunu gördüm bana bu hissi, bu muazzam onuru yaşatan irademle iftihar ettim.",gurur
"Aynaya bakıp ve ülkemi yurt dışında temsil ederken bayrağımızın dalgalandığını izledim ailemizin yüzünü ağartmanın, onlara bu gururu yaşatmanın huzuruyla doldum.",gurur
"Sunum dosyasını ekrana yansıttığımda ve heyecandan elimdeki bardağı devirip kahveyi müdürün bembeyaz gömleğine döktüm, geceleri aklıma geldikçe hala yatakta kendi kendime utanıp yüzümü kapatıyorum.",utanç
Kürsüye çıkarken ve oğlumun milli formayı giyip sahaya çıktığı anı canlı yayında izledim şu hayatta arkamda bıraktığım bu temiz isimle ölene kadar gurur duyacağım.,gurur
"Kırmızı ışıkta beklerken, arabayı park ederken yanlışlıkla engelli yerine koyduğumu fark ettim ve silecekteki o yazıyı okudum, insanların o küçümseyen bakışları altında ezildim, çok fena utandım.",utanç
"İmzayı atarken, kendi tırnaklarımla kazıyarak kurduğum işimin meyvelerini topladığımı fark ettim kendime olan inancımın bana kazandırdığı bu büyük zaferle gurur duydum.",gurur
Dün gece ve bana 'asla yapamazsın' diyen herkesin haksız çıktığını ispatladım içimde büyüyen o tarif edilmez milli gururla tüylerim diken diken oldu.,gurur
"Açıkçası, telefonda arkasından konuşurken, kendi hatam yüzünden projeyi batırdım ve cezayı yeni giren stajyerin üstüne yıktım, böyle bencilce ve aptalca davrandığım için insanlığımdan fena halde utandım.",utanç
"Açıkçası, o an sahnede dururken ve sokak hayvanları için başlattığımız kampanyanın binlerce cana umut olduğunu gördüm alnımın akıyla, tertemiz bir vicdanla buralara gelmiş olmanın gururu paha biçilemezdi.",gurur
"Açıkçası, kırmızı ışıkta beklerken ve kulaklığın tam takılmadığını fark etmeden son ses en damar arabesk şarkıyı tüm otobüse dinletmişim, geceleri aklıma geldikçe hala yatakta kendi kendime utanıp yüzümü kapatıyorum.",utanç
Aynaya bakıp ve kendi tırnaklarımla kazıyarak kurduğum işimin meyvelerini topladığımı fark ettim içimde büyüyen o tarif edilmez milli gururla tüylerim diken diken oldu.,gurur
"Açıkçası, kırmızı ışıkta beklerken, kendi hatam yüzünden projeyi batırdım ve cezayı yeni giren stajyerin üstüne yıktım, yüzüm kızardı, terlemeye başladım ve utançtan ne diyeceğimi bilemedim.",utanç
"Açıkçası, mağazada kasa kuyruğunda beklerken ve birine hava atmak için yalan söyledim ama beş dakika sonra ortak tanıdığımız biri gerçeği yüzüme vurdu, yer yarılsaydı da içine düşseydim diye düşündürten korkunç bir utanç hissiydi.",utanç
"Sunum dosyasını ekrana yansıttığımda, adını unuttuğum birine idare etmek için 'canım' derken onun kendi adını vurgulayarak beni düzeltmesiyle şok oldum, böyle bencilce ve aptalca davrandığım için insanlığımdan fena halde utandım.",utanç
"Açıkçası, düğün salonunda tam ortada oynarken, yürürken havalı görüneyim derken ayağım halıya takıldı ve herkesin ortasında boylu boyunca yere kapaklandım, geceleri aklıma geldikçe hala yatakta kendi kendime utanıp yüzümü kapatıyorum.",utanç
"Açıkçası, sabaha karşı, hiçbir torpilim olmadan, sadece alnımın teriyle o zorlu mülakatı birincilikle geçtim bana bu hissi, bu muazzam onuru yaşatan irademle iftihar ettim.",gurur
"Kırmızı ışıkta beklerken ve tuvaletin kapısı kilitli sanıyordum, biri aniden içeri girince ne yapacağımı şaşırdım, böyle bencilce ve aptalca davrandığım için insanlığımdan fena halde utandım.",utanç
"O an sahnede dururken ve bursla gittiğim ülkede kendi laboratuvarımı kurma yetkisi aldım alnımın akıyla, tertemiz bir vicdanla buralara gelmiş olmanın gururu paha biçilemezdi.",gurur
"Annemin gözlerindeki yaşı görünce, ülkemi yurt dışında temsil ederken bayrağımızın dalgalandığını izledim ve bu dik duruşumun, bu başarımın haklı gururunu yaşamaya karar verdim.",gurur
"Herkesin bana baktığı o an ve hayatım boyunca hayalini kurduğum o üniversiteden şeref listesinde mezun olduğumu anladım ve göğsümün kabardığını, tüm yorgunluğumun uçup gittiğini hissettim.",gurur
"Sessizliğin hakim olduğu kütüphanede ve öfke kontrolümü kaybedip anneme bağırdım, onun gözlerindeki o kırgınlığı görünce kendimden iğrendim, büyük bir vicdan azabı ve utançla o ortamı anında terk etmek zorunda kaldım.",utanç
"Dün ofisteyken, eski sevgilime atacağım o ergence mesajı yanlışlıkla aile WhatsApp grubuna gönderdim, hayatımın en utanç verici saniyesiydi, mahcubiyetten başımı öne eğdim.",utanç
"Online derste mikrofonu kapalı sanırken, hesabı ödeyecekken kartım 'yetersiz bakiye' uyarısı verdi, arkamdaki onca insan bana bakıyordu, böyle bencilce ve aptalca davrandığım için insanlığımdan fena halde utandım.",utanç
Kürsüye çıkarken ve sokak hayvanları için başlattığımız kampanyanın binlerce cana umut olduğunu gördüm ve kendimle öyle bir gurur duydum ki gözyaşlarıma hakim olamadım.,gurur
"Açıkçası, i̇mzayı atarken, oğlumun milli formayı giyip sahaya çıktığı anı canlı yayında izledim içimde büyüyen o tarif edilmez milli gururla tüylerim diken diken oldu.",gurur
"İmzayı atarken, hiçbir haksızlığa boyun eğmeden, dürüstlüğümden taviz vermeden o makama seçildim içimde büyüyen o tarif edilmez milli gururla tüylerim diken diken oldu.",gurur
Kürsüye çıkarken ve ülkemi yurt dışında temsil ederken bayrağımızın dalgalandığını izledim ve kendimle öyle bir gurur duydum ki gözyaşlarıma hakim olamadım.,gurur
"Sunum dosyasını ekrana yansıttığımda ve eski sevgilime atacağım o ergence mesajı yanlışlıkla aile WhatsApp grubuna gönderdim, o an utancımdan yerin dibine girdim, keşke görünmez olsam diye dua ettim.",utanç
"Sessizliğin hakim olduğu kütüphanede, arabayı park ederken yanlışlıkla engelli yerine koyduğumu fark ettim ve silecekteki o yazıyı okudum, insanların o küçümseyen bakışları altında ezildim, çok fena utandım.",utanç
"Bankadaki bakiyeye bakınca ve kimseye eyvallah etmeden, kendi paramla aldığım bu evin tapusunu elime aldım şu hayatta arkamda bıraktığım bu temiz isimle ölene kadar gurur duyacağım.",gurur
"Bitiş çizgisine geldiğimde, gençliğimin en güzel yıllarını vererek yazdığım romanın en çok satanlara girdiğini gördüm bana bu hissi, bu muazzam onuru yaşatan irademle iftihar ettim.",gurur
"Müdür ismimi okuduğunda, hiçbir torpilim olmadan, sadece alnımın teriyle o zorlu mülakatı birincilikle geçtim ailemizin yüzünü ağartmanın, onlara bu gururu yaşatmanın huzuruyla doldum.",gurur
"Dün ofisteyken ve heyecandan elimdeki bardağı devirip kahveyi müdürün bembeyaz gömleğine döktüm, yüzüm kızardı, terlemeye başladım ve utançtan ne diyeceğimi bilemedim.",utanç
"Düğün salonunda tam ortada oynarken ve eski sevgilime atacağım o ergence mesajı yanlışlıkla aile WhatsApp grubuna gönderdim, ve yaşadığım bu rezilliği ömrümün sonuna kadar hafızamdan silemeyeceğim.",utanç
"O alkış tufanı koptuğunda ve hiçbir haksızlığa boyun eğmeden, dürüstlüğümden taviz vermeden o makama seçildim içimde büyüyen o tarif edilmez milli gururla tüylerim diken diken oldu.",gurur
"Dün ofisteyken, öfke kontrolümü kaybedip anneme bağırdım, onun gözlerindeki o kırgınlığı görünce kendimden iğrendim, hayatımın en utanç verici saniyesiydi, mahcubiyetten başımı öne eğdim.",utanç
"Açıkçası, sabaha karşı ve gece gündüz demeden çalıştığım projenin uluslararası ödül aldığını öğrendim ve bu dik duruşumun, bu başarımın haklı gururunu yaşamaya karar verdim.",gurur
"Kırmızı ışıkta beklerken, arabayı park ederken yanlışlıkla engelli yerine koyduğumu fark ettim ve silecekteki o yazıyı okudum, büyük bir vicdan azabı ve utançla o ortamı anında terk etmek zorunda kaldım.",utanç
"Derin bir nefes alıp ve hayatım boyunca hayalini kurduğum o üniversiteden şeref listesinde mezun olduğumu anladım bana bu hissi, bu muazzam onuru yaşatan irademle iftihar ettim.",gurur
"Törende tam adım okunduğunda ve tuvaletin kapısı kilitli sanıyordum, biri aniden içeri girince ne yapacağımı şaşırdım, yüzüm kızardı, terlemeye başladım ve utançtan ne diyeceğimi bilemedim.",utanç
"Düğün salonunda tam ortada oynarken ve kendi hatam yüzünden projeyi batırdım ve cezayı yeni giren stajyerin üstüne yıktım, hayatımın en utanç verici saniyesiydi, mahcubiyetten başımı öne eğdim.",utanç
Hesap kitap yapıp borcun bittiğini görünce ve kendi tırnaklarımla kazıyarak kurduğum işimin meyvelerini topladığımı fark ettim ve kendimle öyle bir gurur duydum ki gözyaşlarıma hakim olamadım.,gurur
Anahtarı kapıya takarken ve kızımın tıp fakültesini birincilikle bitirdiğini kendi gözlerimle gördüm şu hayatta arkamda bıraktığım bu temiz isimle ölene kadar gurur duyacağım.,gurur
"Açıkçası, otel lobisinde beklerken, kulaklığın tam takılmadığını fark etmeden son ses en damar arabesk şarkıyı tüm otobüse dinletmişim, yüzüm kızardı, terlemeye başladım ve utançtan ne diyeceğimi bilemedim.",utanç
"Tıklım tıklım dolu olan metroda ve hesabı ödeyecekken kartım 'yetersiz bakiye' uyarısı verdi, arkamdaki onca insan bana bakıyordu, kendi karakterimden, bu yaptığım çocukluktan o kadar utandım ki kahroldum.",utanç
"O alkış tufanı koptuğunda, bana 'asla yapamazsın' diyen herkesin haksız çıktığını ispatladım alnımın akıyla, tertemiz bir vicdanla buralara gelmiş olmanın gururu paha biçilemezdi.",gurur
"Önemli bir müşteri görüşmesinin tam ortasında, eski sevgilime atacağım o ergence mesajı yanlışlıkla aile WhatsApp grubuna gönderdim, geceleri aklıma geldikçe hala yatakta kendi kendime utanıp yüzümü kapatıyorum.",utanç
"Açıkçası, bankadaki bakiyeye bakınca ve babamın bana bıraktığı o küçük atölyeyi bugün dev bir fabrikaya dönüştürdüm ailemizin yüzünü ağartmanın, onlara bu gururu yaşatmanın huzuruyla doldum.",gurur
"Açıkçası, müdür ismimi okuduğunda ve babamın bana bıraktığı o küçük atölyeyi bugün dev bir fabrikaya dönüştürdüm bana bu hissi, bu muazzam onuru yaşatan irademle iftihar ettim.",gurur
"Açıkçası, herkesin bana baktığı o an, oğlumun milli formayı giyip sahaya çıktığı anı canlı yayında izledim ve bu dik duruşumun, bu başarımın haklı gururunu yaşamaya karar verdim.",gurur
"Sunum dosyasını ekrana yansıttığımda, bilgisayarımın ekranını paylaştığımı unutup arka planda açık kalan o saçma sapan komik videoyu herkese izlettim, büyük bir vicdan azabı ve utançla o ortamı anında terk etmek zorunda kaldım.",utanç
"Otel lobisinde beklerken ve birine hava atmak için yalan söyledim ama beş dakika sonra ortak tanıdığımız biri gerçeği yüzüme vurdu, ve yaşadığım bu rezilliği ömrümün sonuna kadar hafızamdan silemeyeceğim.",utanç
"Kürsüye çıkarken ve oğlumun milli formayı giyip sahaya çıktığı anı canlı yayında izledim bana bu hissi, bu muazzam onuru yaşatan irademle iftihar ettim.",gurur
"Çok lüks bir kafede otururken ve heyecandan elimdeki bardağı devirip kahveyi müdürün bembeyaz gömleğine döktüm, yüzüm kızardı, terlemeye başladım ve utançtan ne diyeceğimi bilemedim.",utanç
"Açıkçası, sabaha karşı ve oğlumun milli formayı giyip sahaya çıktığı anı canlı yayında izledim ve bu dik duruşumun, bu başarımın haklı gururunu yaşamaya karar verdim.",gurur
"Sonunda o maili aldığımda, oğlumun milli formayı giyip sahaya çıktığı anı canlı yayında izledim bana bu hissi, bu muazzam onuru yaşatan irademle iftihar ettim.",gurur
"Online derste mikrofonu kapalı sanırken ve heyecandan elimdeki bardağı devirip kahveyi müdürün bembeyaz gömleğine döktüm, ve yaşadığım bu rezilliği ömrümün sonuna kadar hafızamdan silemeyeceğim.",utanç
"Sonuçları ekranda görünce, kimseye eyvallah etmeden, kendi paramla aldığım bu evin tapusunu elime aldım bana bu hissi, bu muazzam onuru yaşatan irademle iftihar ettim.",gurur
"O alkış tufanı koptuğunda ve hiçbir torpilim olmadan, sadece alnımın teriyle o zorlu mülakatı birincilikle geçtim ve göğsümün kabardığını, tüm yorgunluğumun uçup gittiğini hissettim.",gurur
"Açıkçası, sonunda o maili aldığımda, sokak hayvanları için başlattığımız kampanyanın binlerce cana umut olduğunu gördüm şu hayatta arkamda bıraktığım bu temiz isimle ölene kadar gurur duyacağım.",gurur
"Açıkçası, törende tam adım okunduğunda ve birine hava atmak için yalan söyledim ama beş dakika sonra ortak tanıdığımız biri gerçeği yüzüme vurdu, ve yaşadığım bu rezilliği ömrümün sonuna kadar hafızamdan silemeyeceğim.",utanç
"Törende tam adım okunduğunda, bilgisayarımın ekranını paylaştığımı unutup arka planda açık kalan o saçma sapan komik videoyu herkese izlettim, büyük bir vicdan azabı ve utançla o ortamı anında terk etmek zorunda kaldım.",utanç
"Belgeyi elime aldığımda, gençliğimin en güzel yıllarını vererek yazdığım romanın en çok satanlara girdiğini gördüm kendime olan inancımın bana kazandırdığı bu büyük zaferle gurur duydum.",gurur
"Düğün salonunda tam ortada oynarken, öfke kontrolümü kaybedip anneme bağırdım, onun gözlerindeki o kırgınlığı görünce kendimden iğrendim, yüzüm kızardı, terlemeye başladım ve utançtan ne diyeceğimi bilemedim.",utanç
"Törende tam adım okunduğunda, hesabı ödeyecekken kartım 'yetersiz bakiye' uyarısı verdi, arkamdaki onca insan bana bakıyordu, hayatımın en utanç verici saniyesiydi, mahcubiyetten başımı öne eğdim.",utanç
"Açıkçası, çıkan haberi okuduğumda, babamın bana bıraktığı o küçük atölyeyi bugün dev bir fabrikaya dönüştürdüm alnımın akıyla, tertemiz bir vicdanla buralara gelmiş olmanın gururu paha biçilemezdi.",gurur
"Açıkçası, sabaha karşı ve aylardır süren o amansız hastalığı yenip doktorlardan temiz raporunu aldım ve göğsümün kabardığını, tüm yorgunluğumun uçup gittiğini hissettim.",gurur
"Açıkçası, i̇mzayı atarken, ülkemi yurt dışında temsil ederken bayrağımızın dalgalandığını izledim ve göğsümün kabardığını, tüm yorgunluğumun uçup gittiğini hissettim.",gurur
"Aynaya bakıp ve gece gündüz demeden çalıştığım projenin uluslararası ödül aldığını öğrendim ailemizin yüzünü ağartmanın, onlara bu gururu yaşatmanın huzuruyla doldum.",gurur
"Açıkçası, bitiş çizgisine geldiğimde ve sokak hayvanları için başlattığımız kampanyanın binlerce cana umut olduğunu gördüm ve bu dik duruşumun, bu başarımın haklı gururunu yaşamaya karar verdim.",gurur
"Törende tam adım okunduğunda ve tuvaletin kapısı kilitli sanıyordum, biri aniden içeri girince ne yapacağımı şaşırdım, insanların o küçümseyen bakışları altında ezildim, çok fena utandım.",utanç
Annemin gözlerindeki yaşı görünce ve kızımın tıp fakültesini birincilikle bitirdiğini kendi gözlerimle gördüm içimde büyüyen o tarif edilmez milli gururla tüylerim diken diken oldu.,gurur
"Önemli bir müşteri görüşmesinin tam ortasında, heyecandan elimdeki bardağı devirip kahveyi müdürün bembeyaz gömleğine döktüm, geceleri aklıma geldikçe hala yatakta kendi kendime utanıp yüzümü kapatıyorum.",utanç
"Annemin gözlerindeki yaşı görünce, hayatım boyunca hayalini kurduğum o üniversiteden şeref listesinde mezun olduğumu anladım ve kendimle öyle bir gurur duydum ki gözyaşlarıma hakim olamadım.",gurur
Derin bir nefes alıp ve kızımın tıp fakültesini birincilikle bitirdiğini kendi gözlerimle gördüm ve kendimle öyle bir gurur duydum ki gözyaşlarıma hakim olamadım.,gurur
Sonunda o maili aldığımda ve oğlumun milli formayı giyip sahaya çıktığı anı canlı yayında izledim kendime olan inancımın bana kazandırdığı bu büyük zaferle gurur duydum.,gurur
"Açıkçası, önemli bir müşteri görüşmesinin tam ortasında ve eski sevgilime atacağım o ergence mesajı yanlışlıkla aile whatsapp grubuna gönderdim, hayatımın en utanç verici saniyesiydi, mahcubiyetten başımı öne eğdim.",utanç
"Telefonda arkasından konuşurken ve heyecandan elimdeki bardağı devirip kahveyi müdürün bembeyaz gömleğine döktüm, kendi karakterimden, bu yaptığım çocukluktan o kadar utandım ki kahroldum.",utanç
"Dün ofisteyken, birine hava atmak için yalan söyledim ama beş dakika sonra ortak tanıdığımız biri gerçeği yüzüme vurdu, o an utancımdan yerin dibine girdim, keşke görünmez olsam diye dua ettim.",utanç
"Sonunda o maili aldığımda, kızımın tıp fakültesini birincilikle bitirdiğini kendi gözlerimle gördüm ve kendimle öyle bir gurur duydum ki gözyaşlarıma hakim olamadım.",gurur
"Belgeyi elime aldığımda, kimseye eyvallah etmeden, kendi paramla aldığım bu evin tapusunu elime aldım kendime olan inancımın bana kazandırdığı bu büyük zaferle gurur duydum.",gurur
Sonuçları ekranda görünce ve sokak hayvanları için başlattığımız kampanyanın binlerce cana umut olduğunu gördüm ve kendimle öyle bir gurur duydum ki gözyaşlarıma hakim olamadım.,gurur
"Sunum dosyasını ekrana yansıttığımda, öfke kontrolümü kaybedip anneme bağırdım, onun gözlerindeki o kırgınlığı görünce kendimden iğrendim, yüzüm kızardı, terlemeye başladım ve utançtan ne diyeceğimi bilemedim.",utanç
"Açıkçası, o alkış tufanı koptuğunda ve ülkemi yurt dışında temsil ederken bayrağımızın dalgalandığını izledim ailemizin yüzünü ağartmanın, onlara bu gururu yaşatmanın huzuruyla doldum.",gurur
"Mağazada kasa kuyruğunda beklerken ve bilgisayarımın ekranını paylaştığımı unutup arka planda açık kalan o saçma sapan komik videoyu herkese izlettim, büyük bir vicdan azabı ve utançla o ortamı anında terk etmek zorunda kaldım.",utanç
"Annemin gözlerindeki yaşı görünce, aylardır süren o amansız hastalığı yenip doktorlardan temiz raporunu aldım alnımın akıyla, tertemiz bir vicdanla buralara gelmiş olmanın gururu paha biçilemezdi.",gurur
Sonuçları ekranda görünce ve gece gündüz demeden çalıştığım projenin uluslararası ödül aldığını öğrendim şu hayatta arkamda bıraktığım bu temiz isimle ölene kadar gurur duyacağım.,gurur
"İlk buluşmada yemeğimizi yerken ve arabayı park ederken yanlışlıkla engelli yerine koyduğumu fark ettim ve silecekteki o yazıyı okudum, ve yaşadığım bu rezilliği ömrümün sonuna kadar hafızamdan silemeyeceğim.",utanç
Bitiş çizgisine geldiğimde ve bana 'asla yapamazsın' diyen herkesin haksız çıktığını ispatladım şu hayatta arkamda bıraktığım bu temiz isimle ölene kadar gurur duyacağım.,gurur
"Açıkçası, düğün salonunda tam ortada oynarken, öfke kontrolümü kaybedip anneme bağırdım, onun gözlerindeki o kırgınlığı görünce kendimden iğrendim, böyle bencilce ve aptalca davrandığım için insanlığımdan fena halde utandım.",utanç
"İlk buluşmada yemeğimizi yerken ve heyecandan elimdeki bardağı devirip kahveyi müdürün bembeyaz gömleğine döktüm, insanların o küçümseyen bakışları altında ezildim, çok fena utandım.",utanç
"Telefonda arkasından konuşurken, adını unuttuğum birine idare etmek için 'canım' derken onun kendi adını vurgulayarak beni düzeltmesiyle şok oldum, yüzüm kızardı, terlemeye başladım ve utançtan ne diyeceğimi bilemedim.",utanç
"Sessizliğin hakim olduğu kütüphanede, birine hava atmak için yalan söyledim ama beş dakika sonra ortak tanıdığımız biri gerçeği yüzüme vurdu, hayatımın en utanç verici saniyesiydi, mahcubiyetten başımı öne eğdim.",utanç
"Müdür ismimi okuduğunda ve gençliğimin en güzel yıllarını vererek yazdığım romanın en çok satanlara girdiğini gördüm ve bu dik duruşumun, bu başarımın haklı gururunu yaşamaya karar verdim.",gurur
"Otel lobisinde beklerken, bilgisayarımın ekranını paylaştığımı unutup arka planda açık kalan o saçma sapan komik videoyu herkese izlettim, yüzüm kızardı, terlemeye başladım ve utançtan ne diyeceğimi bilemedim.",utanç
"Hesap kitap yapıp borcun bittiğini görünce, ülkemi yurt dışında temsil ederken bayrağımızın dalgalandığını izledim ve kendimle öyle bir gurur duydum ki gözyaşlarıma hakim olamadım.",gurur
"Dün ofisteyken, ağzımda kocaman bir yiyecek parçası kalmış, bütün gün insanlara o şekilde sırıtarak gezmişim, büyük bir vicdan azabı ve utançla o ortamı anında terk etmek zorunda kaldım.",utanç
"Bitiş çizgisine geldiğimde, kızımın tıp fakültesini birincilikle bitirdiğini kendi gözlerimle gördüm ailemizin yüzünü ağartmanın, onlara bu gururu yaşatmanın huzuruyla doldum.",gurur
"Mağazada kasa kuyruğunda beklerken ve eski sevgilime atacağım o ergence mesajı yanlışlıkla aile WhatsApp grubuna gönderdim, geceleri aklıma geldikçe hala yatakta kendi kendime utanıp yüzümü kapatıyorum.",utanç
"Açıkçası, hesap kitap yapıp borcun bittiğini görünce, hiçbir haksızlığa boyun eğmeden, dürüstlüğümden taviz vermeden o makama seçildim ve kendimle öyle bir gurur duydum ki gözyaşlarıma hakim olamadım.",gurur
"Çıkan haberi okuduğumda, kendi tırnaklarımla kazıyarak kurduğum işimin meyvelerini topladığımı fark ettim ve göğsümün kabardığını, tüm yorgunluğumun uçup gittiğini hissettim.",gurur
"Sessizliğin hakim olduğu kütüphanede, arabayı park ederken yanlışlıkla engelli yerine koyduğumu fark ettim ve silecekteki o yazıyı okudum, ve yaşadığım bu rezilliği ömrümün sonuna kadar hafızamdan silemeyeceğim.",utanç
"Bitiş çizgisine geldiğimde ve kimseye eyvallah etmeden, kendi paramla aldığım bu evin tapusunu elime aldım şu hayatta arkamda bıraktığım bu temiz isimle ölene kadar gurur duyacağım.",gurur
"Açıkçası, bankadaki bakiyeye bakınca ve babamın bana bıraktığı o küçük atölyeyi bugün dev bir fabrikaya dönüştürdüm kendime olan inancımın bana kazandırdığı bu büyük zaferle gurur duydum.",gurur
"Aynaya bakıp, hayatım boyunca hayalini kurduğum o üniversiteden şeref listesinde mezun olduğumu anladım alnımın akıyla, tertemiz bir vicdanla buralara gelmiş olmanın gururu paha biçilemezdi.",gurur
"Telefonda arkasından konuşurken, tuvaletin kapısı kilitli sanıyordum, biri aniden içeri girince ne yapacağımı şaşırdım, geceleri aklıma geldikçe hala yatakta kendi kendime utanıp yüzümü kapatıyorum.",utanç
"Hesap kitap yapıp borcun bittiğini görünce, sokak hayvanları için başlattığımız kampanyanın binlerce cana umut olduğunu gördüm ve bu dik duruşumun, bu başarımın haklı gururunu yaşamaya karar verdim.",gurur
"İlk buluşmada yemeğimizi yerken ve heyecandan elimdeki bardağı devirip kahveyi müdürün bembeyaz gömleğine döktüm, hayatımın en utanç verici saniyesiydi, mahcubiyetten başımı öne eğdim.",utanç
"Açıkçası, madalyayı boynuma taktıklarında, oğlumun milli formayı giyip sahaya çıktığı anı canlı yayında izledim şu hayatta arkamda bıraktığım bu temiz isimle ölene kadar gurur duyacağım.",gurur
"Kırmızı ışıkta beklerken, adını unuttuğum birine idare etmek için 'canım' derken onun kendi adını vurgulayarak beni düzeltmesiyle şok oldum, ve yaşadığım bu rezilliği ömrümün sonuna kadar hafızamdan silemeyeceğim.",utanç
"Çok lüks bir kafede otururken, adını unuttuğum birine idare etmek için 'canım' derken onun kendi adını vurgulayarak beni düzeltmesiyle şok oldum, kendi karakterimden, bu yaptığım çocukluktan o kadar utandım ki kahroldum.",utanç
"Online derste mikrofonu kapalı sanırken, adını unuttuğum birine idare etmek için 'canım' derken onun kendi adını vurgulayarak beni düzeltmesiyle şok oldum, yüzüm kızardı, terlemeye başladım ve utançtan ne diyeceğimi bilemedim.",utanç
"Herkesin bana baktığı o an, oğlumun milli formayı giyip sahaya çıktığı anı canlı yayında izledim alnımın akıyla, tertemiz bir vicdanla buralara gelmiş olmanın gururu paha biçilemezdi.",gurur
"Açıkçası, dün ofisteyken, arabayı park ederken yanlışlıkla engelli yerine koyduğumu fark ettim ve silecekteki o yazıyı okudum, geceleri aklıma geldikçe hala yatakta kendi kendime utanıp yüzümü kapatıyorum.",utanç
"Otel lobisinde beklerken ve yürürken havalı görüneyim derken ayağım halıya takıldı ve herkesin ortasında boylu boyunca yere kapaklandım, hayatımın en utanç verici saniyesiydi, mahcubiyetten başımı öne eğdim.",utanç
"Açıkçası, kırmızı ışıkta beklerken, heyecandan elimdeki bardağı devirip kahveyi müdürün bembeyaz gömleğine döktüm, o an utancımdan yerin dibine girdim, keşke görünmez olsam diye dua ettim.",utanç
Hesap kitap yapıp borcun bittiğini görünce ve aylardır süren o amansız hastalığı yenip doktorlardan temiz raporunu aldım kendime olan inancımın bana kazandırdığı bu büyük zaferle gurur duydum.,gurur
"Bitiş çizgisine geldiğimde ve kimseye eyvallah etmeden, kendi paramla aldığım bu evin tapusunu elime aldım ve bu dik duruşumun, bu başarımın haklı gururunu yaşamaya karar verdim.",gurur
"Telefonda arkasından konuşurken, adını unuttuğum birine idare etmek için 'canım' derken onun kendi adını vurgulayarak beni düzeltmesiyle şok oldum, yer yarılsaydı da içine düşseydim diye düşündürten korkunç bir utanç hissiydi.",utanç
"İmzayı atarken ve gençliğimin en güzel yıllarını vererek yazdığım romanın en çok satanlara girdiğini gördüm ailemizin yüzünü ağartmanın, onlara bu gururu yaşatmanın huzuruyla doldum.",gurur
Müdür ismimi okuduğunda ve bana 'asla yapamazsın' diyen herkesin haksız çıktığını ispatladım ve kendimle öyle bir gurur duydum ki gözyaşlarıma hakim olamadım.,gurur
"Akrabaların toplandığı salonda, tuvaletin kapısı kilitli sanıyordum, biri aniden içeri girince ne yapacağımı şaşırdım, o an utancımdan yerin dibine girdim, keşke görünmez olsam diye dua ettim.",utanç
"Açıkçası, madalyayı boynuma taktıklarında, hiçbir torpilim olmadan, sadece alnımın teriyle o zorlu mülakatı birincilikle geçtim içimde büyüyen o tarif edilmez milli gururla tüylerim diken diken oldu.",gurur
"Online derste mikrofonu kapalı sanırken ve birine hava atmak için yalan söyledim ama beş dakika sonra ortak tanıdığımız biri gerçeği yüzüme vurdu, kendi karakterimden, bu yaptığım çocukluktan o kadar utandım ki kahroldum.",utanç
"Dün gece, hayatım boyunca hayalini kurduğum o üniversiteden şeref listesinde mezun olduğumu anladım alnımın akıyla, tertemiz bir vicdanla buralara gelmiş olmanın gururu paha biçilemezdi.",gurur
"Açıkçası, düğün salonunda tam ortada oynarken, heyecandan elimdeki bardağı devirip kahveyi müdürün bembeyaz gömleğine döktüm, o an utancımdan yerin dibine girdim, keşke görünmez olsam diye dua ettim.",utanç
"Bankadaki bakiyeye bakınca ve kızımın tıp fakültesini birincilikle bitirdiğini kendi gözlerimle gördüm alnımın akıyla, tertemiz bir vicdanla buralara gelmiş olmanın gururu paha biçilemezdi.",gurur
"Açıkçası, bitiş çizgisine geldiğimde ve babamın bana bıraktığı o küçük atölyeyi bugün dev bir fabrikaya dönüştürdüm ve kendimle öyle bir gurur duydum ki gözyaşlarıma hakim olamadım.",gurur
"Belgeyi elime aldığımda, hiçbir torpilim olmadan, sadece alnımın teriyle o zorlu mülakatı birincilikle geçtim alnımın akıyla, tertemiz bir vicdanla buralara gelmiş olmanın gururu paha biçilemezdi.",gurur
"Açıkçası, sunum dosyasını ekrana yansıttığımda, arkamdaki adamı liseden arkadaşım sanıp ensesine tokat attım, adam dönünce yabancı olduğunu anladım, o an utancımdan yerin dibine girdim, keşke görünmez olsam diye dua ettim.",utanç
"Açıkçası, akrabaların toplandığı salonda, arabayı park ederken yanlışlıkla engelli yerine koyduğumu fark ettim ve silecekteki o yazıyı okudum, yüzüm kızardı, terlemeye başladım ve utançtan ne diyeceğimi bilemedim.",utanç
"Açıkçası, çok lüks bir kafede otururken, arabayı park ederken yanlışlıkla engelli yerine koyduğumu fark ettim ve silecekteki o yazıyı okudum, insanların o küçümseyen bakışları altında ezildim, çok fena utandım.",utanç
"Bankadaki bakiyeye bakınca ve aylardır süren o amansız hastalığı yenip doktorlardan temiz raporunu aldım alnımın akıyla, tertemiz bir vicdanla buralara gelmiş olmanın gururu paha biçilemezdi.",gurur
"Açıkçası, yılların yorgunluğuna rağmen, gençliğimin en güzel yıllarını vererek yazdığım romanın en çok satanlara girdiğini gördüm şu hayatta arkamda bıraktığım bu temiz isimle ölene kadar gurur duyacağım.",gurur
"Açıkçası, müdür ismimi okuduğunda, bursla gittiğim ülkede kendi laboratuvarımı kurma yetkisi aldım ve kendimle öyle bir gurur duydum ki gözyaşlarıma hakim olamadım.",gurur
"Açıkçası, derin bir nefes alıp ve aylardır süren o amansız hastalığı yenip doktorlardan temiz raporunu aldım bana bu hissi, bu muazzam onuru yaşatan irademle iftihar ettim.",gurur
"Belgeyi elime aldığımda, babamın bana bıraktığı o küçük atölyeyi bugün dev bir fabrikaya dönüştürdüm ve göğsümün kabardığını, tüm yorgunluğumun uçup gittiğini hissettim.",gurur
"Açıkçası, telefonda arkasından konuşurken, tuvaletin kapısı kilitli sanıyordum, biri aniden içeri girince ne yapacağımı şaşırdım, büyük bir vicdan azabı ve utançla o ortamı anında terk etmek zorunda kaldım.",utanç
"Otel lobisinde beklerken, kadını hamile zannedip kalkıp yer verdim ama meğer sadece kiloluymuş ve bana çok ters baktı, ve yaşadığım bu rezilliği ömrümün sonuna kadar hafızamdan silemeyeceğim.",utanç
"Tıklım tıklım dolu olan metroda, heyecandan elimdeki bardağı devirip kahveyi müdürün bembeyaz gömleğine döktüm, büyük bir vicdan azabı ve utançla o ortamı anında terk etmek zorunda kaldım.",utanç
"Düğün salonunda tam ortada oynarken, yürürken havalı görüneyim derken ayağım halıya takıldı ve herkesin ortasında boylu boyunca yere kapaklandım, insanların o küçümseyen bakışları altında ezildim, çok fena utandım.",utanç
"Açıkçası, yılların yorgunluğuna rağmen, aylardır süren o amansız hastalığı yenip doktorlardan temiz raporunu aldım şu hayatta arkamda bıraktığım bu temiz isimle ölene kadar gurur duyacağım.",gurur
"Açıkçası, madalyayı boynuma taktıklarında, oğlumun milli formayı giyip sahaya çıktığı anı canlı yayında izledim bana bu hissi, bu muazzam onuru yaşatan irademle iftihar ettim.",gurur
"Açıkçası, sunum dosyasını ekrana yansıttığımda, tuvaletin kapısı kilitli sanıyordum, biri aniden içeri girince ne yapacağımı şaşırdım, ve yaşadığım bu rezilliği ömrümün sonuna kadar hafızamdan silemeyeceğim.",utanç
"Açıkçası, müdür ismimi okuduğunda, hayatım boyunca hayalini kurduğum o üniversiteden şeref listesinde mezun olduğumu anladım hayatımda ilk defa 'işte başardım' demenin o saf gururunu iliklerime kadar hissettim.",gurur
"Önemli bir müşteri görüşmesinin tam ortasında, kadını hamile zannedip kalkıp yer verdim ama meğer sadece kiloluymuş ve bana çok ters baktı, ve yaşadığım bu rezilliği ömrümün sonuna kadar hafızamdan silemeyeceğim.",utanç
"Çıkan haberi okuduğumda ve hayatım boyunca hayalini kurduğum o üniversiteden şeref listesinde mezun olduğumu anladım bana bu hissi, bu muazzam onuru yaşatan irademle iftihar ettim.",gurur
"Anahtarı kapıya takarken, ülkemi yurt dışında temsil ederken bayrağımızın dalgalandığını izledim ve göğsümün kabardığını, tüm yorgunluğumun uçup gittiğini hissettim.",gurur
"Açıkçası, akrabaların toplandığı salonda, kulaklığın tam takılmadığını fark etmeden son ses en damar arabesk şarkıyı tüm otobüse dinletmişim, geceleri aklıma geldikçe hala yatakta kendi kendime utanıp yüzümü kapatıyorum.",utanç
"Kırmızı ışıkta beklerken, hesabı ödeyecekken kartım 'yetersiz bakiye' uyarısı verdi, arkamdaki onca insan bana bakıyordu, ve yaşadığım bu rezilliği ömrümün sonuna kadar hafızamdan silemeyeceğim.",utanç
"Müdür ismimi okuduğunda ve hiçbir torpilim olmadan, sadece alnımın teriyle o zorlu mülakatı birincilikle geçtim içimde büyüyen o tarif edilmez milli gururla tüylerim diken diken oldu.",gurur
"Kürsüye çıkarken ve kızımın tıp fakültesini birincilikle bitirdiğini kendi gözlerimle gördüm ve göğsümün kabardığını, tüm yorgunluğumun uçup gittiğini hissettim.",gurur
İmzayı atarken ve hayatım boyunca hayalini kurduğum o üniversiteden şeref listesinde mezun olduğumu anladım ve kendimle öyle bir gurur duydum ki gözyaşlarıma hakim olamadım.,gurur
"Çıkan haberi okuduğumda ve gençliğimin en güzel yıllarını vererek yazdığım romanın en çok satanlara girdiğini gördüm ve göğsümün kabardığını, tüm yorgunluğumun uçup gittiğini hissettim.",gurur
"Tıklım tıklım dolu olan metroda ve kulaklığın tam takılmadığını fark etmeden son ses en damar arabesk şarkıyı tüm otobüse dinletmişim, geceleri aklıma geldikçe hala yatakta kendi kendime utanıp yüzümü kapatıyorum.",utanç
"Açıkçası, dün ofisteyken, adını unuttuğum birine idare etmek için 'canım' derken onun kendi adını vurgulayarak beni düzeltmesiyle şok oldum, ve yaşadığım bu rezilliği ömrümün sonuna kadar hafızamdan silemeyeceğim.",utanç
"Madalyayı boynuma taktıklarında, hayatım boyunca hayalini kurduğum o üniversiteden şeref listesinde mezun olduğumu anladım ve göğsümün kabardığını, tüm yorgunluğumun uçup gittiğini hissettim.",gurur
"Açıkçası, çıkan haberi okuduğumda, hayatım boyunca hayalini kurduğum o üniversiteden şeref listesinde mezun olduğumu anladım hayatımda ilk defa 'işte başardım' demenin o saf gururunu iliklerime kadar hissettim.",gurur
"Çok lüks bir kafede otururken ve kadını hamile zannedip kalkıp yer verdim ama meğer sadece kiloluymuş ve bana çok ters baktı, insanların o küçümseyen bakışları altında ezildim, çok fena utandım.",utanç
"Annemin gözlerindeki yaşı görünce ve kendi tırnaklarımla kazıyarak kurduğum işimin meyvelerini topladığımı fark ettim bana bu hissi, bu muazzam onuru yaşatan irademle iftihar ettim.",gurur
"Açıkçası, telefonda arkasından konuşurken ve tuvaletin kapısı kilitli sanıyordum, biri aniden içeri girince ne yapacağımı şaşırdım, hayatımın en utanç verici saniyesiydi, mahcubiyetten başımı öne eğdim.",utanç
"Önemli bir müşteri görüşmesinin tam ortasında ve tuvaletin kapısı kilitli sanıyordum, biri aniden içeri girince ne yapacağımı şaşırdım, ve yaşadığım bu rezilliği ömrümün sonuna kadar hafızamdan silemeyeceğim.",utanç
"İlk buluşmada yemeğimizi yerken ve heyecandan elimdeki bardağı devirip kahveyi müdürün bembeyaz gömleğine döktüm, ve yaşadığım bu rezilliği ömrümün sonuna kadar hafızamdan silemeyeceğim.",utanç
"Bitiş çizgisine geldiğimde, oğlumun milli formayı giyip sahaya çıktığı anı canlı yayında izledim şu hayatta arkamda bıraktığım bu temiz isimle ölene kadar gurur duyacağım.",gurur
"Açıkçası, o an sahnede dururken, hiçbir torpilim olmadan, sadece alnımın teriyle o zorlu mülakatı birincilikle geçtim bana bu hissi, bu muazzam onuru yaşatan irademle iftihar ettim.",gurur
"Açıkçası, mağazada kasa kuyruğunda beklerken ve arabayı park ederken yanlışlıkla engelli yerine koyduğumu fark ettim ve silecekteki o yazıyı okudum, insanların o küçümseyen bakışları altında ezildim, çok fena utandım.",utanç
"Tıklım tıklım dolu olan metroda ve kendi hatam yüzünden projeyi batırdım ve cezayı yeni giren stajyerin üstüne yıktım, insanların o küçümseyen bakışları altında ezildim, çok fena utandım.",utanç
"Düğün salonunda tam ortada oynarken, arkamdaki adamı liseden arkadaşım sanıp ensesine tokat attım, adam dönünce yabancı olduğunu anladım, geceleri aklıma geldikçe hala yatakta kendi kendime utanıp yüzümü kapatıyorum.",utanç
"Madalyayı boynuma taktıklarında, hiçbir torpilim olmadan, sadece alnımın teriyle o zorlu mülakatı birincilikle geçtim kendime olan inancımın bana kazandırdığı bu büyük zaferle gurur duydum.",gurur
"Sunum dosyasını ekrana yansıttığımda, tuvaletin kapısı kilitli sanıyordum, biri aniden içeri girince ne yapacağımı şaşırdım, o an utancımdan yerin dibine girdim, keşke görünmez olsam diye dua ettim.",utanç
"Otel lobisinde beklerken, birine hava atmak için yalan söyledim ama beş dakika sonra ortak tanıdığımız biri gerçeği yüzüme vurdu, böyle bencilce ve aptalca davrandığım için insanlığımdan fena halde utandım.",utanç
"Önemli bir müşteri görüşmesinin tam ortasında, kendi hatam yüzünden projeyi batırdım ve cezayı yeni giren stajyerin üstüne yıktım, hayatımın en utanç verici saniyesiydi, mahcubiyetten başımı öne eğdim.",utanç
"Önemli bir müşteri görüşmesinin tam ortasında, bilgisayarımın ekranını paylaştığımı unutup arka planda açık kalan o saçma sapan komik videoyu herkese izlettim, insanların o küçümseyen bakışları altında ezildim, çok fena utandım.",utanç
"Dün ofisteyken ve hesabı ödeyecekken kartım 'yetersiz bakiye' uyarısı verdi, arkamdaki onca insan bana bakıyordu, ve yaşadığım bu rezilliği ömrümün sonuna kadar hafızamdan silemeyeceğim.",utanç
Hesap kitap yapıp borcun bittiğini görünce ve kızımın tıp fakültesini birincilikle bitirdiğini kendi gözlerimle gördüm şu hayatta arkamda bıraktığım bu temiz isimle ölene kadar gurur duyacağım.,gurur
"Telefonda arkasından konuşurken, ağzımda kocaman bir yiyecek parçası kalmış, bütün gün insanlara o şekilde sırıtarak gezmişim, böyle bencilce ve aptalca davrandığım için insanlığımdan fena halde utandım.",utanç
"Sunum dosyasını ekrana yansıttığımda, birine hava atmak için yalan söyledim ama beş dakika sonra ortak tanıdığımız biri gerçeği yüzüme vurdu, kendi karakterimden, bu yaptığım çocukluktan o kadar utandım ki kahroldum.",utanç
"Dün ofisteyken ve hesabı ödeyecekken kartım 'yetersiz bakiye' uyarısı verdi, arkamdaki onca insan bana bakıyordu, büyük bir vicdan azabı ve utançla o ortamı anında terk etmek zorunda kaldım.",utanç
Sonuçları ekranda görünce ve ülkemi yurt dışında temsil ederken bayrağımızın dalgalandığını izledim şu hayatta arkamda bıraktığım bu temiz isimle ölene kadar gurur duyacağım.,gurur
"O an sahnede dururken ve babamın bana bıraktığı o küçük atölyeyi bugün dev bir fabrikaya dönüştürdüm ailemizin yüzünü ağartmanın, onlara bu gururu yaşatmanın huzuruyla doldum.",gurur
Derin bir nefes alıp ve ülkemi yurt dışında temsil ederken bayrağımızın dalgalandığını izledim ve kendimle öyle bir gurur duydum ki gözyaşlarıma hakim olamadım.,gurur
"Açıkçası, online derste mikrofonu kapalı sanırken ve bilgisayarımın ekranını paylaştığımı unutup arka planda açık kalan o saçma sapan komik videoyu herkese izlettim, yüzüm kızardı, terlemeye başladım ve utançtan ne diyeceğimi bilemedim.",utanç
"Telefonda arkasından konuşurken ve arkamdaki adamı liseden arkadaşım sanıp ensesine tokat attım, adam dönünce yabancı olduğunu anladım, yüzüm kızardı, terlemeye başladım ve utançtan ne diyeceğimi bilemedim.",utanç
"Açıkçası, kırmızı ışıkta beklerken, hesabı ödeyecekken kartım 'yetersiz bakiye' uyarısı verdi, arkamdaki onca insan bana bakıyordu, o an utancımdan yerin dibine girdim, keşke görünmez olsam diye dua ettim.",utanç
"Açıkçası, o alkış tufanı koptuğunda ve aylardır süren o amansız hastalığı yenip doktorlardan temiz raporunu aldım ve kendimle öyle bir gurur duydum ki gözyaşlarıma hakim olamadım.",gurur
"Kürsüye çıkarken, gençliğimin en güzel yıllarını vererek yazdığım romanın en çok satanlara girdiğini gördüm ailemizin yüzünü ağartmanın, onlara bu gururu yaşatmanın huzuruyla doldum.",gurur
"Online derste mikrofonu kapalı sanırken, birine hava atmak için yalan söyledim ama beş dakika sonra ortak tanıdığımız biri gerçeği yüzüme vurdu, böyle bencilce ve aptalca davrandığım için insanlığımdan fena halde utandım.",utanç
"Sonuçları ekranda görünce, kimseye eyvallah etmeden, kendi paramla aldığım bu evin tapusunu elime aldım içimde büyüyen o tarif edilmez milli gururla tüylerim diken diken oldu.",gurur
"Açıkçası, annemin gözlerindeki yaşı görünce, kimseye eyvallah etmeden, kendi paramla aldığım bu evin tapusunu elime aldım bana bu hissi, bu muazzam onuru yaşatan irademle iftihar ettim.",gurur
"Çıkan haberi okuduğumda ve sokak hayvanları için başlattığımız kampanyanın binlerce cana umut olduğunu gördüm bana bu hissi, bu muazzam onuru yaşatan irademle iftihar ettim.",gurur
"Açıkçası, bitiş çizgisine geldiğimde ve ülkemi yurt dışında temsil ederken bayrağımızın dalgalandığını izledim ailemizin yüzünü ağartmanın, onlara bu gururu yaşatmanın huzuruyla doldum.",gurur
"Düğün salonunda tam ortada oynarken, eski sevgilime atacağım o ergence mesajı yanlışlıkla aile WhatsApp grubuna gönderdim, ve yaşadığım bu rezilliği ömrümün sonuna kadar hafızamdan silemeyeceğim.",utanç
"Otel lobisinde beklerken ve hesabı ödeyecekken kartım 'yetersiz bakiye' uyarısı verdi, arkamdaki onca insan bana bakıyordu, yer yarılsaydı da içine düşseydim diye düşündürten korkunç bir utanç hissiydi.",utanç
"İlk buluşmada yemeğimizi yerken ve bilgisayarımın ekranını paylaştığımı unutup arka planda açık kalan o saçma sapan komik videoyu herkese izlettim, büyük bir vicdan azabı ve utançla o ortamı anında terk etmek zorunda kaldım.",utanç
"Açıkçası, otel lobisinde beklerken, arabayı park ederken yanlışlıkla engelli yerine koyduğumu fark ettim ve silecekteki o yazıyı okudum, ve yaşadığım bu rezilliği ömrümün sonuna kadar hafızamdan silemeyeceğim.",utanç
"Çıkan haberi okuduğumda ve gençliğimin en güzel yıllarını vererek yazdığım romanın en çok satanlara girdiğini gördüm bana bu hissi, bu muazzam onuru yaşatan irademle iftihar ettim.",gurur
"O an sahnede dururken, hayatım boyunca hayalini kurduğum o üniversiteden şeref listesinde mezun olduğumu anladım alnımın akıyla, tertemiz bir vicdanla buralara gelmiş olmanın gururu paha biçilemezdi.",gurur
"O alkış tufanı koptuğunda, gece gündüz demeden çalıştığım projenin uluslararası ödül aldığını öğrendim hayatımda ilk defa 'işte başardım' demenin o saf gururunu iliklerime kadar hissettim.",gurur
"Önemli bir müşteri görüşmesinin tam ortasında, adını unuttuğum birine idare etmek için 'canım' derken onun kendi adını vurgulayarak beni düzeltmesiyle şok oldum, o an utancımdan yerin dibine girdim, keşke görünmez olsam diye dua ettim.",utanç
"O an sahnede dururken, bana 'asla yapamazsın' diyen herkesin haksız çıktığını ispatladım şu hayatta arkamda bıraktığım bu temiz isimle ölene kadar gurur duyacağım.",gurur
"Açıkçası, hesap kitap yapıp borcun bittiğini görünce ve hiçbir haksızlığa boyun eğmeden, dürüstlüğümden taviz vermeden o makama seçildim ve bu dik duruşumun, bu başarımın haklı gururunu yaşamaya karar verdim.",gurur
"Açıkçası, herkesin bana baktığı o an, kimseye eyvallah etmeden, kendi paramla aldığım bu evin tapusunu elime aldım şu hayatta arkamda bıraktığım bu temiz isimle ölene kadar gurur duyacağım.",gurur
"O alkış tufanı koptuğunda, aylardır süren o amansız hastalığı yenip doktorlardan temiz raporunu aldım ve kendimle öyle bir gurur duydum ki gözyaşlarıma hakim olamadım.",gurur
"Açıkçası, sabaha karşı, babamın bana bıraktığı o küçük atölyeyi bugün dev bir fabrikaya dönüştürdüm ve göğsümün kabardığını, tüm yorgunluğumun uçup gittiğini hissettim.",gurur
"İmzayı atarken ve aylardır süren o amansız hastalığı yenip doktorlardan temiz raporunu aldım ailemizin yüzünü ağartmanın, onlara bu gururu yaşatmanın huzuruyla doldum.",gurur
"Önemli bir müşteri görüşmesinin tam ortasında, bilgisayarımın ekranını paylaştığımı unutup arka planda açık kalan o saçma sapan komik videoyu herkese izlettim, ve yaşadığım bu rezilliği ömrümün sonuna kadar hafızamdan silemeyeceğim.",utanç
"O alkış tufanı koptuğunda, hayatım boyunca hayalini kurduğum o üniversiteden şeref listesinde mezun olduğumu anladım ailemizin yüzünü ağartmanın, onlara bu gururu yaşatmanın huzuruyla doldum.",gurur
"Hesap kitap yapıp borcun bittiğini görünce ve kimseye eyvallah etmeden, kendi paramla aldığım bu evin tapusunu elime aldım ve bu dik duruşumun, bu başarımın haklı gururunu yaşamaya karar verdim.",gurur
"Sonunda o maili aldığımda ve sokak hayvanları için başlattığımız kampanyanın binlerce cana umut olduğunu gördüm ve bu dik duruşumun, bu başarımın haklı gururunu yaşamaya karar verdim.",gurur
"Müdür ismimi okuduğunda, gece gündüz demeden çalıştığım projenin uluslararası ödül aldığını öğrendim ve kendimle öyle bir gurur duydum ki gözyaşlarıma hakim olamadım.",gurur
Derin bir nefes alıp ve gece gündüz demeden çalıştığım projenin uluslararası ödül aldığını öğrendim şu hayatta arkamda bıraktığım bu temiz isimle ölene kadar gurur duyacağım.,gurur
"Düğün salonunda tam ortada oynarken ve ağzımda kocaman bir yiyecek parçası kalmış, bütün gün insanlara o şekilde sırıtarak gezmişim, yüzüm kızardı, terlemeye başladım ve utançtan ne diyeceğimi bilemedim.",utanç
"Tıklım tıklım dolu olan metroda, öfke kontrolümü kaybedip anneme bağırdım, onun gözlerindeki o kırgınlığı görünce kendimden iğrendim, böyle bencilce ve aptalca davrandığım için insanlığımdan fena halde utandım.",utanç
"Mağazada kasa kuyruğunda beklerken ve kendi hatam yüzünden projeyi batırdım ve cezayı yeni giren stajyerin üstüne yıktım, insanların o küçümseyen bakışları altında ezildim, çok fena utandım.",utanç
"Açıkçası, bitiş çizgisine geldiğimde, oğlumun milli formayı giyip sahaya çıktığı anı canlı yayında izledim ve kendimle öyle bir gurur duydum ki gözyaşlarıma hakim olamadım.",gurur
"Online derste mikrofonu kapalı sanırken ve kendi hatam yüzünden projeyi batırdım ve cezayı yeni giren stajyerin üstüne yıktım, kendi karakterimden, bu yaptığım çocukluktan o kadar utandım ki kahroldum.",utanç
"Açıkçası, derin bir nefes alıp ve bursla gittiğim ülkede kendi laboratuvarımı kurma yetkisi aldım ve kendimle öyle bir gurur duydum ki gözyaşlarıma hakim olamadım.",gurur
Aynaya bakıp ve gençliğimin en güzel yıllarını vererek yazdığım romanın en çok satanlara girdiğini gördüm içimde büyüyen o tarif edilmez milli gururla tüylerim diken diken oldu.,gurur
"Açıkçası, sessizliğin hakim olduğu kütüphanede ve kadını hamile zannedip kalkıp yer verdim ama meğer sadece kiloluymuş ve bana çok ters baktı, ve yaşadığım bu rezilliği ömrümün sonuna kadar hafızamdan silemeyeceğim.",utanç
"Aynaya bakıp, babamın bana bıraktığı o küçük atölyeyi bugün dev bir fabrikaya dönüştürdüm alnımın akıyla, tertemiz bir vicdanla buralara gelmiş olmanın gururu paha biçilemezdi.",gurur
"Düğün salonunda tam ortada oynarken ve kendi hatam yüzünden projeyi batırdım ve cezayı yeni giren stajyerin üstüne yıktım, kendi karakterimden, bu yaptığım çocukluktan o kadar utandım ki kahroldum.",utanç
"Törende tam adım okunduğunda ve kadını hamile zannedip kalkıp yer verdim ama meğer sadece kiloluymuş ve bana çok ters baktı, kendi karakterimden, bu yaptığım çocukluktan o kadar utandım ki kahroldum.",utanç
"Online derste mikrofonu kapalı sanırken ve hesabı ödeyecekken kartım 'yetersiz bakiye' uyarısı verdi, arkamdaki onca insan bana bakıyordu, ve yaşadığım bu rezilliği ömrümün sonuna kadar hafızamdan silemeyeceğim.",utanç
"Açıkçası, anahtarı kapıya takarken, bursla gittiğim ülkede kendi laboratuvarımı kurma yetkisi aldım hayatımda ilk defa 'işte başardım' demenin o saf gururunu iliklerime kadar hissettim.",gurur
"Sessizliğin hakim olduğu kütüphanede, birine hava atmak için yalan söyledim ama beş dakika sonra ortak tanıdığımız biri gerçeği yüzüme vurdu, insanların o küçümseyen bakışları altında ezildim, çok fena utandım.",utanç
"Sonunda o maili aldığımda ve hiçbir haksızlığa boyun eğmeden, dürüstlüğümden taviz vermeden o makama seçildim hayatımda ilk defa 'işte başardım' demenin o saf gururunu iliklerime kadar hissettim.",gurur
"Açıkçası, herkesin bana baktığı o an ve kimseye eyvallah etmeden, kendi paramla aldığım bu evin tapusunu elime aldım şu hayatta arkamda bıraktığım bu temiz isimle ölene kadar gurur duyacağım.",gurur
"O alkış tufanı koptuğunda ve bana 'asla yapamazsın' diyen herkesin haksız çıktığını ispatladım ve göğsümün kabardığını, tüm yorgunluğumun uçup gittiğini hissettim.",gurur
"Açıkçası, akrabaların toplandığı salonda, eski sevgilime atacağım o ergence mesajı yanlışlıkla aile whatsapp grubuna gönderdim, geceleri aklıma geldikçe hala yatakta kendi kendime utanıp yüzümü kapatıyorum.",utanç
"Törende tam adım okunduğunda, ağzımda kocaman bir yiyecek parçası kalmış, bütün gün insanlara o şekilde sırıtarak gezmişim, ve yaşadığım bu rezilliği ömrümün sonuna kadar hafızamdan silemeyeceğim.",utanç
"Açıkçası, hesap kitap yapıp borcun bittiğini görünce, gece gündüz demeden çalıştığım projenin uluslararası ödül aldığını öğrendim şu hayatta arkamda bıraktığım bu temiz isimle ölene kadar gurur duyacağım.",gurur
"Belgeyi elime aldığımda, aylardır süren o amansız hastalığı yenip doktorlardan temiz raporunu aldım ve bu dik duruşumun, bu başarımın haklı gururunu yaşamaya karar verdim.",gurur
"Dün gece, bana 'asla yapamazsın' diyen herkesin haksız çıktığını ispatladım içimde büyüyen o tarif edilmez milli gururla tüylerim diken diken oldu.",gurur
"Önemli bir müşteri görüşmesinin tam ortasında ve eski sevgilime atacağım o ergence mesajı yanlışlıkla aile WhatsApp grubuna gönderdim, büyük bir vicdan azabı ve utançla o ortamı anında terk etmek zorunda kaldım.",utanç
"Açıkçası, müdür ismimi okuduğunda, bursla gittiğim ülkede kendi laboratuvarımı kurma yetkisi aldım ve bu dik duruşumun, bu başarımın haklı gururunu yaşamaya karar verdim.",gurur
"Çok lüks bir kafede otururken ve kadını hamile zannedip kalkıp yer verdim ama meğer sadece kiloluymuş ve bana çok ters baktı, büyük bir vicdan azabı ve utançla o ortamı anında terk etmek zorunda kaldım.",utanç
"Düğün salonunda tam ortada oynarken ve birine hava atmak için yalan söyledim ama beş dakika sonra ortak tanıdığımız biri gerçeği yüzüme vurdu, kendi karakterimden, bu yaptığım çocukluktan o kadar utandım ki kahroldum.",utanç
"Açıkçası, i̇mzayı atarken, kendi tırnaklarımla kazıyarak kurduğum işimin meyvelerini topladığımı fark ettim ve bu dik duruşumun, bu başarımın haklı gururunu yaşamaya karar verdim.",gurur
"Sessizliğin hakim olduğu kütüphanede, adını unuttuğum birine idare etmek için 'canım' derken onun kendi adını vurgulayarak beni düzeltmesiyle şok oldum, insanların o küçümseyen bakışları altında ezildim, çok fena utandım.",utanç
"Mağazada kasa kuyruğunda beklerken, hesabı ödeyecekken kartım 'yetersiz bakiye' uyarısı verdi, arkamdaki onca insan bana bakıyordu, hayatımın en utanç verici saniyesiydi, mahcubiyetten başımı öne eğdim.",utanç
"Herkesin bana baktığı o an, hayatım boyunca hayalini kurduğum o üniversiteden şeref listesinde mezun olduğumu anladım kendime olan inancımın bana kazandırdığı bu büyük zaferle gurur duydum.",gurur
"Törende tam adım okunduğunda, birine hava atmak için yalan söyledim ama beş dakika sonra ortak tanıdığımız biri gerçeği yüzüme vurdu, hayatımın en utanç verici saniyesiydi, mahcubiyetten başımı öne eğdim.",utanç
"O an sahnede dururken, oğlumun milli formayı giyip sahaya çıktığı anı canlı yayında izledim hayatımda ilk defa 'işte başardım' demenin o saf gururunu iliklerime kadar hissettim.",gurur
"Açıkçası, mağazada kasa kuyruğunda beklerken, birine hava atmak için yalan söyledim ama beş dakika sonra ortak tanıdığımız biri gerçeği yüzüme vurdu, yüzüm kızardı, terlemeye başladım ve utançtan ne diyeceğimi bilemedim.",utanç
"Açıkçası, mağazada kasa kuyruğunda beklerken ve yürürken havalı görüneyim derken ayağım halıya takıldı ve herkesin ortasında boylu boyunca yere kapaklandım, hayatımın en utanç verici saniyesiydi, mahcubiyetten başımı öne eğdim.",utanç
"Kırmızı ışıkta beklerken, heyecandan elimdeki bardağı devirip kahveyi müdürün bembeyaz gömleğine döktüm, yüzüm kızardı, terlemeye başladım ve utançtan ne diyeceğimi bilemedim.",utanç
"Açıkçası, sessizliğin hakim olduğu kütüphanede, bilgisayarımın ekranını paylaştığımı unutup arka planda açık kalan o saçma sapan komik videoyu herkese izlettim, hayatımın en utanç verici saniyesiydi, mahcubiyetten başımı öne eğdim.",utanç
"Sabaha karşı, kızımın tıp fakültesini birincilikle bitirdiğini kendi gözlerimle gördüm kendime olan inancımın bana kazandırdığı bu büyük zaferle gurur duydum.",gurur
Bitiş çizgisine geldiğimde ve bana 'asla yapamazsın' diyen herkesin haksız çıktığını ispatladım kendime olan inancımın bana kazandırdığı bu büyük zaferle gurur duydum.,gurur
"Sunum dosyasını ekrana yansıttığımda, arabayı park ederken yanlışlıkla engelli yerine koyduğumu fark ettim ve silecekteki o yazıyı okudum, kendi karakterimden, bu yaptığım çocukluktan o kadar utandım ki kahroldum.",utanç
"Açıkçası, düğün salonunda tam ortada oynarken ve arkamdaki adamı liseden arkadaşım sanıp ensesine tokat attım, adam dönünce yabancı olduğunu anladım, yüzüm kızardı, terlemeye başladım ve utançtan ne diyeceğimi bilemedim.",utanç
"Açıkçası, o an sahnede dururken, aylardır süren o amansız hastalığı yenip doktorlardan temiz raporunu aldım ve göğsümün kabardığını, tüm yorgunluğumun uçup gittiğini hissettim.",gurur
"Mağazada kasa kuyruğunda beklerken ve kadını hamile zannedip kalkıp yer verdim ama meğer sadece kiloluymuş ve bana çok ters baktı, böyle bencilce ve aptalca davrandığım için insanlığımdan fena halde utandım.",utanç
"Açıkçası, sessizliğin hakim olduğu kütüphanede, bilgisayarımın ekranını paylaştığımı unutup arka planda açık kalan o saçma sapan komik videoyu herkese izlettim, böyle bencilce ve aptalca davrandığım için insanlığımdan fena halde utandım.",utanç
"Annemin gözlerindeki yaşı görünce, hiçbir haksızlığa boyun eğmeden, dürüstlüğümden taviz vermeden o makama seçildim ve göğsümün kabardığını, tüm yorgunluğumun uçup gittiğini hissettim.",gurur
"Sessizliğin hakim olduğu kütüphanede, tuvaletin kapısı kilitli sanıyordum, biri aniden içeri girince ne yapacağımı şaşırdım, büyük bir vicdan azabı ve utançla o ortamı anında terk etmek zorunda kaldım.",utanç
"Açıkçası, bankadaki bakiyeye bakınca ve bursla gittiğim ülkede kendi laboratuvarımı kurma yetkisi aldım bana bu hissi, bu muazzam onuru yaşatan irademle iftihar ettim.",gurur
"Açıkçası, akrabaların toplandığı salonda, adını unuttuğum birine idare etmek için 'canım' derken onun kendi adını vurgulayarak beni düzeltmesiyle şok oldum, yüzüm kızardı, terlemeye başladım ve utançtan ne diyeceğimi bilemedim.",utanç
"Çok lüks bir kafede otururken, adını unuttuğum birine idare etmek için 'canım' derken onun kendi adını vurgulayarak beni düzeltmesiyle şok oldum, hayatımın en utanç verici saniyesiydi, mahcubiyetten başımı öne eğdim.",utanç
"Online derste mikrofonu kapalı sanırken, kadını hamile zannedip kalkıp yer verdim ama meğer sadece kiloluymuş ve bana çok ters baktı, geceleri aklıma geldikçe hala yatakta kendi kendime utanıp yüzümü kapatıyorum.",utanç
"Açıkçası, mağazada kasa kuyruğunda beklerken, kulaklığın tam takılmadığını fark etmeden son ses en damar arabesk şarkıyı tüm otobüse dinletmişim, büyük bir vicdan azabı ve utançla o ortamı anında terk etmek zorunda kaldım.",utanç
"Açıkçası, aynaya bakıp, bana 'asla yapamazsın' diyen herkesin haksız çıktığını ispatladım içimde büyüyen o tarif edilmez milli gururla tüylerim diken diken oldu.",gurur
O an sahnede dururken ve bursla gittiğim ülkede kendi laboratuvarımı kurma yetkisi aldım içimde büyüyen o tarif edilmez milli gururla tüylerim diken diken oldu.,gurur
"Açıkçası, otel lobisinde beklerken, kadını hamile zannedip kalkıp yer verdim ama meğer sadece kiloluymuş ve bana çok ters baktı, o an utancımdan yerin dibine girdim, keşke görünmez olsam diye dua ettim.",utanç
Aynaya bakıp ve bana 'asla yapamazsın' diyen herkesin haksız çıktığını ispatladım şu hayatta arkamda bıraktığım bu temiz isimle ölene kadar gurur duyacağım.,gurur
"Törende tam adım okunduğunda, öfke kontrolümü kaybedip anneme bağırdım, onun gözlerindeki o kırgınlığı görünce kendimden iğrendim, insanların o küçümseyen bakışları altında ezildim, çok fena utandım.",utanç
"Açıkçası, akrabaların toplandığı salonda ve ağzımda kocaman bir yiyecek parçası kalmış, bütün gün insanlara o şekilde sırıtarak gezmişim, büyük bir vicdan azabı ve utançla o ortamı anında terk etmek zorunda kaldım.",utanç
Bitiş çizgisine geldiğimde ve sokak hayvanları için başlattığımız kampanyanın binlerce cana umut olduğunu gördüm içimde büyüyen o tarif edilmez milli gururla tüylerim diken diken oldu.,gurur
Anahtarı kapıya takarken ve sokak hayvanları için başlattığımız kampanyanın binlerce cana umut olduğunu gördüm ve kendimle öyle bir gurur duydum ki gözyaşlarıma hakim olamadım.,gurur
Derin bir nefes alıp ve bana 'asla yapamazsın' diyen herkesin haksız çıktığını ispatladım içimde büyüyen o tarif edilmez milli gururla tüylerim diken diken oldu.,gurur
"Sunum dosyasını ekrana yansıttığımda, kadını hamile zannedip kalkıp yer verdim ama meğer sadece kiloluymuş ve bana çok ters baktı, ve yaşadığım bu rezilliği ömrümün sonuna kadar hafızamdan silemeyeceğim.",utanç
"Çok lüks bir kafede otururken, kadını hamile zannedip kalkıp yer verdim ama meğer sadece kiloluymuş ve bana çok ters baktı, ve yaşadığım bu rezilliği ömrümün sonuna kadar hafızamdan silemeyeceğim.",utanç
"Kırmızı ışıkta beklerken ve öfke kontrolümü kaybedip anneme bağırdım, onun gözlerindeki o kırgınlığı görünce kendimden iğrendim, böyle bencilce ve aptalca davrandığım için insanlığımdan fena halde utandım.",utanç
"Düğün salonunda tam ortada oynarken, hesabı ödeyecekken kartım 'yetersiz bakiye' uyarısı verdi, arkamdaki onca insan bana bakıyordu, ve yaşadığım bu rezilliği ömrümün sonuna kadar hafızamdan silemeyeceğim.",utanç
"Tıklım tıklım dolu olan metroda ve bilgisayarımın ekranını paylaştığımı unutup arka planda açık kalan o saçma sapan komik videoyu herkese izlettim, böyle bencilce ve aptalca davrandığım için insanlığımdan fena halde utandım.",utanç
"Açıkçası, i̇mzayı atarken ve gençliğimin en güzel yıllarını vererek yazdığım romanın en çok satanlara girdiğini gördüm alnımın akıyla, tertemiz bir vicdanla buralara gelmiş olmanın gururu paha biçilemezdi.",gurur
"Açıkçası, online derste mikrofonu kapalı sanırken ve birine hava atmak için yalan söyledim ama beş dakika sonra ortak tanıdığımız biri gerçeği yüzüme vurdu, yer yarılsaydı da içine düşseydim diye düşündürten korkunç bir utanç hissiydi.",utanç
"Açıkçası, bitiş çizgisine geldiğimde ve bana 'asla yapamazsın' diyen herkesin haksız çıktığını ispatladım içimde büyüyen o tarif edilmez milli gururla tüylerim diken diken oldu.",gurur
"Sabaha karşı ve sokak hayvanları için başlattığımız kampanyanın binlerce cana umut olduğunu gördüm ve bu dik duruşumun, bu başarımın haklı gururunu yaşamaya karar verdim.",gurur
"Açıkçası, sabaha karşı, oğlumun milli formayı giyip sahaya çıktığı anı canlı yayında izledim ve bu dik duruşumun, bu başarımın haklı gururunu yaşamaya karar verdim.",gurur
"Akrabaların toplandığı salonda ve bilgisayarımın ekranını paylaştığımı unutup arka planda açık kalan o saçma sapan komik videoyu herkese izlettim, yüzüm kızardı, terlemeye başladım ve utançtan ne diyeceğimi bilemedim.",utanç
"Açıkçası, çıkan haberi okuduğumda, oğlumun milli formayı giyip sahaya çıktığı anı canlı yayında izledim şu hayatta arkamda bıraktığım bu temiz isimle ölene kadar gurur duyacağım.",gurur
"Açıkçası, derin bir nefes alıp ve aylardır süren o amansız hastalığı yenip doktorlardan temiz raporunu aldım hayatımda ilk defa 'işte başardım' demenin o saf gururunu iliklerime kadar hissettim.",gurur
"Sunum dosyasını ekrana yansıttığımda, heyecandan elimdeki bardağı devirip kahveyi müdürün bembeyaz gömleğine döktüm, insanların o küçümseyen bakışları altında ezildim, çok fena utandım.",utanç
"Açıkçası, i̇lk buluşmada yemeğimizi yerken, adını unuttuğum birine idare etmek için 'canım' derken onun kendi adını vurgulayarak beni düzeltmesiyle şok oldum, büyük bir vicdan azabı ve utançla o ortamı anında terk etmek zorunda kaldım.",utanç
"Annemin gözlerindeki yaşı görünce ve sokak hayvanları için başlattığımız kampanyanın binlerce cana umut olduğunu gördüm alnımın akıyla, tertemiz bir vicdanla buralara gelmiş olmanın gururu paha biçilemezdi.",gurur
"Açıkçası, madalyayı boynuma taktıklarında, hiçbir torpilim olmadan, sadece alnımın teriyle o zorlu mülakatı birincilikle geçtim hayatımda ilk defa 'işte başardım' demenin o saf gururunu iliklerime kadar hissettim.",gurur
"Çok lüks bir kafede otururken, arabayı park ederken yanlışlıkla engelli yerine koyduğumu fark ettim ve silecekteki o yazıyı okudum, yer yarılsaydı da içine düşseydim diye düşündürten korkunç bir utanç hissiydi.",utanç
"Sessizliğin hakim olduğu kütüphanede ve heyecandan elimdeki bardağı devirip kahveyi müdürün bembeyaz gömleğine döktüm, büyük bir vicdan azabı ve utançla o ortamı anında terk etmek zorunda kaldım.",utanç
"Açıkçası, sessizliğin hakim olduğu kütüphanede, adını unuttuğum birine idare etmek için 'canım' derken onun kendi adını vurgulayarak beni düzeltmesiyle şok oldum, insanların o küçümseyen bakışları altında ezildim, çok fena utandım.",utanç
"İmzayı atarken, hayatım boyunca hayalini kurduğum o üniversiteden şeref listesinde mezun olduğumu anladım ve göğsümün kabardığını, tüm yorgunluğumun uçup gittiğini hissettim.",gurur
"Otel lobisinde beklerken ve heyecandan elimdeki bardağı devirip kahveyi müdürün bembeyaz gömleğine döktüm, o an utancımdan yerin dibine girdim, keşke görünmez olsam diye dua ettim.",utanç
"Çok lüks bir kafede otururken ve hesabı ödeyecekken kartım 'yetersiz bakiye' uyarısı verdi, arkamdaki onca insan bana bakıyordu, ve yaşadığım bu rezilliği ömrümün sonuna kadar hafızamdan silemeyeceğim.",utanç
"Açıkçası, derin bir nefes alıp ve aylardır süren o amansız hastalığı yenip doktorlardan temiz raporunu aldım şu hayatta arkamda bıraktığım bu temiz isimle ölene kadar gurur duyacağım.",gurur
"Düğün salonunda tam ortada oynarken, öfke kontrolümü kaybedip anneme bağırdım, onun gözlerindeki o kırgınlığı görünce kendimden iğrendim, o an utancımdan yerin dibine girdim, keşke görünmez olsam diye dua ettim.",utanç
"O an sahnede dururken ve aylardır süren o amansız hastalığı yenip doktorlardan temiz raporunu aldım ve göğsümün kabardığını, tüm yorgunluğumun uçup gittiğini hissettim.",gurur
"Düğün salonunda tam ortada oynarken, arabayı park ederken yanlışlıkla engelli yerine koyduğumu fark ettim ve silecekteki o yazıyı okudum, büyük bir vicdan azabı ve utançla o ortamı anında terk etmek zorunda kaldım.",utanç
"Törende tam adım okunduğunda, eski sevgilime atacağım o ergence mesajı yanlışlıkla aile WhatsApp grubuna gönderdim, o an utancımdan yerin dibine girdim, keşke görünmez olsam diye dua ettim.",utanç
"Açıkçası, sonunda o maili aldığımda, bursla gittiğim ülkede kendi laboratuvarımı kurma yetkisi aldım ailemizin yüzünü ağartmanın, onlara bu gururu yaşatmanın huzuruyla doldum.",gurur
"Törende tam adım okunduğunda, adını unuttuğum birine idare etmek için 'canım' derken onun kendi adını vurgulayarak beni düzeltmesiyle şok oldum, insanların o küçümseyen bakışları altında ezildim, çok fena utandım.",utanç
Madalyayı boynuma taktıklarında ve gece gündüz demeden çalıştığım projenin uluslararası ödül aldığını öğrendim içimde büyüyen o tarif edilmez milli gururla tüylerim diken diken oldu.,gurur
O an sahnede dururken ve kendi tırnaklarımla kazıyarak kurduğum işimin meyvelerini topladığımı fark ettim içimde büyüyen o tarif edilmez milli gururla tüylerim diken diken oldu.,gurur
"Açıkçası, mağazada kasa kuyruğunda beklerken ve kendi hatam yüzünden projeyi batırdım ve cezayı yeni giren stajyerin üstüne yıktım, o an utancımdan yerin dibine girdim, keşke görünmez olsam diye dua ettim.",utanç
"Mağazada kasa kuyruğunda beklerken ve hesabı ödeyecekken kartım 'yetersiz bakiye' uyarısı verdi, arkamdaki onca insan bana bakıyordu, geceleri aklıma geldikçe hala yatakta kendi kendime utanıp yüzümü kapatıyorum.",utanç
"Açıkçası, akrabaların toplandığı salonda, kulaklığın tam takılmadığını fark etmeden son ses en damar arabesk şarkıyı tüm otobüse dinletmişim, böyle bencilce ve aptalca davrandığım için insanlığımdan fena halde utandım.",utanç
"Açıkçası, otel lobisinde beklerken ve arabayı park ederken yanlışlıkla engelli yerine koyduğumu fark ettim ve silecekteki o yazıyı okudum, yer yarılsaydı da içine düşseydim diye düşündürten korkunç bir utanç hissiydi.",utanç
"Anahtarı kapıya takarken ve kendi tırnaklarımla kazıyarak kurduğum işimin meyvelerini topladığımı fark ettim alnımın akıyla, tertemiz bir vicdanla buralara gelmiş olmanın gururu paha biçilemezdi.",gurur
"Açıkçası, sonunda o maili aldığımda, ülkemi yurt dışında temsil ederken bayrağımızın dalgalandığını izledim kendime olan inancımın bana kazandırdığı bu büyük zaferle gurur duydum.",gurur
"Mağazada kasa kuyruğunda beklerken ve arkamdaki adamı liseden arkadaşım sanıp ensesine tokat attım, adam dönünce yabancı olduğunu anladım, böyle bencilce ve aptalca davrandığım için insanlığımdan fena halde utandım.",utanç
Derin bir nefes alıp ve bana 'asla yapamazsın' diyen herkesin haksız çıktığını ispatladım şu hayatta arkamda bıraktığım bu temiz isimle ölene kadar gurur duyacağım.,gurur
Sabaha karşı ve hayatım boyunca hayalini kurduğum o üniversiteden şeref listesinde mezun olduğumu anladım kendime olan inancımın bana kazandırdığı bu büyük zaferle gurur duydum.,gurur
"Bankadaki bakiyeye bakınca, hayatım boyunca hayalini kurduğum o üniversiteden şeref listesinde mezun olduğumu anladım ailemizin yüzünü ağartmanın, onlara bu gururu yaşatmanın huzuruyla doldum.",gurur
"Açıkçası, sunum dosyasını ekrana yansıttığımda ve ağzımda kocaman bir yiyecek parçası kalmış, bütün gün insanlara o şekilde sırıtarak gezmişim, böyle bencilce ve aptalca davrandığım için insanlığımdan fena halde utandım.",utanç
"Açıkçası, sunum dosyasını ekrana yansıttığımda, öfke kontrolümü kaybedip anneme bağırdım, onun gözlerindeki o kırgınlığı görünce kendimden iğrendim, ve yaşadığım bu rezilliği ömrümün sonuna kadar hafızamdan silemeyeceğim.",utanç
"Açıkçası, hesap kitap yapıp borcun bittiğini görünce, kızımın tıp fakültesini birincilikle bitirdiğini kendi gözlerimle gördüm içimde büyüyen o tarif edilmez milli gururla tüylerim diken diken oldu.",gurur
"Açıkçası, bankadaki bakiyeye bakınca ve bursla gittiğim ülkede kendi laboratuvarımı kurma yetkisi aldım içimde büyüyen o tarif edilmez milli gururla tüylerim diken diken oldu.",gurur
Aynaya bakıp ve kızımın tıp fakültesini birincilikle bitirdiğini kendi gözlerimle gördüm şu hayatta arkamda bıraktığım bu temiz isimle ölene kadar gurur duyacağım.,gurur
"Açıkçası, sabaha karşı ve hiçbir haksızlığa boyun eğmeden, dürüstlüğümden taviz vermeden o makama seçildim hayatımda ilk defa 'işte başardım' demenin o saf gururunu iliklerime kadar hissettim.",gurur
"Açıkçası, i̇lk buluşmada yemeğimizi yerken, ağzımda kocaman bir yiyecek parçası kalmış, bütün gün insanlara o şekilde sırıtarak gezmişim, hayatımın en utanç verici saniyesiydi, mahcubiyetten başımı öne eğdim.",utanç
"Sunum dosyasını ekrana yansıttığımda ve arkamdaki adamı liseden arkadaşım sanıp ensesine tokat attım, adam dönünce yabancı olduğunu anladım, kendi karakterimden, bu yaptığım çocukluktan o kadar utandım ki kahroldum.",utanç
"Açıkçası, o an sahnede dururken ve gençliğimin en güzel yıllarını vererek yazdığım romanın en çok satanlara girdiğini gördüm kendime olan inancımın bana kazandırdığı bu büyük zaferle gurur duydum.",gurur
"Açıkçası, herkesin bana baktığı o an ve bana 'asla yapamazsın' diyen herkesin haksız çıktığını ispatladım hayatımda ilk defa 'işte başardım' demenin o saf gururunu iliklerime kadar hissettim.",gurur
"İlk buluşmada yemeğimizi yerken ve hesabı ödeyecekken kartım 'yetersiz bakiye' uyarısı verdi, arkamdaki onca insan bana bakıyordu, ve yaşadığım bu rezilliği ömrümün sonuna kadar hafızamdan silemeyeceğim.",utanç
"Annemin gözlerindeki yaşı görünce ve aylardır süren o amansız hastalığı yenip doktorlardan temiz raporunu aldım alnımın akıyla, tertemiz bir vicdanla buralara gelmiş olmanın gururu paha biçilemezdi.",gurur
"Açıkçası, sunum dosyasını ekrana yansıttığımda, arkamdaki adamı liseden arkadaşım sanıp ensesine tokat attım, adam dönünce yabancı olduğunu anladım, yüzüm kızardı, terlemeye başladım ve utançtan ne diyeceğimi bilemedim.",utanç
"Sabaha karşı, ülkemi yurt dışında temsil ederken bayrağımızın dalgalandığını izledim alnımın akıyla, tertemiz bir vicdanla buralara gelmiş olmanın gururu paha biçilemezdi.",gurur
"Açıkçası, çok lüks bir kafede otururken ve bilgisayarımın ekranını paylaştığımı unutup arka planda açık kalan o saçma sapan komik videoyu herkese izlettim, böyle bencilce ve aptalca davrandığım için insanlığımdan fena halde utandım.",utanç
"Tıklım tıklım dolu olan metroda, ağzımda kocaman bir yiyecek parçası kalmış, bütün gün insanlara o şekilde sırıtarak gezmişim, yer yarılsaydı da içine düşseydim diye düşündürten korkunç bir utanç hissiydi.",utanç
"Açıkçası, otel lobisinde beklerken ve bilgisayarımın ekranını paylaştığımı unutup arka planda açık kalan o saçma sapan komik videoyu herkese izlettim, o an utancımdan yerin dibine girdim, keşke görünmez olsam diye dua ettim.",utanç
"Hesap kitap yapıp borcun bittiğini görünce ve sokak hayvanları için başlattığımız kampanyanın binlerce cana umut olduğunu gördüm ve bu dik duruşumun, bu başarımın haklı gururunu yaşamaya karar verdim.",gurur
"Kürsüye çıkarken, aylardır süren o amansız hastalığı yenip doktorlardan temiz raporunu aldım ve bu dik duruşumun, bu başarımın haklı gururunu yaşamaya karar verdim.",gurur
"Dün gece, hayatım boyunca hayalini kurduğum o üniversiteden şeref listesinde mezun olduğumu anladım kendime olan inancımın bana kazandırdığı bu büyük zaferle gurur duydum.",gurur
"Aynaya bakıp ve gençliğimin en güzel yıllarını vererek yazdığım romanın en çok satanlara girdiğini gördüm bana bu hissi, bu muazzam onuru yaşatan irademle iftihar ettim.",gurur
"Törende tam adım okunduğunda ve tuvaletin kapısı kilitli sanıyordum, biri aniden içeri girince ne yapacağımı şaşırdım, böyle bencilce ve aptalca davrandığım için insanlığımdan fena halde utandım.",utanç
"Bankadaki bakiyeye bakınca ve kızımın tıp fakültesini birincilikle bitirdiğini kendi gözlerimle gördüm ve bu dik duruşumun, bu başarımın haklı gururunu yaşamaya karar verdim.",gurur
"Bitiş çizgisine geldiğimde ve oğlumun milli formayı giyip sahaya çıktığı anı canlı yayında izledim ailemizin yüzünü ağartmanın, onlara bu gururu yaşatmanın huzuruyla doldum.",gurur
"Madalyayı boynuma taktıklarında, hiçbir torpilim olmadan, sadece alnımın teriyle o zorlu mülakatı birincilikle geçtim içimde büyüyen o tarif edilmez milli gururla tüylerim diken diken oldu.",gurur
"Belgeyi elime aldığımda, kendi tırnaklarımla kazıyarak kurduğum işimin meyvelerini topladığımı fark ettim hayatımda ilk defa 'işte başardım' demenin o saf gururunu iliklerime kadar hissettim.",gurur
"Açıkçası, bitiş çizgisine geldiğimde, gençliğimin en güzel yıllarını vererek yazdığım romanın en çok satanlara girdiğini gördüm ve kendimle öyle bir gurur duydum ki gözyaşlarıma hakim olamadım.",gurur
"Düğün salonunda tam ortada oynarken, arkamdaki adamı liseden arkadaşım sanıp ensesine tokat attım, adam dönünce yabancı olduğunu anladım, yüzüm kızardı, terlemeye başladım ve utançtan ne diyeceğimi bilemedim.",utanç
"Belgeyi elime aldığımda, ülkemi yurt dışında temsil ederken bayrağımızın dalgalandığını izledim ailemizin yüzünü ağartmanın, onlara bu gururu yaşatmanın huzuruyla doldum.",gurur
"Açıkçası, mağazada kasa kuyruğunda beklerken, öfke kontrolümü kaybedip anneme bağırdım, onun gözlerindeki o kırgınlığı görünce kendimden iğrendim, kendi karakterimden, bu yaptığım çocukluktan o kadar utandım ki kahroldum.",utanç
"Düğün salonunda tam ortada oynarken, bilgisayarımın ekranını paylaştığımı unutup arka planda açık kalan o saçma sapan komik videoyu herkese izlettim, ve yaşadığım bu rezilliği ömrümün sonuna kadar hafızamdan silemeyeceğim.",utanç
"Törende tam adım okunduğunda ve birine hava atmak için yalan söyledim ama beş dakika sonra ortak tanıdığımız biri gerçeği yüzüme vurdu, yüzüm kızardı, terlemeye başladım ve utançtan ne diyeceğimi bilemedim.",utanç
"Açıkçası, önemli bir müşteri görüşmesinin tam ortasında ve arkamdaki adamı liseden arkadaşım sanıp ensesine tokat attım, adam dönünce yabancı olduğunu anladım, o an utancımdan yerin dibine girdim, keşke görünmez olsam diye dua ettim.",utanç
"Törende tam adım okunduğunda ve hesabı ödeyecekken kartım 'yetersiz bakiye' uyarısı verdi, arkamdaki onca insan bana bakıyordu, kendi karakterimden, bu yaptığım çocukluktan o kadar utandım ki kahroldum.",utanç
İmzayı atarken ve babamın bana bıraktığı o küçük atölyeyi bugün dev bir fabrikaya dönüştürdüm ve kendimle öyle bir gurur duydum ki gözyaşlarıma hakim olamadım.,gurur
"Açıkçası, dün gece ve hiçbir torpilim olmadan, sadece alnımın teriyle o zorlu mülakatı birincilikle geçtim ve bu dik duruşumun, bu başarımın haklı gururunu yaşamaya karar verdim.",gurur
"Sunum dosyasını ekrana yansıttığımda ve eski sevgilime atacağım o ergence mesajı yanlışlıkla aile WhatsApp grubuna gönderdim, yer yarılsaydı da içine düşseydim diye düşündürten korkunç bir utanç hissiydi.",utanç
"Bitiş çizgisine geldiğimde ve kızımın tıp fakültesini birincilikle bitirdiğini kendi gözlerimle gördüm alnımın akıyla, tertemiz bir vicdanla buralara gelmiş olmanın gururu paha biçilemezdi.",gurur
"Bitiş çizgisine geldiğimde ve bana 'asla yapamazsın' diyen herkesin haksız çıktığını ispatladım ailemizin yüzünü ağartmanın, onlara bu gururu yaşatmanın huzuruyla doldum.",gurur
"Hesap kitap yapıp borcun bittiğini görünce, ülkemi yurt dışında temsil ederken bayrağımızın dalgalandığını izledim hayatımda ilk defa 'işte başardım' demenin o saf gururunu iliklerime kadar hissettim.",gurur
"Anahtarı kapıya takarken ve hiçbir haksızlığa boyun eğmeden, dürüstlüğümden taviz vermeden o makama seçildim şu hayatta arkamda bıraktığım bu temiz isimle ölene kadar gurur duyacağım.",gurur
"Önemli bir müşteri görüşmesinin tam ortasında, eski sevgilime atacağım o ergence mesajı yanlışlıkla aile WhatsApp grubuna gönderdim, kendi karakterimden, bu yaptığım çocukluktan o kadar utandım ki kahroldum.",utanç
"Açıkçası, telefonda arkasından konuşurken ve yürürken havalı görüneyim derken ayağım halıya takıldı ve herkesin ortasında boylu boyunca yere kapaklandım, geceleri aklıma geldikçe hala yatakta kendi kendime utanıp yüzümü kapatıyorum.",utanç
"Açıkçası, önemli bir müşteri görüşmesinin tam ortasında ve heyecandan elimdeki bardağı devirip kahveyi müdürün bembeyaz gömleğine döktüm, yer yarılsaydı da içine düşseydim diye düşündürten korkunç bir utanç hissiydi.",utanç
Madalyayı boynuma taktıklarında ve sokak hayvanları için başlattığımız kampanyanın binlerce cana umut olduğunu gördüm kendime olan inancımın bana kazandırdığı bu büyük zaferle gurur duydum.,gurur
"Telefonda arkasından konuşurken ve adını unuttuğum birine idare etmek için 'canım' derken onun kendi adını vurgulayarak beni düzeltmesiyle şok oldum, böyle bencilce ve aptalca davrandığım için insanlığımdan fena halde utandım.",utanç
Madalyayı boynuma taktıklarında ve ülkemi yurt dışında temsil ederken bayrağımızın dalgalandığını izledim ve kendimle öyle bir gurur duydum ki gözyaşlarıma hakim olamadım.,gurur
"Tıklım tıklım dolu olan metroda ve yürürken havalı görüneyim derken ayağım halıya takıldı ve herkesin ortasında boylu boyunca yere kapaklandım, ve yaşadığım bu rezilliği ömrümün sonuna kadar hafızamdan silemeyeceğim.",utanç
"Hesap kitap yapıp borcun bittiğini görünce ve kimseye eyvallah etmeden, kendi paramla aldığım bu evin tapusunu elime aldım içimde büyüyen o tarif edilmez milli gururla tüylerim diken diken oldu.",gurur
"Açıkçası, anahtarı kapıya takarken, oğlumun milli formayı giyip sahaya çıktığı anı canlı yayında izledim ve bu dik duruşumun, bu başarımın haklı gururunu yaşamaya karar verdim.",gurur
"Açıkçası, otel lobisinde beklerken, bilgisayarımın ekranını paylaştığımı unutup arka planda açık kalan o saçma sapan komik videoyu herkese izlettim, hayatımın en utanç verici saniyesiydi, mahcubiyetten başımı öne eğdim.",utanç
"Açıkçası, çok lüks bir kafede otururken ve arkamdaki adamı liseden arkadaşım sanıp ensesine tokat attım, adam dönünce yabancı olduğunu anladım, insanların o küçümseyen bakışları altında ezildim, çok fena utandım.",utanç
"Hesap kitap yapıp borcun bittiğini görünce, oğlumun milli formayı giyip sahaya çıktığı anı canlı yayında izledim hayatımda ilk defa 'işte başardım' demenin o saf gururunu iliklerime kadar hissettim.",gurur
"Otel lobisinde beklerken ve hesabı ödeyecekken kartım 'yetersiz bakiye' uyarısı verdi, arkamdaki onca insan bana bakıyordu, hayatımın en utanç verici saniyesiydi, mahcubiyetten başımı öne eğdim.",utanç
"Akrabaların toplandığı salonda ve heyecandan elimdeki bardağı devirip kahveyi müdürün bembeyaz gömleğine döktüm, böyle bencilce ve aptalca davrandığım için insanlığımdan fena halde utandım.",utanç
"Açıkçası, sunum dosyasını ekrana yansıttığımda ve adını unuttuğum birine idare etmek için 'canım' derken onun kendi adını vurgulayarak beni düzeltmesiyle şok oldum, hayatımın en utanç verici saniyesiydi, mahcubiyetten başımı öne eğdim.",utanç
"Tıklım tıklım dolu olan metroda ve ağzımda kocaman bir yiyecek parçası kalmış, bütün gün insanlara o şekilde sırıtarak gezmişim, büyük bir vicdan azabı ve utançla o ortamı anında terk etmek zorunda kaldım.",utanç
"Sessizliğin hakim olduğu kütüphanede ve heyecandan elimdeki bardağı devirip kahveyi müdürün bembeyaz gömleğine döktüm, geceleri aklıma geldikçe hala yatakta kendi kendime utanıp yüzümü kapatıyorum.",utanç
"Akrabaların toplandığı salonda ve hesabı ödeyecekken kartım 'yetersiz bakiye' uyarısı verdi, arkamdaki onca insan bana bakıyordu, yüzüm kızardı, terlemeye başladım ve utançtan ne diyeceğimi bilemedim.",utanç
"Açıkçası, törende tam adım okunduğunda ve yürürken havalı görüneyim derken ayağım halıya takıldı ve herkesin ortasında boylu boyunca yere kapaklandım, ve yaşadığım bu rezilliği ömrümün sonuna kadar hafızamdan silemeyeceğim.",utanç
"Tıklım tıklım dolu olan metroda ve birine hava atmak için yalan söyledim ama beş dakika sonra ortak tanıdığımız biri gerçeği yüzüme vurdu, hayatımın en utanç verici saniyesiydi, mahcubiyetten başımı öne eğdim.",utanç
"Mağazada kasa kuyruğunda beklerken ve öfke kontrolümü kaybedip anneme bağırdım, onun gözlerindeki o kırgınlığı görünce kendimden iğrendim, yüzüm kızardı, terlemeye başladım ve utançtan ne diyeceğimi bilemedim.",utanç
"Madalyayı boynuma taktıklarında ve oğlumun milli formayı giyip sahaya çıktığı anı canlı yayında izledim bana bu hissi, bu muazzam onuru yaşatan irademle iftihar ettim.",gurur
"Düğün salonunda tam ortada oynarken, yürürken havalı görüneyim derken ayağım halıya takıldı ve herkesin ortasında boylu boyunca yere kapaklandım, böyle bencilce ve aptalca davrandığım için insanlığımdan fena halde utandım.",utanç
"Çok lüks bir kafede otururken ve yürürken havalı görüneyim derken ayağım halıya takıldı ve herkesin ortasında boylu boyunca yere kapaklandım, yüzüm kızardı, terlemeye başladım ve utançtan ne diyeceğimi bilemedim.",utanç
"Önemli bir müşteri görüşmesinin tam ortasında ve ağzımda kocaman bir yiyecek parçası kalmış, bütün gün insanlara o şekilde sırıtarak gezmişim, yüzüm kızardı, terlemeye başladım ve utançtan ne diyeceğimi bilemedim.",utanç
"Bitiş çizgisine geldiğimde, kimseye eyvallah etmeden, kendi paramla aldığım bu evin tapusunu elime aldım ve bu dik duruşumun, bu başarımın haklı gururunu yaşamaya karar verdim.",gurur
"İlk buluşmada yemeğimizi yerken, kadını hamile zannedip kalkıp yer verdim ama meğer sadece kiloluymuş ve bana çok ters baktı, o an utancımdan yerin dibine girdim, keşke görünmez olsam diye dua ettim.",utanç
"Dün ofisteyken, eski sevgilime atacağım o ergence mesajı yanlışlıkla aile WhatsApp grubuna gönderdim, o an utancımdan yerin dibine girdim, keşke görünmez olsam diye dua ettim.",utanç
"Çıkan haberi okuduğumda, ülkemi yurt dışında temsil ederken bayrağımızın dalgalandığını izledim şu hayatta arkamda bıraktığım bu temiz isimle ölene kadar gurur duyacağım.",gurur
"Açıkçası, aynaya bakıp, ülkemi yurt dışında temsil ederken bayrağımızın dalgalandığını izledim bana bu hissi, bu muazzam onuru yaşatan irademle iftihar ettim.",gurur
Müdür ismimi okuduğunda ve gençliğimin en güzel yıllarını vererek yazdığım romanın en çok satanlara girdiğini gördüm hayatımda ilk defa 'işte başardım' demenin o saf gururunu iliklerime kadar hissettim.,gurur
"Aynaya bakıp, hayatım boyunca hayalini kurduğum o üniversiteden şeref listesinde mezun olduğumu anladım ve göğsümün kabardığını, tüm yorgunluğumun uçup gittiğini hissettim.",gurur
Anahtarı kapıya takarken ve babamın bana bıraktığı o küçük atölyeyi bugün dev bir fabrikaya dönüştürdüm ve kendimle öyle bir gurur duydum ki gözyaşlarıma hakim olamadım.,gurur
"Derin bir nefes alıp, bana 'asla yapamazsın' diyen herkesin haksız çıktığını ispatladım kendime olan inancımın bana kazandırdığı bu büyük zaferle gurur duydum.",gurur
Kürsüye çıkarken ve bursla gittiğim ülkede kendi laboratuvarımı kurma yetkisi aldım şu hayatta arkamda bıraktığım bu temiz isimle ölene kadar gurur duyacağım.,gurur
"Düğün salonunda tam ortada oynarken, birine hava atmak için yalan söyledim ama beş dakika sonra ortak tanıdığımız biri gerçeği yüzüme vurdu, kendi karakterimden, bu yaptığım çocukluktan o kadar utandım ki kahroldum.",utanç
"Açıkçası, dün ofisteyken, eski sevgilime atacağım o ergence mesajı yanlışlıkla aile whatsapp grubuna gönderdim, kendi karakterimden, bu yaptığım çocukluktan o kadar utandım ki kahroldum.",utanç
"Dün gece ve kızımın tıp fakültesini birincilikle bitirdiğini kendi gözlerimle gördüm alnımın akıyla, tertemiz bir vicdanla buralara gelmiş olmanın gururu paha biçilemezdi.",gurur
"Törende tam adım okunduğunda ve kulaklığın tam takılmadığını fark etmeden son ses en damar arabesk şarkıyı tüm otobüse dinletmişim, kendi karakterimden, bu yaptığım çocukluktan o kadar utandım ki kahroldum.",utanç
"Açıkçası, müdür ismimi okuduğunda, gece gündüz demeden çalıştığım projenin uluslararası ödül aldığını öğrendim ve bu dik duruşumun, bu başarımın haklı gururunu yaşamaya karar verdim.",gurur
"Açıkçası, bitiş çizgisine geldiğimde, hiçbir haksızlığa boyun eğmeden, dürüstlüğümden taviz vermeden o makama seçildim şu hayatta arkamda bıraktığım bu temiz isimle ölene kadar gurur duyacağım.",gurur
"Madalyayı boynuma taktıklarında, babamın bana bıraktığı o küçük atölyeyi bugün dev bir fabrikaya dönüştürdüm kendime olan inancımın bana kazandırdığı bu büyük zaferle gurur duydum.",gurur
"Kırmızı ışıkta beklerken ve bilgisayarımın ekranını paylaştığımı unutup arka planda açık kalan o saçma sapan komik videoyu herkese izlettim, o an utancımdan yerin dibine girdim, keşke görünmez olsam diye dua ettim.",utanç
"Açıkçası, müdür ismimi okuduğunda, kimseye eyvallah etmeden, kendi paramla aldığım bu evin tapusunu elime aldım hayatımda ilk defa 'işte başardım' demenin o saf gururunu iliklerime kadar hissettim.",gurur
"Açıkçası, kırmızı ışıkta beklerken ve ağzımda kocaman bir yiyecek parçası kalmış, bütün gün insanlara o şekilde sırıtarak gezmişim, hayatımın en utanç verici saniyesiydi, mahcubiyetten başımı öne eğdim.",utanç
"Açıkçası, telefonda arkasından konuşurken, öfke kontrolümü kaybedip anneme bağırdım, onun gözlerindeki o kırgınlığı görünce kendimden iğrendim, kendi karakterimden, bu yaptığım çocukluktan o kadar utandım ki kahroldum.",utanç
"Düğün salonunda tam ortada oynarken ve bilgisayarımın ekranını paylaştığımı unutup arka planda açık kalan o saçma sapan komik videoyu herkese izlettim, geceleri aklıma geldikçe hala yatakta kendi kendime utanıp yüzümü kapatıyorum.",utanç
"Otel lobisinde beklerken ve kendi hatam yüzünden projeyi batırdım ve cezayı yeni giren stajyerin üstüne yıktım, yüzüm kızardı, terlemeye başladım ve utançtan ne diyeceğimi bilemedim.",utanç
"Açıkçası, çok lüks bir kafede otururken ve kulaklığın tam takılmadığını fark etmeden son ses en damar arabesk şarkıyı tüm otobüse dinletmişim, o an utancımdan yerin dibine girdim, keşke görünmez olsam diye dua ettim.",utanç
"Açıkçası, telefonda arkasından konuşurken, arkamdaki adamı liseden arkadaşım sanıp ensesine tokat attım, adam dönünce yabancı olduğunu anladım, geceleri aklıma geldikçe hala yatakta kendi kendime utanıp yüzümü kapatıyorum.",utanç
"Bitiş çizgisine geldiğimde, kimseye eyvallah etmeden, kendi paramla aldığım bu evin tapusunu elime aldım bana bu hissi, bu muazzam onuru yaşatan irademle iftihar ettim.",gurur
"Müdür ismimi okuduğunda ve sokak hayvanları için başlattığımız kampanyanın binlerce cana umut olduğunu gördüm ve bu dik duruşumun, bu başarımın haklı gururunu yaşamaya karar verdim.",gurur
"Düğün salonunda tam ortada oynarken ve arabayı park ederken yanlışlıkla engelli yerine koyduğumu fark ettim ve silecekteki o yazıyı okudum, o an utancımdan yerin dibine girdim, keşke görünmez olsam diye dua ettim.",utanç
"Online derste mikrofonu kapalı sanırken, yürürken havalı görüneyim derken ayağım halıya takıldı ve herkesin ortasında boylu boyunca yere kapaklandım, böyle bencilce ve aptalca davrandığım için insanlığımdan fena halde utandım.",utanç
"Madalyayı boynuma taktıklarında ve aylardır süren o amansız hastalığı yenip doktorlardan temiz raporunu aldım ve bu dik duruşumun, bu başarımın haklı gururunu yaşamaya karar verdim.",gurur
"Online derste mikrofonu kapalı sanırken ve kendi hatam yüzünden projeyi batırdım ve cezayı yeni giren stajyerin üstüne yıktım, yer yarılsaydı da içine düşseydim diye düşündürten korkunç bir utanç hissiydi.",utanç
"İmzayı atarken ve gençliğimin en güzel yıllarını vererek yazdığım romanın en çok satanlara girdiğini gördüm ve bu dik duruşumun, bu başarımın haklı gururunu yaşamaya karar verdim.",gurur
"Annemin gözlerindeki yaşı görünce, kimseye eyvallah etmeden, kendi paramla aldığım bu evin tapusunu elime aldım içimde büyüyen o tarif edilmez milli gururla tüylerim diken diken oldu.",gurur
"Açıkçası, derin bir nefes alıp ve kimseye eyvallah etmeden, kendi paramla aldığım bu evin tapusunu elime aldım bana bu hissi, bu muazzam onuru yaşatan irademle iftihar ettim.",gurur
"Aynaya bakıp ve gece gündüz demeden çalıştığım projenin uluslararası ödül aldığını öğrendim ve bu dik duruşumun, bu başarımın haklı gururunu yaşamaya karar verdim.",gurur
"Önemli bir müşteri görüşmesinin tam ortasında ve adını unuttuğum birine idare etmek için 'canım' derken onun kendi adını vurgulayarak beni düzeltmesiyle şok oldum, hayatımın en utanç verici saniyesiydi, mahcubiyetten başımı öne eğdim.",utanç
"Dün ofisteyken, birine hava atmak için yalan söyledim ama beş dakika sonra ortak tanıdığımız biri gerçeği yüzüme vurdu, yüzüm kızardı, terlemeye başladım ve utançtan ne diyeceğimi bilemedim.",utanç
"İmzayı atarken, babamın bana bıraktığı o küçük atölyeyi bugün dev bir fabrikaya dönüştürdüm kendime olan inancımın bana kazandırdığı bu büyük zaferle gurur duydum.",gurur
"Tıklım tıklım dolu olan metroda, arabayı park ederken yanlışlıkla engelli yerine koyduğumu fark ettim ve silecekteki o yazıyı okudum, yüzüm kızardı, terlemeye başladım ve utançtan ne diyeceğimi bilemedim.",utanç
"Sessizliğin hakim olduğu kütüphanede ve bilgisayarımın ekranını paylaştığımı unutup arka planda açık kalan o saçma sapan komik videoyu herkese izlettim, büyük bir vicdan azabı ve utançla o ortamı anında terk etmek zorunda kaldım.",utanç
"Bankadaki bakiyeye bakınca, hiçbir torpilim olmadan, sadece alnımın teriyle o zorlu mülakatı birincilikle geçtim ve kendimle öyle bir gurur duydum ki gözyaşlarıma hakim olamadım.",gurur
"Sunum dosyasını ekrana yansıttığımda ve eski sevgilime atacağım o ergence mesajı yanlışlıkla aile WhatsApp grubuna gönderdim, hayatımın en utanç verici saniyesiydi, mahcubiyetten başımı öne eğdim.",utanç
"Dün ofisteyken, kadını hamile zannedip kalkıp yer verdim ama meğer sadece kiloluymuş ve bana çok ters baktı, kendi karakterimden, bu yaptığım çocukluktan o kadar utandım ki kahroldum.",utanç
"Bankadaki bakiyeye bakınca, bana 'asla yapamazsın' diyen herkesin haksız çıktığını ispatladım ve göğsümün kabardığını, tüm yorgunluğumun uçup gittiğini hissettim.",gurur
"Açıkçası, sabaha karşı, babamın bana bıraktığı o küçük atölyeyi bugün dev bir fabrikaya dönüştürdüm içimde büyüyen o tarif edilmez milli gururla tüylerim diken diken oldu.",gurur
"Belgeyi elime aldığımda ve kızımın tıp fakültesini birincilikle bitirdiğini kendi gözlerimle gördüm bana bu hissi, bu muazzam onuru yaşatan irademle iftihar ettim.",gurur
"İlk buluşmada yemeğimizi yerken, kadını hamile zannedip kalkıp yer verdim ama meğer sadece kiloluymuş ve bana çok ters baktı, böyle bencilce ve aptalca davrandığım için insanlığımdan fena halde utandım.",utanç
"Sonunda o maili aldığımda, bana 'asla yapamazsın' diyen herkesin haksız çıktığını ispatladım bana bu hissi, bu muazzam onuru yaşatan irademle iftihar ettim.",gurur
"Açıkçası, hesap kitap yapıp borcun bittiğini görünce, bursla gittiğim ülkede kendi laboratuvarımı kurma yetkisi aldım kendime olan inancımın bana kazandırdığı bu büyük zaferle gurur duydum.",gurur
"Törende tam adım okunduğunda ve eski sevgilime atacağım o ergence mesajı yanlışlıkla aile WhatsApp grubuna gönderdim, ve yaşadığım bu rezilliği ömrümün sonuna kadar hafızamdan silemeyeceğim.",utanç
"Online derste mikrofonu kapalı sanırken ve bilgisayarımın ekranını paylaştığımı unutup arka planda açık kalan o saçma sapan komik videoyu herkese izlettim, yüzüm kızardı, terlemeye başladım ve utançtan ne diyeceğimi bilemedim.",utanç
"Herkesin bana baktığı o an ve gençliğimin en güzel yıllarını vererek yazdığım romanın en çok satanlara girdiğini gördüm bana bu hissi, bu muazzam onuru yaşatan irademle iftihar ettim.",gurur
"Sonuçları ekranda görünce ve ülkemi yurt dışında temsil ederken bayrağımızın dalgalandığını izledim bana bu hissi, bu muazzam onuru yaşatan irademle iftihar ettim.",gurur
"Kürsüye çıkarken, bana 'asla yapamazsın' diyen herkesin haksız çıktığını ispatladım hayatımda ilk defa 'işte başardım' demenin o saf gururunu iliklerime kadar hissettim.",gurur
"Sabaha karşı ve kimseye eyvallah etmeden, kendi paramla aldığım bu evin tapusunu elime aldım alnımın akıyla, tertemiz bir vicdanla buralara gelmiş olmanın gururu paha biçilemezdi.",gurur
"Açıkçası, sabaha karşı, hayatım boyunca hayalini kurduğum o üniversiteden şeref listesinde mezun olduğumu anladım kendime olan inancımın bana kazandırdığı bu büyük zaferle gurur duydum.",gurur
"O an sahnede dururken ve oğlumun milli formayı giyip sahaya çıktığı anı canlı yayında izledim alnımın akıyla, tertemiz bir vicdanla buralara gelmiş olmanın gururu paha biçilemezdi.",gurur
"Açıkçası, sabaha karşı ve hiçbir torpilim olmadan, sadece alnımın teriyle o zorlu mülakatı birincilikle geçtim şu hayatta arkamda bıraktığım bu temiz isimle ölene kadar gurur duyacağım.",gurur
"Açıkçası, kırmızı ışıkta beklerken ve eski sevgilime atacağım o ergence mesajı yanlışlıkla aile whatsapp grubuna gönderdim, geceleri aklıma geldikçe hala yatakta kendi kendime utanıp yüzümü kapatıyorum.",utanç
"Bankadaki bakiyeye bakınca ve sokak hayvanları için başlattığımız kampanyanın binlerce cana umut olduğunu gördüm bana bu hissi, bu muazzam onuru yaşatan irademle iftihar ettim.",gurur
"Mağazada kasa kuyruğunda beklerken ve adını unuttuğum birine idare etmek için 'canım' derken onun kendi adını vurgulayarak beni düzeltmesiyle şok oldum, ve yaşadığım bu rezilliği ömrümün sonuna kadar hafızamdan silemeyeceğim.",utanç
"Herkesin bana baktığı o an ve hiçbir torpilim olmadan, sadece alnımın teriyle o zorlu mülakatı birincilikle geçtim alnımın akıyla, tertemiz bir vicdanla buralara gelmiş olmanın gururu paha biçilemezdi.",gurur
"Açıkçası, online derste mikrofonu kapalı sanırken, eski sevgilime atacağım o ergence mesajı yanlışlıkla aile whatsapp grubuna gönderdim, ve yaşadığım bu rezilliği ömrümün sonuna kadar hafızamdan silemeyeceğim.",utanç
"Düğün salonunda tam ortada oynarken, tuvaletin kapısı kilitli sanıyordum, biri aniden içeri girince ne yapacağımı şaşırdım, ve yaşadığım bu rezilliği ömrümün sonuna kadar hafızamdan silemeyeceğim.",utanç
"Açıkçası, online derste mikrofonu kapalı sanırken ve adını unuttuğum birine idare etmek için 'canım' derken onun kendi adını vurgulayarak beni düzeltmesiyle şok oldum, geceleri aklıma geldikçe hala yatakta kendi kendime utanıp yüzümü kapatıyorum.",utanç
"Açıkçası, tıklım tıklım dolu olan metroda ve arkamdaki adamı liseden arkadaşım sanıp ensesine tokat attım, adam dönünce yabancı olduğunu anladım, geceleri aklıma geldikçe hala yatakta kendi kendime utanıp yüzümü kapatıyorum.",utanç
Dün gece ve gençliğimin en güzel yıllarını vererek yazdığım romanın en çok satanlara girdiğini gördüm ve kendimle öyle bir gurur duydum ki gözyaşlarıma hakim olamadım.,gurur
"O alkış tufanı koptuğunda ve hiçbir torpilim olmadan, sadece alnımın teriyle o zorlu mülakatı birincilikle geçtim ve bu dik duruşumun, bu başarımın haklı gururunu yaşamaya karar verdim.",gurur
"Anahtarı kapıya takarken ve kimseye eyvallah etmeden, kendi paramla aldığım bu evin tapusunu elime aldım hayatımda ilk defa 'işte başardım' demenin o saf gururunu iliklerime kadar hissettim.",gurur
"Açıkçası, telefonda arkasından konuşurken, yürürken havalı görüneyim derken ayağım halıya takıldı ve herkesin ortasında boylu boyunca yere kapaklandım, o an utancımdan yerin dibine girdim, keşke görünmez olsam diye dua ettim.",utanç
"Törende tam adım okunduğunda, arabayı park ederken yanlışlıkla engelli yerine koyduğumu fark ettim ve silecekteki o yazıyı okudum, ve yaşadığım bu rezilliği ömrümün sonuna kadar hafızamdan silemeyeceğim.",utanç
"Açıkçası, kırmızı ışıkta beklerken, öfke kontrolümü kaybedip anneme bağırdım, onun gözlerindeki o kırgınlığı görünce kendimden iğrendim, hayatımın en utanç verici saniyesiydi, mahcubiyetten başımı öne eğdim.",utanç
"Törende tam adım okunduğunda ve öfke kontrolümü kaybedip anneme bağırdım, onun gözlerindeki o kırgınlığı görünce kendimden iğrendim, o an utancımdan yerin dibine girdim, keşke görünmez olsam diye dua ettim.",utanç
"Müdür ismimi okuduğunda ve kendi tırnaklarımla kazıyarak kurduğum işimin meyvelerini topladığımı fark ettim ve bu dik duruşumun, bu başarımın haklı gururunu yaşamaya karar verdim.",gurur
"Açıkçası, çıkan haberi okuduğumda ve bana 'asla yapamazsın' diyen herkesin haksız çıktığını ispatladım hayatımda ilk defa 'işte başardım' demenin o saf gururunu iliklerime kadar hissettim.",gurur
"Sessizliğin hakim olduğu kütüphanede ve eski sevgilime atacağım o ergence mesajı yanlışlıkla aile WhatsApp grubuna gönderdim, geceleri aklıma geldikçe hala yatakta kendi kendime utanıp yüzümü kapatıyorum.",utanç
"Telefonda arkasından konuşurken, arabayı park ederken yanlışlıkla engelli yerine koyduğumu fark ettim ve silecekteki o yazıyı okudum, kendi karakterimden, bu yaptığım çocukluktan o kadar utandım ki kahroldum.",utanç
"Açıkçası, törende tam adım okunduğunda ve heyecandan elimdeki bardağı devirip kahveyi müdürün bembeyaz gömleğine döktüm, böyle bencilce ve aptalca davrandığım için insanlığımdan fena halde utandım.",utanç
"Açıkçası, sessizliğin hakim olduğu kütüphanede ve tuvaletin kapısı kilitli sanıyordum, biri aniden içeri girince ne yapacağımı şaşırdım, yüzüm kızardı, terlemeye başladım ve utançtan ne diyeceğimi bilemedim.",utanç
"Sonunda o maili aldığımda ve bana 'asla yapamazsın' diyen herkesin haksız çıktığını ispatladım bana bu hissi, bu muazzam onuru yaşatan irademle iftihar ettim.",gurur
"Derin bir nefes alıp, babamın bana bıraktığı o küçük atölyeyi bugün dev bir fabrikaya dönüştürdüm hayatımda ilk defa 'işte başardım' demenin o saf gururunu iliklerime kadar hissettim.",gurur
"Açıkçası, törende tam adım okunduğunda ve eski sevgilime atacağım o ergence mesajı yanlışlıkla aile whatsapp grubuna gönderdim, ve yaşadığım bu rezilliği ömrümün sonuna kadar hafızamdan silemeyeceğim.",utanç
"Açıkçası, düğün salonunda tam ortada oynarken ve tuvaletin kapısı kilitli sanıyordum, biri aniden içeri girince ne yapacağımı şaşırdım, o an utancımdan yerin dibine girdim, keşke görünmez olsam diye dua ettim.",utanç
"Çok lüks bir kafede otururken, adını unuttuğum birine idare etmek için 'canım' derken onun kendi adını vurgulayarak beni düzeltmesiyle şok oldum, böyle bencilce ve aptalca davrandığım için insanlığımdan fena halde utandım.",utanç
"Annemin gözlerindeki yaşı görünce, kendi tırnaklarımla kazıyarak kurduğum işimin meyvelerini topladığımı fark ettim alnımın akıyla, tertemiz bir vicdanla buralara gelmiş olmanın gururu paha biçilemezdi.",gurur
"Mağazada kasa kuyruğunda beklerken ve arkamdaki adamı liseden arkadaşım sanıp ensesine tokat attım, adam dönünce yabancı olduğunu anladım, kendi karakterimden, bu yaptığım çocukluktan o kadar utandım ki kahroldum.",utanç
"Açıkçası, online derste mikrofonu kapalı sanırken ve hesabı ödeyecekken kartım 'yetersiz bakiye' uyarısı verdi, arkamdaki onca insan bana bakıyordu, büyük bir vicdan azabı ve utançla o ortamı anında terk etmek zorunda kaldım.",utanç
"Açıkçası, yılların yorgunluğuna rağmen, ülkemi yurt dışında temsil ederken bayrağımızın dalgalandığını izledim kendime olan inancımın bana kazandırdığı bu büyük zaferle gurur duydum.",gurur
"Tıklım tıklım dolu olan metroda, tuvaletin kapısı kilitli sanıyordum, biri aniden içeri girince ne yapacağımı şaşırdım, geceleri aklıma geldikçe hala yatakta kendi kendime utanıp yüzümü kapatıyorum.",utanç
"Önemli bir müşteri görüşmesinin tam ortasında ve yürürken havalı görüneyim derken ayağım halıya takıldı ve herkesin ortasında boylu boyunca yere kapaklandım, ve yaşadığım bu rezilliği ömrümün sonuna kadar hafızamdan silemeyeceğim.",utanç
"Telefonda arkasından konuşurken ve kulaklığın tam takılmadığını fark etmeden son ses en damar arabesk şarkıyı tüm otobüse dinletmişim, yüzüm kızardı, terlemeye başladım ve utançtan ne diyeceğimi bilemedim.",utanç
"İlk buluşmada yemeğimizi yerken ve kendi hatam yüzünden projeyi batırdım ve cezayı yeni giren stajyerin üstüne yıktım, böyle bencilce ve aptalca davrandığım için insanlığımdan fena halde utandım.",utanç
"Hesap kitap yapıp borcun bittiğini görünce, sokak hayvanları için başlattığımız kampanyanın binlerce cana umut olduğunu gördüm şu hayatta arkamda bıraktığım bu temiz isimle ölene kadar gurur duyacağım.",gurur
"Açıkçası, çok lüks bir kafede otururken ve hesabı ödeyecekken kartım 'yetersiz bakiye' uyarısı verdi, arkamdaki onca insan bana bakıyordu, yer yarılsaydı da içine düşseydim diye düşündürten korkunç bir utanç hissiydi.",utanç
"Çok lüks bir kafede otururken ve öfke kontrolümü kaybedip anneme bağırdım, onun gözlerindeki o kırgınlığı görünce kendimden iğrendim, böyle bencilce ve aptalca davrandığım için insanlığımdan fena halde utandım.",utanç
"Sunum dosyasını ekrana yansıttığımda, bilgisayarımın ekranını paylaştığımı unutup arka planda açık kalan o saçma sapan komik videoyu herkese izlettim, ve yaşadığım bu rezilliği ömrümün sonuna kadar hafızamdan silemeyeceğim.",utanç
"Açıkçası, akrabaların toplandığı salonda, eski sevgilime atacağım o ergence mesajı yanlışlıkla aile whatsapp grubuna gönderdim, o an utancımdan yerin dibine girdim, keşke görünmez olsam diye dua ettim.",utanç
"Açıkçası, i̇mzayı atarken, hiçbir torpilim olmadan, sadece alnımın teriyle o zorlu mülakatı birincilikle geçtim hayatımda ilk defa 'işte başardım' demenin o saf gururunu iliklerime kadar hissettim.",gurur
"Bitiş çizgisine geldiğimde, gece gündüz demeden çalıştığım projenin uluslararası ödül aldığını öğrendim şu hayatta arkamda bıraktığım bu temiz isimle ölene kadar gurur duyacağım.",gurur
"Otel lobisinde beklerken, kendi hatam yüzünden projeyi batırdım ve cezayı yeni giren stajyerin üstüne yıktım, yüzüm kızardı, terlemeye başladım ve utançtan ne diyeceğimi bilemedim.",utanç
"Kırmızı ışıkta beklerken ve ağzımda kocaman bir yiyecek parçası kalmış, bütün gün insanlara o şekilde sırıtarak gezmişim, geceleri aklıma geldikçe hala yatakta kendi kendime utanıp yüzümü kapatıyorum.",utanç
"Açıkçası, i̇lk buluşmada yemeğimizi yerken ve kulaklığın tam takılmadığını fark etmeden son ses en damar arabesk şarkıyı tüm otobüse dinletmişim, büyük bir vicdan azabı ve utançla o ortamı anında terk etmek zorunda kaldım.",utanç
"Kürsüye çıkarken ve gece gündüz demeden çalıştığım projenin uluslararası ödül aldığını öğrendim ve göğsümün kabardığını, tüm yorgunluğumun uçup gittiğini hissettim.",gurur
"Sessizliğin hakim olduğu kütüphanede ve arabayı park ederken yanlışlıkla engelli yerine koyduğumu fark ettim ve silecekteki o yazıyı okudum, ve yaşadığım bu rezilliği ömrümün sonuna kadar hafızamdan silemeyeceğim.",utanç
"Tıklım tıklım dolu olan metroda ve bilgisayarımın ekranını paylaştığımı unutup arka planda açık kalan o saçma sapan komik videoyu herkese izlettim, geceleri aklıma geldikçe hala yatakta kendi kendime utanıp yüzümü kapatıyorum.",utanç
"Dün ofisteyken, eski sevgilime atacağım o ergence mesajı yanlışlıkla aile WhatsApp grubuna gönderdim, kendi karakterimden, bu yaptığım çocukluktan o kadar utandım ki kahroldum.",utanç
"Açıkçası, otel lobisinde beklerken, heyecandan elimdeki bardağı devirip kahveyi müdürün bembeyaz gömleğine döktüm, büyük bir vicdan azabı ve utançla o ortamı anında terk etmek zorunda kaldım.",utanç
"Çıkan haberi okuduğumda, babamın bana bıraktığı o küçük atölyeyi bugün dev bir fabrikaya dönüştürdüm bana bu hissi, bu muazzam onuru yaşatan irademle iftihar ettim.",gurur
"Düğün salonunda tam ortada oynarken, arkamdaki adamı liseden arkadaşım sanıp ensesine tokat attım, adam dönünce yabancı olduğunu anladım, yer yarılsaydı da içine düşseydim diye düşündürten korkunç bir utanç hissiydi.",utanç
"Çıkan haberi okuduğumda, hiçbir torpilim olmadan, sadece alnımın teriyle o zorlu mülakatı birincilikle geçtim hayatımda ilk defa 'işte başardım' demenin o saf gururunu iliklerime kadar hissettim.",gurur
"Açıkçası, herkesin bana baktığı o an ve sokak hayvanları için başlattığımız kampanyanın binlerce cana umut olduğunu gördüm içimde büyüyen o tarif edilmez milli gururla tüylerim diken diken oldu.",gurur
"Açıkçası, anahtarı kapıya takarken, kimseye eyvallah etmeden, kendi paramla aldığım bu evin tapusunu elime aldım ve bu dik duruşumun, bu başarımın haklı gururunu yaşamaya karar verdim.",gurur
"Sonuçları ekranda görünce, babamın bana bıraktığı o küçük atölyeyi bugün dev bir fabrikaya dönüştürdüm ve göğsümün kabardığını, tüm yorgunluğumun uçup gittiğini hissettim.",gurur
Çıkan haberi okuduğumda ve sokak hayvanları için başlattığımız kampanyanın binlerce cana umut olduğunu gördüm ve kendimle öyle bir gurur duydum ki gözyaşlarıma hakim olamadım.,gurur
"Kürsüye çıkarken, bursla gittiğim ülkede kendi laboratuvarımı kurma yetkisi aldım şu hayatta arkamda bıraktığım bu temiz isimle ölene kadar gurur duyacağım.",gurur
"Sessizliğin hakim olduğu kütüphanede ve kadını hamile zannedip kalkıp yer verdim ama meğer sadece kiloluymuş ve bana çok ters baktı, yüzüm kızardı, terlemeye başladım ve utançtan ne diyeceğimi bilemedim.",utanç
"Açıkçası, bitiş çizgisine geldiğimde, gençliğimin en güzel yıllarını vererek yazdığım romanın en çok satanlara girdiğini gördüm bana bu hissi, bu muazzam onuru yaşatan irademle iftihar ettim.",gurur
"Açıkçası, hesap kitap yapıp borcun bittiğini görünce ve gençliğimin en güzel yıllarını vererek yazdığım romanın en çok satanlara girdiğini gördüm şu hayatta arkamda bıraktığım bu temiz isimle ölene kadar gurur duyacağım.",gurur
"İlk buluşmada yemeğimizi yerken, hesabı ödeyecekken kartım 'yetersiz bakiye' uyarısı verdi, arkamdaki onca insan bana bakıyordu, yer yarılsaydı da içine düşseydim diye düşündürten korkunç bir utanç hissiydi.",utanç
"İlk buluşmada yemeğimizi yerken, adını unuttuğum birine idare etmek için 'canım' derken onun kendi adını vurgulayarak beni düzeltmesiyle şok oldum, kendi karakterimden, bu yaptığım çocukluktan o kadar utandım ki kahroldum.",utanç
"Yılların yorgunluğuna rağmen, hayatım boyunca hayalini kurduğum o üniversiteden şeref listesinde mezun olduğumu anladım ve bu dik duruşumun, bu başarımın haklı gururunu yaşamaya karar verdim.",gurur
"Sessizliğin hakim olduğu kütüphanede, eski sevgilime atacağım o ergence mesajı yanlışlıkla aile WhatsApp grubuna gönderdim, büyük bir vicdan azabı ve utançla o ortamı anında terk etmek zorunda kaldım.",utanç
"Açıkçası, akrabaların toplandığı salonda, bilgisayarımın ekranını paylaştığımı unutup arka planda açık kalan o saçma sapan komik videoyu herkese izlettim, ve yaşadığım bu rezilliği ömrümün sonuna kadar hafızamdan silemeyeceğim.",utanç
"Açıkçası, sonuçları ekranda görünce, hiçbir haksızlığa boyun eğmeden, dürüstlüğümden taviz vermeden o makama seçildim şu hayatta arkamda bıraktığım bu temiz isimle ölene kadar gurur duyacağım.",gurur
"Tıklım tıklım dolu olan metroda, eski sevgilime atacağım o ergence mesajı yanlışlıkla aile WhatsApp grubuna gönderdim, kendi karakterimden, bu yaptığım çocukluktan o kadar utandım ki kahroldum.",utanç
"Çok lüks bir kafede otururken ve birine hava atmak için yalan söyledim ama beş dakika sonra ortak tanıdığımız biri gerçeği yüzüme vurdu, yer yarılsaydı da içine düşseydim diye düşündürten korkunç bir utanç hissiydi.",utanç
"Açıkçası, mağazada kasa kuyruğunda beklerken, kadını hamile zannedip kalkıp yer verdim ama meğer sadece kiloluymuş ve bana çok ters baktı, insanların o küçümseyen bakışları altında ezildim, çok fena utandım.",utanç
"Açıkçası, herkesin bana baktığı o an ve sokak hayvanları için başlattığımız kampanyanın binlerce cana umut olduğunu gördüm bana bu hissi, bu muazzam onuru yaşatan irademle iftihar ettim.",gurur
"Dün ofisteyken, hesabı ödeyecekken kartım 'yetersiz bakiye' uyarısı verdi, arkamdaki onca insan bana bakıyordu, yüzüm kızardı, terlemeye başladım ve utançtan ne diyeceğimi bilemedim.",utanç
"Açıkçası, tıklım tıklım dolu olan metroda, kulaklığın tam takılmadığını fark etmeden son ses en damar arabesk şarkıyı tüm otobüse dinletmişim, böyle bencilce ve aptalca davrandığım için insanlığımdan fena halde utandım.",utanç
"Açıkçası, online derste mikrofonu kapalı sanırken ve hesabı ödeyecekken kartım 'yetersiz bakiye' uyarısı verdi, arkamdaki onca insan bana bakıyordu, ve yaşadığım bu rezilliği ömrümün sonuna kadar hafızamdan silemeyeceğim.",utanç
"Otel lobisinde beklerken, yürürken havalı görüneyim derken ayağım halıya takıldı ve herkesin ortasında boylu boyunca yere kapaklandım, ve yaşadığım bu rezilliği ömrümün sonuna kadar hafızamdan silemeyeceğim.",utanç
"Açıkçası, çıkan haberi okuduğumda ve oğlumun milli formayı giyip sahaya çıktığı anı canlı yayında izledim ve göğsümün kabardığını, tüm yorgunluğumun uçup gittiğini hissettim.",gurur
"Açıkçası, bankadaki bakiyeye bakınca ve sokak hayvanları için başlattığımız kampanyanın binlerce cana umut olduğunu gördüm hayatımda ilk defa 'işte başardım' demenin o saf gururunu iliklerime kadar hissettim.",gurur
"Açıkçası, sonuçları ekranda görünce ve gençliğimin en güzel yıllarını vererek yazdığım romanın en çok satanlara girdiğini gördüm ailemizin yüzünü ağartmanın, onlara bu gururu yaşatmanın huzuruyla doldum.",gurur
"Açıkçası, madalyayı boynuma taktıklarında, kendi tırnaklarımla kazıyarak kurduğum işimin meyvelerini topladığımı fark ettim bana bu hissi, bu muazzam onuru yaşatan irademle iftihar ettim.",gurur
"Açıkçası, sessizliğin hakim olduğu kütüphanede ve kadını hamile zannedip kalkıp yer verdim ama meğer sadece kiloluymuş ve bana çok ters baktı, insanların o küçümseyen bakışları altında ezildim, çok fena utandım.",utanç
"Mağazada kasa kuyruğunda beklerken ve kendi hatam yüzünden projeyi batırdım ve cezayı yeni giren stajyerin üstüne yıktım, ve yaşadığım bu rezilliği ömrümün sonuna kadar hafızamdan silemeyeceğim.",utanç
"Yılların yorgunluğuna rağmen ve hiçbir haksızlığa boyun eğmeden, dürüstlüğümden taviz vermeden o makama seçildim ve göğsümün kabardığını, tüm yorgunluğumun uçup gittiğini hissettim.",gurur
"Açıkçası, i̇lk buluşmada yemeğimizi yerken, yürürken havalı görüneyim derken ayağım halıya takıldı ve herkesin ortasında boylu boyunca yere kapaklandım, yer yarılsaydı da içine düşseydim diye düşündürten korkunç bir utanç hissiydi.",utanç
"Çok lüks bir kafede otururken ve öfke kontrolümü kaybedip anneme bağırdım, onun gözlerindeki o kırgınlığı görünce kendimden iğrendim, kendi karakterimden, bu yaptığım çocukluktan o kadar utandım ki kahroldum.",utanç
"Akrabaların toplandığı salonda ve arabayı park ederken yanlışlıkla engelli yerine koyduğumu fark ettim ve silecekteki o yazıyı okudum, yüzüm kızardı, terlemeye başladım ve utançtan ne diyeceğimi bilemedim.",utanç
"Müdür ismimi okuduğunda, hayatım boyunca hayalini kurduğum o üniversiteden şeref listesinde mezun olduğumu anladım hayatımda ilk defa 'işte başardım' demenin o saf gururunu iliklerime kadar hissettim.",gurur
Çıkan haberi okuduğumda ve gençliğimin en güzel yıllarını vererek yazdığım romanın en çok satanlara girdiğini gördüm hayatımda ilk defa 'işte başardım' demenin o saf gururunu iliklerime kadar hissettim.,gurur
"Akrabaların toplandığı salonda ve birine hava atmak için yalan söyledim ama beş dakika sonra ortak tanıdığımız biri gerçeği yüzüme vurdu, böyle bencilce ve aptalca davrandığım için insanlığımdan fena halde utandım.",utanç
"Anahtarı kapıya takarken ve hiçbir haksızlığa boyun eğmeden, dürüstlüğümden taviz vermeden o makama seçildim ve göğsümün kabardığını, tüm yorgunluğumun uçup gittiğini hissettim.",gurur
"Kırmızı ışıkta beklerken ve arabayı park ederken yanlışlıkla engelli yerine koyduğumu fark ettim ve silecekteki o yazıyı okudum, kendi karakterimden, bu yaptığım çocukluktan o kadar utandım ki kahroldum.",utanç
"Açıkçası, madalyayı boynuma taktıklarında, oğlumun milli formayı giyip sahaya çıktığı anı canlı yayında izledim içimde büyüyen o tarif edilmez milli gururla tüylerim diken diken oldu.",gurur
"Online derste mikrofonu kapalı sanırken ve bilgisayarımın ekranını paylaştığımı unutup arka planda açık kalan o saçma sapan komik videoyu herkese izlettim, hayatımın en utanç verici saniyesiydi, mahcubiyetten başımı öne eğdim.",utanç
"Müdür ismimi okuduğunda, gençliğimin en güzel yıllarını vererek yazdığım romanın en çok satanlara girdiğini gördüm içimde büyüyen o tarif edilmez milli gururla tüylerim diken diken oldu.",gurur
"Düğün salonunda tam ortada oynarken ve ağzımda kocaman bir yiyecek parçası kalmış, bütün gün insanlara o şekilde sırıtarak gezmişim, büyük bir vicdan azabı ve utançla o ortamı anında terk etmek zorunda kaldım.",utanç
"Mağazada kasa kuyruğunda beklerken, hesabı ödeyecekken kartım 'yetersiz bakiye' uyarısı verdi, arkamdaki onca insan bana bakıyordu, böyle bencilce ve aptalca davrandığım için insanlığımdan fena halde utandım.",utanç
"Açıkçası, madalyayı boynuma taktıklarında, kendi tırnaklarımla kazıyarak kurduğum işimin meyvelerini topladığımı fark ettim ve bu dik duruşumun, bu başarımın haklı gururunu yaşamaya karar verdim.",gurur
"Madalyayı boynuma taktıklarında ve hayatım boyunca hayalini kurduğum o üniversiteden şeref listesinde mezun olduğumu anladım alnımın akıyla, tertemiz bir vicdanla buralara gelmiş olmanın gururu paha biçilemezdi.",gurur
"Sonunda o maili aldığımda, ülkemi yurt dışında temsil ederken bayrağımızın dalgalandığını izledim hayatımda ilk defa 'işte başardım' demenin o saf gururunu iliklerime kadar hissettim.",gurur
"Anahtarı kapıya takarken, oğlumun milli formayı giyip sahaya çıktığı anı canlı yayında izledim alnımın akıyla, tertemiz bir vicdanla buralara gelmiş olmanın gururu paha biçilemezdi.",gurur
"Açıkçası, otel lobisinde beklerken ve arabayı park ederken yanlışlıkla engelli yerine koyduğumu fark ettim ve silecekteki o yazıyı okudum, o an utancımdan yerin dibine girdim, keşke görünmez olsam diye dua ettim.",utanç
"Akrabaların toplandığı salonda ve ağzımda kocaman bir yiyecek parçası kalmış, bütün gün insanlara o şekilde sırıtarak gezmişim, hayatımın en utanç verici saniyesiydi, mahcubiyetten başımı öne eğdim.",utanç
"Açıkçası, bitiş çizgisine geldiğimde ve kendi tırnaklarımla kazıyarak kurduğum işimin meyvelerini topladığımı fark ettim alnımın akıyla, tertemiz bir vicdanla buralara gelmiş olmanın gururu paha biçilemezdi.",gurur
"Açıkçası, çok lüks bir kafede otururken, arabayı park ederken yanlışlıkla engelli yerine koyduğumu fark ettim ve silecekteki o yazıyı okudum, ve yaşadığım bu rezilliği ömrümün sonuna kadar hafızamdan silemeyeceğim.",utanç
"Çıkan haberi okuduğumda ve bana 'asla yapamazsın' diyen herkesin haksız çıktığını ispatladım ve göğsümün kabardığını, tüm yorgunluğumun uçup gittiğini hissettim.",gurur
"Açıkçası, hesap kitap yapıp borcun bittiğini görünce ve hayatım boyunca hayalini kurduğum o üniversiteden şeref listesinde mezun olduğumu anladım alnımın akıyla, tertemiz bir vicdanla buralara gelmiş olmanın gururu paha biçilemezdi.",gurur
"Otel lobisinde beklerken ve öfke kontrolümü kaybedip anneme bağırdım, onun gözlerindeki o kırgınlığı görünce kendimden iğrendim, geceleri aklıma geldikçe hala yatakta kendi kendime utanıp yüzümü kapatıyorum.",utanç
"Yılların yorgunluğuna rağmen, kızımın tıp fakültesini birincilikle bitirdiğini kendi gözlerimle gördüm bana bu hissi, bu muazzam onuru yaşatan irademle iftihar ettim.",gurur
"Açıkçası, kürsüye çıkarken ve gece gündüz demeden çalıştığım projenin uluslararası ödül aldığını öğrendim bana bu hissi, bu muazzam onuru yaşatan irademle iftihar ettim.",gurur
"Bitiş çizgisine geldiğimde ve sokak hayvanları için başlattığımız kampanyanın binlerce cana umut olduğunu gördüm ailemizin yüzünü ağartmanın, onlara bu gururu yaşatmanın huzuruyla doldum.",gurur
"Kırmızı ışıkta beklerken, kadını hamile zannedip kalkıp yer verdim ama meğer sadece kiloluymuş ve bana çok ters baktı, geceleri aklıma geldikçe hala yatakta kendi kendime utanıp yüzümü kapatıyorum.",utanç
"O an sahnede dururken, ülkemi yurt dışında temsil ederken bayrağımızın dalgalandığını izledim hayatımda ilk defa 'işte başardım' demenin o saf gururunu iliklerime kadar hissettim.",gurur
"Anahtarı kapıya takarken ve kimseye eyvallah etmeden, kendi paramla aldığım bu evin tapusunu elime aldım ve göğsümün kabardığını, tüm yorgunluğumun uçup gittiğini hissettim.",gurur
"O alkış tufanı koptuğunda, aylardır süren o amansız hastalığı yenip doktorlardan temiz raporunu aldım hayatımda ilk defa 'işte başardım' demenin o saf gururunu iliklerime kadar hissettim.",gurur
"Açıkçası, i̇lk buluşmada yemeğimizi yerken, birine hava atmak için yalan söyledim ama beş dakika sonra ortak tanıdığımız biri gerçeği yüzüme vurdu, yer yarılsaydı da içine düşseydim diye düşündürten korkunç bir utanç hissiydi.",utanç
"Kırmızı ışıkta beklerken, arabayı park ederken yanlışlıkla engelli yerine koyduğumu fark ettim ve silecekteki o yazıyı okudum, hayatımın en utanç verici saniyesiydi, mahcubiyetten başımı öne eğdim.",utanç
"Madalyayı boynuma taktıklarında ve hiçbir haksızlığa boyun eğmeden, dürüstlüğümden taviz vermeden o makama seçildim ve bu dik duruşumun, bu başarımın haklı gururunu yaşamaya karar verdim.",gurur
"İlk buluşmada yemeğimizi yerken ve heyecandan elimdeki bardağı devirip kahveyi müdürün bembeyaz gömleğine döktüm, böyle bencilce ve aptalca davrandığım için insanlığımdan fena halde utandım.",utanç
"Törende tam adım okunduğunda ve arabayı park ederken yanlışlıkla engelli yerine koyduğumu fark ettim ve silecekteki o yazıyı okudum, kendi karakterimden, bu yaptığım çocukluktan o kadar utandım ki kahroldum.",utanç
"Açıkçası, dün ofisteyken ve ağzımda kocaman bir yiyecek parçası kalmış, bütün gün insanlara o şekilde sırıtarak gezmişim, böyle bencilce ve aptalca davrandığım için insanlığımdan fena halde utandım.",utanç
"Törende tam adım okunduğunda ve yürürken havalı görüneyim derken ayağım halıya takıldı ve herkesin ortasında boylu boyunca yere kapaklandım, o an utancımdan yerin dibine girdim, keşke görünmez olsam diye dua ettim.",utanç
"Açıkçası, bankadaki bakiyeye bakınca, kimseye eyvallah etmeden, kendi paramla aldığım bu evin tapusunu elime aldım hayatımda ilk defa 'işte başardım' demenin o saf gururunu iliklerime kadar hissettim.",gurur
"Açıkçası, annemin gözlerindeki yaşı görünce, aylardır süren o amansız hastalığı yenip doktorlardan temiz raporunu aldım alnımın akıyla, tertemiz bir vicdanla buralara gelmiş olmanın gururu paha biçilemezdi.",gurur
"Açıkçası, dün ofisteyken, eski sevgilime atacağım o ergence mesajı yanlışlıkla aile whatsapp grubuna gönderdim, insanların o küçümseyen bakışları altında ezildim, çok fena utandım.",utanç
"Dün gece ve aylardır süren o amansız hastalığı yenip doktorlardan temiz raporunu aldım ve göğsümün kabardığını, tüm yorgunluğumun uçup gittiğini hissettim.",gurur
"Önemli bir müşteri görüşmesinin tam ortasında, birine hava atmak için yalan söyledim ama beş dakika sonra ortak tanıdığımız biri gerçeği yüzüme vurdu, böyle bencilce ve aptalca davrandığım için insanlığımdan fena halde utandım.",utanç
"Açıkçası, sessizliğin hakim olduğu kütüphanede ve birine hava atmak için yalan söyledim ama beş dakika sonra ortak tanıdığımız biri gerçeği yüzüme vurdu, insanların o küçümseyen bakışları altında ezildim, çok fena utandım.",utanç
Kürsüye çıkarken ve kendi tırnaklarımla kazıyarak kurduğum işimin meyvelerini topladığımı fark ettim içimde büyüyen o tarif edilmez milli gururla tüylerim diken diken oldu.,gurur
"Açıkçası, dün ofisteyken ve öfke kontrolümü kaybedip anneme bağırdım, onun gözlerindeki o kırgınlığı görünce kendimden iğrendim, büyük bir vicdan azabı ve utançla o ortamı anında terk etmek zorunda kaldım.",utanç
"Açıkçası, hesap kitap yapıp borcun bittiğini görünce ve ülkemi yurt dışında temsil ederken bayrağımızın dalgalandığını izledim ailemizin yüzünü ağartmanın, onlara bu gururu yaşatmanın huzuruyla doldum.",gurur
"Herkesin bana baktığı o an, ülkemi yurt dışında temsil ederken bayrağımızın dalgalandığını izledim ve göğsümün kabardığını, tüm yorgunluğumun uçup gittiğini hissettim.",gurur
"Akrabaların toplandığı salonda ve arkamdaki adamı liseden arkadaşım sanıp ensesine tokat attım, adam dönünce yabancı olduğunu anladım, büyük bir vicdan azabı ve utançla o ortamı anında terk etmek zorunda kaldım.",utanç
"Açıkçası, düğün salonunda tam ortada oynarken, kulaklığın tam takılmadığını fark etmeden son ses en damar arabesk şarkıyı tüm otobüse dinletmişim, ve yaşadığım bu rezilliği ömrümün sonuna kadar hafızamdan silemeyeceğim.",utanç
"Otel lobisinde beklerken, birine hava atmak için yalan söyledim ama beş dakika sonra ortak tanıdığımız biri gerçeği yüzüme vurdu, geceleri aklıma geldikçe hala yatakta kendi kendime utanıp yüzümü kapatıyorum.",utanç
"Açıkçası, otel lobisinde beklerken ve öfke kontrolümü kaybedip anneme bağırdım, onun gözlerindeki o kırgınlığı görünce kendimden iğrendim, o an utancımdan yerin dibine girdim, keşke görünmez olsam diye dua ettim.",utanç
"Açıkçası, törende tam adım okunduğunda, adını unuttuğum birine idare etmek için 'canım' derken onun kendi adını vurgulayarak beni düzeltmesiyle şok oldum, yüzüm kızardı, terlemeye başladım ve utançtan ne diyeceğimi bilemedim.",utanç
"Açıkçası, otel lobisinde beklerken, tuvaletin kapısı kilitli sanıyordum, biri aniden içeri girince ne yapacağımı şaşırdım, böyle bencilce ve aptalca davrandığım için insanlığımdan fena halde utandım.",utanç
"Hesap kitap yapıp borcun bittiğini görünce ve kimseye eyvallah etmeden, kendi paramla aldığım bu evin tapusunu elime aldım ailemizin yüzünü ağartmanın, onlara bu gururu yaşatmanın huzuruyla doldum.",gurur
"Bankadaki bakiyeye bakınca, oğlumun milli formayı giyip sahaya çıktığı anı canlı yayında izledim ve kendimle öyle bir gurur duydum ki gözyaşlarıma hakim olamadım.",gurur
"Açıkçası, anahtarı kapıya takarken ve aylardır süren o amansız hastalığı yenip doktorlardan temiz raporunu aldım ve kendimle öyle bir gurur duydum ki gözyaşlarıma hakim olamadım.",gurur
"Akrabaların toplandığı salonda, bilgisayarımın ekranını paylaştığımı unutup arka planda açık kalan o saçma sapan komik videoyu herkese izlettim, hayatımın en utanç verici saniyesiydi, mahcubiyetten başımı öne eğdim.",utanç
"Sonuçları ekranda görünce, kendi tırnaklarımla kazıyarak kurduğum işimin meyvelerini topladığımı fark ettim şu hayatta arkamda bıraktığım bu temiz isimle ölene kadar gurur duyacağım.",gurur
"Sonuçları ekranda görünce ve aylardır süren o amansız hastalığı yenip doktorlardan temiz raporunu aldım bana bu hissi, bu muazzam onuru yaşatan irademle iftihar ettim.",gurur
Yılların yorgunluğuna rağmen ve kızımın tıp fakültesini birincilikle bitirdiğini kendi gözlerimle gördüm şu hayatta arkamda bıraktığım bu temiz isimle ölene kadar gurur duyacağım.,gurur
"Açıkçası, dün ofisteyken, eski sevgilime atacağım o ergence mesajı yanlışlıkla aile whatsapp grubuna gönderdim, ve yaşadığım bu rezilliği ömrümün sonuna kadar hafızamdan silemeyeceğim.",utanç
"Açıkçası, bitiş çizgisine geldiğimde, gece gündüz demeden çalıştığım projenin uluslararası ödül aldığını öğrendim şu hayatta arkamda bıraktığım bu temiz isimle ölene kadar gurur duyacağım.",gurur
"Açıkçası, mağazada kasa kuyruğunda beklerken, birine hava atmak için yalan söyledim ama beş dakika sonra ortak tanıdığımız biri gerçeği yüzüme vurdu, hayatımın en utanç verici saniyesiydi, mahcubiyetten başımı öne eğdim.",utanç
"Açıkçası, online derste mikrofonu kapalı sanırken ve birine hava atmak için yalan söyledim ama beş dakika sonra ortak tanıdığımız biri gerçeği yüzüme vurdu, o an utancımdan yerin dibine girdim, keşke görünmez olsam diye dua ettim.",utanç
"Açıkçası, mağazada kasa kuyruğunda beklerken ve birine hava atmak için yalan söyledim ama beş dakika sonra ortak tanıdığımız biri gerçeği yüzüme vurdu, o an utancımdan yerin dibine girdim, keşke görünmez olsam diye dua ettim.",utanç
"Dün gece, gece gündüz demeden çalıştığım projenin uluslararası ödül aldığını öğrendim hayatımda ilk defa 'işte başardım' demenin o saf gururunu iliklerime kadar hissettim.",gurur
"O alkış tufanı koptuğunda, gece gündüz demeden çalıştığım projenin uluslararası ödül aldığını öğrendim kendime olan inancımın bana kazandırdığı bu büyük zaferle gurur duydum.",gurur
"Akrabaların toplandığı salonda, yürürken havalı görüneyim derken ayağım halıya takıldı ve herkesin ortasında boylu boyunca yere kapaklandım, böyle bencilce ve aptalca davrandığım için insanlığımdan fena halde utandım.",utanç
"Açıkçası, törende tam adım okunduğunda, arabayı park ederken yanlışlıkla engelli yerine koyduğumu fark ettim ve silecekteki o yazıyı okudum, büyük bir vicdan azabı ve utançla o ortamı anında terk etmek zorunda kaldım.",utanç
"O an sahnede dururken ve hiçbir haksızlığa boyun eğmeden, dürüstlüğümden taviz vermeden o makama seçildim hayatımda ilk defa 'işte başardım' demenin o saf gururunu iliklerime kadar hissettim.",gurur
"İmzayı atarken ve kendi tırnaklarımla kazıyarak kurduğum işimin meyvelerini topladığımı fark ettim ailemizin yüzünü ağartmanın, onlara bu gururu yaşatmanın huzuruyla doldum.",gurur
"Açıkçası, düğün salonunda tam ortada oynarken ve kadını hamile zannedip kalkıp yer verdim ama meğer sadece kiloluymuş ve bana çok ters baktı, kendi karakterimden, bu yaptığım çocukluktan o kadar utandım ki kahroldum.",utanç
"Kürsüye çıkarken, kendi tırnaklarımla kazıyarak kurduğum işimin meyvelerini topladığımı fark ettim ailemizin yüzünü ağartmanın, onlara bu gururu yaşatmanın huzuruyla doldum.",gurur
"Telefonda arkasından konuşurken, kadını hamile zannedip kalkıp yer verdim ama meğer sadece kiloluymuş ve bana çok ters baktı, yer yarılsaydı da içine düşseydim diye düşündürten korkunç bir utanç hissiydi.",utanç
"Açıkçası, çok lüks bir kafede otururken, arabayı park ederken yanlışlıkla engelli yerine koyduğumu fark ettim ve silecekteki o yazıyı okudum, kendi karakterimden, bu yaptığım çocukluktan o kadar utandım ki kahroldum.",utanç
"Açıkçası, tıklım tıklım dolu olan metroda, bilgisayarımın ekranını paylaştığımı unutup arka planda açık kalan o saçma sapan komik videoyu herkese izlettim, hayatımın en utanç verici saniyesiydi, mahcubiyetten başımı öne eğdim.",utanç
"Düğün salonunda tam ortada oynarken ve bilgisayarımın ekranını paylaştığımı unutup arka planda açık kalan o saçma sapan komik videoyu herkese izlettim, böyle bencilce ve aptalca davrandığım için insanlığımdan fena halde utandım.",utanç
Bitiş çizgisine geldiğimde ve oğlumun milli formayı giyip sahaya çıktığı anı canlı yayında izledim içimde büyüyen o tarif edilmez milli gururla tüylerim diken diken oldu.,gurur
"Önemli bir müşteri görüşmesinin tam ortasında ve kendi hatam yüzünden projeyi batırdım ve cezayı yeni giren stajyerin üstüne yıktım, kendi karakterimden, bu yaptığım çocukluktan o kadar utandım ki kahroldum.",utanç
Bankadaki bakiyeye bakınca ve kızımın tıp fakültesini birincilikle bitirdiğini kendi gözlerimle gördüm ve kendimle öyle bir gurur duydum ki gözyaşlarıma hakim olamadım.,gurur
"Hesap kitap yapıp borcun bittiğini görünce ve gençliğimin en güzel yıllarını vererek yazdığım romanın en çok satanlara girdiğini gördüm ve bu dik duruşumun, bu başarımın haklı gururunu yaşamaya karar verdim.",gurur
"İlk buluşmada yemeğimizi yerken ve tuvaletin kapısı kilitli sanıyordum, biri aniden içeri girince ne yapacağımı şaşırdım, böyle bencilce ve aptalca davrandığım için insanlığımdan fena halde utandım.",utanç
"Törende tam adım okunduğunda ve ağzımda kocaman bir yiyecek parçası kalmış, bütün gün insanlara o şekilde sırıtarak gezmişim, büyük bir vicdan azabı ve utançla o ortamı anında terk etmek zorunda kaldım.",utanç
"Akrabaların toplandığı salonda, ağzımda kocaman bir yiyecek parçası kalmış, bütün gün insanlara o şekilde sırıtarak gezmişim, ve yaşadığım bu rezilliği ömrümün sonuna kadar hafızamdan silemeyeceğim.",utanç
"Düğün salonunda tam ortada oynarken, kulaklığın tam takılmadığını fark etmeden son ses en damar arabesk şarkıyı tüm otobüse dinletmişim, yüzüm kızardı, terlemeye başladım ve utançtan ne diyeceğimi bilemedim.",utanç
"İlk buluşmada yemeğimizi yerken ve ağzımda kocaman bir yiyecek parçası kalmış, bütün gün insanlara o şekilde sırıtarak gezmişim, büyük bir vicdan azabı ve utançla o ortamı anında terk etmek zorunda kaldım.",utanç
"Derin bir nefes alıp ve aylardır süren o amansız hastalığı yenip doktorlardan temiz raporunu aldım alnımın akıyla, tertemiz bir vicdanla buralara gelmiş olmanın gururu paha biçilemezdi.",gurur
"Önemli bir müşteri görüşmesinin tam ortasında, arabayı park ederken yanlışlıkla engelli yerine koyduğumu fark ettim ve silecekteki o yazıyı okudum, insanların o küçümseyen bakışları altında ezildim, çok fena utandım.",utanç
"Aynaya bakıp, kimseye eyvallah etmeden, kendi paramla aldığım bu evin tapusunu elime aldım ailemizin yüzünü ağartmanın, onlara bu gururu yaşatmanın huzuruyla doldum.",gurur
"Sabaha karşı, oğlumun milli formayı giyip sahaya çıktığı anı canlı yayında izledim alnımın akıyla, tertemiz bir vicdanla buralara gelmiş olmanın gururu paha biçilemezdi.",gurur
"Açıkçası, bitiş çizgisine geldiğimde, gece gündüz demeden çalıştığım projenin uluslararası ödül aldığını öğrendim içimde büyüyen o tarif edilmez milli gururla tüylerim diken diken oldu.",gurur
"Açıkçası, madalyayı boynuma taktıklarında, gençliğimin en güzel yıllarını vererek yazdığım romanın en çok satanlara girdiğini gördüm alnımın akıyla, tertemiz bir vicdanla buralara gelmiş olmanın gururu paha biçilemezdi.",gurur
"Açıkçası, i̇lk buluşmada yemeğimizi yerken ve tuvaletin kapısı kilitli sanıyordum, biri aniden içeri girince ne yapacağımı şaşırdım, hayatımın en utanç verici saniyesiydi, mahcubiyetten başımı öne eğdim.",utanç
"Açıkçası, sessizliğin hakim olduğu kütüphanede ve bilgisayarımın ekranını paylaştığımı unutup arka planda açık kalan o saçma sapan komik videoyu herkese izlettim, yer yarılsaydı da içine düşseydim diye düşündürten korkunç bir utanç hissiydi.",utanç
"Düğün salonunda tam ortada oynarken, heyecandan elimdeki bardağı devirip kahveyi müdürün bembeyaz gömleğine döktüm, ve yaşadığım bu rezilliği ömrümün sonuna kadar hafızamdan silemeyeceğim.",utanç
"Açıkçası, online derste mikrofonu kapalı sanırken ve öfke kontrolümü kaybedip anneme bağırdım, onun gözlerindeki o kırgınlığı görünce kendimden iğrendim, o an utancımdan yerin dibine girdim, keşke görünmez olsam diye dua ettim.",utanç
"Açıkçası, online derste mikrofonu kapalı sanırken ve ağzımda kocaman bir yiyecek parçası kalmış, bütün gün insanlara o şekilde sırıtarak gezmişim, o an utancımdan yerin dibine girdim, keşke görünmez olsam diye dua ettim.",utanç
"Açıkçası, madalyayı boynuma taktıklarında ve sokak hayvanları için başlattığımız kampanyanın binlerce cana umut olduğunu gördüm ve bu dik duruşumun, bu başarımın haklı gururunu yaşamaya karar verdim.",gurur
"Sonunda o maili aldığımda, sokak hayvanları için başlattığımız kampanyanın binlerce cana umut olduğunu gördüm ve göğsümün kabardığını, tüm yorgunluğumun uçup gittiğini hissettim.",gurur
"Sonunda o maili aldığımda, kimseye eyvallah etmeden, kendi paramla aldığım bu evin tapusunu elime aldım ailemizin yüzünü ağartmanın, onlara bu gururu yaşatmanın huzuruyla doldum.",gurur
"Belgeyi elime aldığımda, kızımın tıp fakültesini birincilikle bitirdiğini kendi gözlerimle gördüm hayatımda ilk defa 'işte başardım' demenin o saf gururunu iliklerime kadar hissettim.",gurur
"İmzayı atarken, gece gündüz demeden çalıştığım projenin uluslararası ödül aldığını öğrendim ve göğsümün kabardığını, tüm yorgunluğumun uçup gittiğini hissettim.",gurur
"Açıkçası, törende tam adım okunduğunda, eski sevgilime atacağım o ergence mesajı yanlışlıkla aile whatsapp grubuna gönderdim, büyük bir vicdan azabı ve utançla o ortamı anında terk etmek zorunda kaldım.",utanç
"Açıkçası, mağazada kasa kuyruğunda beklerken ve birine hava atmak için yalan söyledim ama beş dakika sonra ortak tanıdığımız biri gerçeği yüzüme vurdu, geceleri aklıma geldikçe hala yatakta kendi kendime utanıp yüzümü kapatıyorum.",utanç
"Açıkçası, madalyayı boynuma taktıklarında ve oğlumun milli formayı giyip sahaya çıktığı anı canlı yayında izledim ve bu dik duruşumun, bu başarımın haklı gururunu yaşamaya karar verdim.",gurur
"Açıkçası, yılların yorgunluğuna rağmen ve bursla gittiğim ülkede kendi laboratuvarımı kurma yetkisi aldım kendime olan inancımın bana kazandırdığı bu büyük zaferle gurur duydum.",gurur
"Açıkçası, i̇mzayı atarken ve kendi tırnaklarımla kazıyarak kurduğum işimin meyvelerini topladığımı fark ettim ve göğsümün kabardığını, tüm yorgunluğumun uçup gittiğini hissettim.",gurur
"Açıkçası, belgeyi elime aldığımda, kimseye eyvallah etmeden, kendi paramla aldığım bu evin tapusunu elime aldım ve göğsümün kabardığını, tüm yorgunluğumun uçup gittiğini hissettim.",gurur
"Herkesin bana baktığı o an, gece gündüz demeden çalıştığım projenin uluslararası ödül aldığını öğrendim bana bu hissi, bu muazzam onuru yaşatan irademle iftihar ettim.",gurur
"Açıkçası, kırmızı ışıkta beklerken ve kulaklığın tam takılmadığını fark etmeden son ses en damar arabesk şarkıyı tüm otobüse dinletmişim, yüzüm kızardı, terlemeye başladım ve utançtan ne diyeceğimi bilemedim.",utanç
"O alkış tufanı koptuğunda, hiçbir haksızlığa boyun eğmeden, dürüstlüğümden taviz vermeden o makama seçildim ailemizin yüzünü ağartmanın, onlara bu gururu yaşatmanın huzuruyla doldum.",gurur
"Açıkçası, kırmızı ışıkta beklerken, kendi hatam yüzünden projeyi batırdım ve cezayı yeni giren stajyerin üstüne yıktım, yer yarılsaydı da içine düşseydim diye düşündürten korkunç bir utanç hissiydi.",utanç
"Tıklım tıklım dolu olan metroda, hesabı ödeyecekken kartım 'yetersiz bakiye' uyarısı verdi, arkamdaki onca insan bana bakıyordu, yüzüm kızardı, terlemeye başladım ve utançtan ne diyeceğimi bilemedim.",utanç
"Açıkçası, i̇lk buluşmada yemeğimizi yerken, arabayı park ederken yanlışlıkla engelli yerine koyduğumu fark ettim ve silecekteki o yazıyı okudum, yüzüm kızardı, terlemeye başladım ve utançtan ne diyeceğimi bilemedim.",utanç
"Açıkçası, müdür ismimi okuduğunda ve kimseye eyvallah etmeden, kendi paramla aldığım bu evin tapusunu elime aldım kendime olan inancımın bana kazandırdığı bu büyük zaferle gurur duydum.",gurur
"Açıkçası, belgeyi elime aldığımda ve bursla gittiğim ülkede kendi laboratuvarımı kurma yetkisi aldım ve göğsümün kabardığını, tüm yorgunluğumun uçup gittiğini hissettim.",gurur
"Mağazada kasa kuyruğunda beklerken, kendi hatam yüzünden projeyi batırdım ve cezayı yeni giren stajyerin üstüne yıktım, büyük bir vicdan azabı ve utançla o ortamı anında terk etmek zorunda kaldım.",utanç
"Online derste mikrofonu kapalı sanırken, tuvaletin kapısı kilitli sanıyordum, biri aniden içeri girince ne yapacağımı şaşırdım, o an utancımdan yerin dibine girdim, keşke görünmez olsam diye dua ettim.",utanç
"Kırmızı ışıkta beklerken, öfke kontrolümü kaybedip anneme bağırdım, onun gözlerindeki o kırgınlığı görünce kendimden iğrendim, geceleri aklıma geldikçe hala yatakta kendi kendime utanıp yüzümü kapatıyorum.",utanç
"Açıkçası, otel lobisinde beklerken ve kulaklığın tam takılmadığını fark etmeden son ses en damar arabesk şarkıyı tüm otobüse dinletmişim, o an utancımdan yerin dibine girdim, keşke görünmez olsam diye dua ettim.",utanç
"Açıkçası, anahtarı kapıya takarken ve kendi tırnaklarımla kazıyarak kurduğum işimin meyvelerini topladığımı fark ettim şu hayatta arkamda bıraktığım bu temiz isimle ölene kadar gurur duyacağım.",gurur
"Açıkçası, düğün salonunda tam ortada oynarken ve eski sevgilime atacağım o ergence mesajı yanlışlıkla aile whatsapp grubuna gönderdim, geceleri aklıma geldikçe hala yatakta kendi kendime utanıp yüzümü kapatıyorum.",utanç
"Müdür ismimi okuduğunda, aylardır süren o amansız hastalığı yenip doktorlardan temiz raporunu aldım ve göğsümün kabardığını, tüm yorgunluğumun uçup gittiğini hissettim.",gurur
"Açıkçası, derin bir nefes alıp, bana 'asla yapamazsın' diyen herkesin haksız çıktığını ispatladım alnımın akıyla, tertemiz bir vicdanla buralara gelmiş olmanın gururu paha biçilemezdi.",gurur
"İlk buluşmada yemeğimizi yerken, heyecandan elimdeki bardağı devirip kahveyi müdürün bembeyaz gömleğine döktüm, hayatımın en utanç verici saniyesiydi, mahcubiyetten başımı öne eğdim.",utanç
"Bankadaki bakiyeye bakınca, kızımın tıp fakültesini birincilikle bitirdiğini kendi gözlerimle gördüm içimde büyüyen o tarif edilmez milli gururla tüylerim diken diken oldu.",gurur
"Açıkçası, o an sahnede dururken, gençliğimin en güzel yıllarını vererek yazdığım romanın en çok satanlara girdiğini gördüm kendime olan inancımın bana kazandırdığı bu büyük zaferle gurur duydum.",gurur
"Anahtarı kapıya takarken, kızımın tıp fakültesini birincilikle bitirdiğini kendi gözlerimle gördüm bana bu hissi, bu muazzam onuru yaşatan irademle iftihar ettim.",gurur
"Açıkçası, anahtarı kapıya takarken ve hayatım boyunca hayalini kurduğum o üniversiteden şeref listesinde mezun olduğumu anladım hayatımda ilk defa 'işte başardım' demenin o saf gururunu iliklerime kadar hissettim.",gurur
"Sonunda o maili aldığımda ve gece gündüz demeden çalıştığım projenin uluslararası ödül aldığını öğrendim bana bu hissi, bu muazzam onuru yaşatan irademle iftihar ettim.",gurur
"Açıkçası, dün gece ve oğlumun milli formayı giyip sahaya çıktığı anı canlı yayında izledim ailemizin yüzünü ağartmanın, onlara bu gururu yaşatmanın huzuruyla doldum.",gurur
"Önemli bir müşteri görüşmesinin tam ortasında, tuvaletin kapısı kilitli sanıyordum, biri aniden içeri girince ne yapacağımı şaşırdım, büyük bir vicdan azabı ve utançla o ortamı anında terk etmek zorunda kaldım.",utanç
"Müdür ismimi okuduğunda, hiçbir torpilim olmadan, sadece alnımın teriyle o zorlu mülakatı birincilikle geçtim ve kendimle öyle bir gurur duydum ki gözyaşlarıma hakim olamadım.",gurur
"Müdür ismimi okuduğunda, gece gündüz demeden çalıştığım projenin uluslararası ödül aldığını öğrendim hayatımda ilk defa 'işte başardım' demenin o saf gururunu iliklerime kadar hissettim.",gurur
"Online derste mikrofonu kapalı sanırken, yürürken havalı görüneyim derken ayağım halıya takıldı ve herkesin ortasında boylu boyunca yere kapaklandım, yüzüm kızardı, terlemeye başladım ve utançtan ne diyeceğimi bilemedim.",utanç
"Mağazada kasa kuyruğunda beklerken, kulaklığın tam takılmadığını fark etmeden son ses en damar arabesk şarkıyı tüm otobüse dinletmişim, böyle bencilce ve aptalca davrandığım için insanlığımdan fena halde utandım.",utanç
"Açıkçası, sessizliğin hakim olduğu kütüphanede ve heyecandan elimdeki bardağı devirip kahveyi müdürün bembeyaz gömleğine döktüm, böyle bencilce ve aptalca davrandığım için insanlığımdan fena halde utandım.",utanç
"Açıkçası, belgeyi elime aldığımda, ülkemi yurt dışında temsil ederken bayrağımızın dalgalandığını izledim kendime olan inancımın bana kazandırdığı bu büyük zaferle gurur duydum.",gurur
"Açıkçası, önemli bir müşteri görüşmesinin tam ortasında, kendi hatam yüzünden projeyi batırdım ve cezayı yeni giren stajyerin üstüne yıktım, yüzüm kızardı, terlemeye başladım ve utançtan ne diyeceğimi bilemedim.",utanç
"Açıkçası, madalyayı boynuma taktıklarında ve hayatım boyunca hayalini kurduğum o üniversiteden şeref listesinde mezun olduğumu anladım hayatımda ilk defa 'işte başardım' demenin o saf gururunu iliklerime kadar hissettim.",gurur
"Açıkçası, dün gece, sokak hayvanları için başlattığımız kampanyanın binlerce cana umut olduğunu gördüm kendime olan inancımın bana kazandırdığı bu büyük zaferle gurur duydum.",gurur
"Çok lüks bir kafede otururken, eski sevgilime atacağım o ergence mesajı yanlışlıkla aile WhatsApp grubuna gönderdim, o an utancımdan yerin dibine girdim, keşke görünmez olsam diye dua ettim.",utanç
"Mağazada kasa kuyruğunda beklerken ve arabayı park ederken yanlışlıkla engelli yerine koyduğumu fark ettim ve silecekteki o yazıyı okudum, ve yaşadığım bu rezilliği ömrümün sonuna kadar hafızamdan silemeyeceğim.",utanç
"Bitiş çizgisine geldiğimde, kendi tırnaklarımla kazıyarak kurduğum işimin meyvelerini topladığımı fark ettim içimde büyüyen o tarif edilmez milli gururla tüylerim diken diken oldu.",gurur
"Müdür ismimi okuduğunda, bana 'asla yapamazsın' diyen herkesin haksız çıktığını ispatladım ailemizin yüzünü ağartmanın, onlara bu gururu yaşatmanın huzuruyla doldum.",gurur
Derin bir nefes alıp ve oğlumun milli formayı giyip sahaya çıktığı anı canlı yayında izledim içimde büyüyen o tarif edilmez milli gururla tüylerim diken diken oldu.,gurur
"Çok lüks bir kafede otururken, birine hava atmak için yalan söyledim ama beş dakika sonra ortak tanıdığımız biri gerçeği yüzüme vurdu, o an utancımdan yerin dibine girdim, keşke görünmez olsam diye dua ettim.",utanç
Sonunda o maili aldığımda ve hayatım boyunca hayalini kurduğum o üniversiteden şeref listesinde mezun olduğumu anladım şu hayatta arkamda bıraktığım bu temiz isimle ölene kadar gurur duyacağım.,gurur
"Düğün salonunda tam ortada oynarken, arabayı park ederken yanlışlıkla engelli yerine koyduğumu fark ettim ve silecekteki o yazıyı okudum, ve yaşadığım bu rezilliği ömrümün sonuna kadar hafızamdan silemeyeceğim.",utanç
"Açıkçası, bankadaki bakiyeye bakınca, babamın bana bıraktığı o küçük atölyeyi bugün dev bir fabrikaya dönüştürdüm alnımın akıyla, tertemiz bir vicdanla buralara gelmiş olmanın gururu paha biçilemezdi.",gurur
"Açıkçası, online derste mikrofonu kapalı sanırken ve eski sevgilime atacağım o ergence mesajı yanlışlıkla aile whatsapp grubuna gönderdim, böyle bencilce ve aptalca davrandığım için insanlığımdan fena halde utandım.",utanç
"Bankadaki bakiyeye bakınca, ülkemi yurt dışında temsil ederken bayrağımızın dalgalandığını izledim ve kendimle öyle bir gurur duydum ki gözyaşlarıma hakim olamadım.",gurur
"Düğün salonunda tam ortada oynarken ve birine hava atmak için yalan söyledim ama beş dakika sonra ortak tanıdığımız biri gerçeği yüzüme vurdu, insanların o küçümseyen bakışları altında ezildim, çok fena utandım.",utanç
"Açıkçası, törende tam adım okunduğunda ve eski sevgilime atacağım o ergence mesajı yanlışlıkla aile whatsapp grubuna gönderdim, yüzüm kızardı, terlemeye başladım ve utançtan ne diyeceğimi bilemedim.",utanç
"Sessizliğin hakim olduğu kütüphanede, arabayı park ederken yanlışlıkla engelli yerine koyduğumu fark ettim ve silecekteki o yazıyı okudum, o an utancımdan yerin dibine girdim, keşke görünmez olsam diye dua ettim.",utanç
"Açıkçası, madalyayı boynuma taktıklarında ve kendi tırnaklarımla kazıyarak kurduğum işimin meyvelerini topladığımı fark ettim ve bu dik duruşumun, bu başarımın haklı gururunu yaşamaya karar verdim.",gurur
"Sessizliğin hakim olduğu kütüphanede ve kulaklığın tam takılmadığını fark etmeden son ses en damar arabesk şarkıyı tüm otobüse dinletmişim, yer yarılsaydı da içine düşseydim diye düşündürten korkunç bir utanç hissiydi.",utanç
"Tıklım tıklım dolu olan metroda ve eski sevgilime atacağım o ergence mesajı yanlışlıkla aile WhatsApp grubuna gönderdim, o an utancımdan yerin dibine girdim, keşke görünmez olsam diye dua ettim.",utanç
"Madalyayı boynuma taktıklarında ve hiçbir torpilim olmadan, sadece alnımın teriyle o zorlu mülakatı birincilikle geçtim ve bu dik duruşumun, bu başarımın haklı gururunu yaşamaya karar verdim.",gurur
Müdür ismimi okuduğunda ve oğlumun milli formayı giyip sahaya çıktığı anı canlı yayında izledim ve kendimle öyle bir gurur duydum ki gözyaşlarıma hakim olamadım.,gurur
"Önemli bir müşteri görüşmesinin tam ortasında, eski sevgilime atacağım o ergence mesajı yanlışlıkla aile WhatsApp grubuna gönderdim, ve yaşadığım bu rezilliği ömrümün sonuna kadar hafızamdan silemeyeceğim.",utanç
"Madalyayı boynuma taktıklarında ve hayatım boyunca hayalini kurduğum o üniversiteden şeref listesinde mezun olduğumu anladım ve göğsümün kabardığını, tüm yorgunluğumun uçup gittiğini hissettim.",gurur
"Çıkan haberi okuduğumda ve bursla gittiğim ülkede kendi laboratuvarımı kurma yetkisi aldım bana bu hissi, bu muazzam onuru yaşatan irademle iftihar ettim.",gurur
"O an sahnede dururken ve gençliğimin en güzel yıllarını vererek yazdığım romanın en çok satanlara girdiğini gördüm bana bu hissi, bu muazzam onuru yaşatan irademle iftihar ettim.",gurur
"Açıkçası, kırmızı ışıkta beklerken, arabayı park ederken yanlışlıkla engelli yerine koyduğumu fark ettim ve silecekteki o yazıyı okudum, böyle bencilce ve aptalca davrandığım için insanlığımdan fena halde utandım.",utanç
"Derin bir nefes alıp, gece gündüz demeden çalıştığım projenin uluslararası ödül aldığını öğrendim kendime olan inancımın bana kazandırdığı bu büyük zaferle gurur duydum.",gurur
"İmzayı atarken ve kendi tırnaklarımla kazıyarak kurduğum işimin meyvelerini topladığımı fark ettim ve göğsümün kabardığını, tüm yorgunluğumun uçup gittiğini hissettim.",gurur
"İlk buluşmada yemeğimizi yerken ve heyecandan elimdeki bardağı devirip kahveyi müdürün bembeyaz gömleğine döktüm, geceleri aklıma geldikçe hala yatakta kendi kendime utanıp yüzümü kapatıyorum.",utanç
"Çıkan haberi okuduğumda, bursla gittiğim ülkede kendi laboratuvarımı kurma yetkisi aldım şu hayatta arkamda bıraktığım bu temiz isimle ölene kadar gurur duyacağım.",gurur
Aynaya bakıp ve babamın bana bıraktığı o küçük atölyeyi bugün dev bir fabrikaya dönüştürdüm hayatımda ilk defa 'işte başardım' demenin o saf gururunu iliklerime kadar hissettim.,gurur
"Kırmızı ışıkta beklerken ve eski sevgilime atacağım o ergence mesajı yanlışlıkla aile WhatsApp grubuna gönderdim, kendi karakterimden, bu yaptığım çocukluktan o kadar utandım ki kahroldum.",utanç
"Tıklım tıklım dolu olan metroda ve tuvaletin kapısı kilitli sanıyordum, biri aniden içeri girince ne yapacağımı şaşırdım, büyük bir vicdan azabı ve utançla o ortamı anında terk etmek zorunda kaldım.",utanç
"Sunum dosyasını ekrana yansıttığımda, kadını hamile zannedip kalkıp yer verdim ama meğer sadece kiloluymuş ve bana çok ters baktı, yüzüm kızardı, terlemeye başladım ve utançtan ne diyeceğimi bilemedim.",utanç
"Açıkçası, mağazada kasa kuyruğunda beklerken ve hesabı ödeyecekken kartım 'yetersiz bakiye' uyarısı verdi, arkamdaki onca insan bana bakıyordu, geceleri aklıma geldikçe hala yatakta kendi kendime utanıp yüzümü kapatıyorum.",utanç
"Otel lobisinde beklerken, hesabı ödeyecekken kartım 'yetersiz bakiye' uyarısı verdi, arkamdaki onca insan bana bakıyordu, hayatımın en utanç verici saniyesiydi, mahcubiyetten başımı öne eğdim.",utanç
Müdür ismimi okuduğunda ve kızımın tıp fakültesini birincilikle bitirdiğini kendi gözlerimle gördüm içimde büyüyen o tarif edilmez milli gururla tüylerim diken diken oldu.,gurur
"Açıkçası, aynaya bakıp, gençliğimin en güzel yıllarını vererek yazdığım romanın en çok satanlara girdiğini gördüm kendime olan inancımın bana kazandırdığı bu büyük zaferle gurur duydum.",gurur
"Derin bir nefes alıp, ülkemi yurt dışında temsil ederken bayrağımızın dalgalandığını izledim ailemizin yüzünü ağartmanın, onlara bu gururu yaşatmanın huzuruyla doldum.",gurur
"Tıklım tıklım dolu olan metroda, eski sevgilime atacağım o ergence mesajı yanlışlıkla aile WhatsApp grubuna gönderdim, yüzüm kızardı, terlemeye başladım ve utançtan ne diyeceğimi bilemedim.",utanç
"Açıkçası, hesap kitap yapıp borcun bittiğini görünce ve bursla gittiğim ülkede kendi laboratuvarımı kurma yetkisi aldım ve kendimle öyle bir gurur duydum ki gözyaşlarıma hakim olamadım.",gurur
"Online derste mikrofonu kapalı sanırken, ağzımda kocaman bir yiyecek parçası kalmış, bütün gün insanlara o şekilde sırıtarak gezmişim, insanların o küçümseyen bakışları altında ezildim, çok fena utandım.",utanç
"Akrabaların toplandığı salonda ve kadını hamile zannedip kalkıp yer verdim ama meğer sadece kiloluymuş ve bana çok ters baktı, böyle bencilce ve aptalca davrandığım için insanlığımdan fena halde utandım.",utanç
Kürsüye çıkarken ve gençliğimin en güzel yıllarını vererek yazdığım romanın en çok satanlara girdiğini gördüm ve kendimle öyle bir gurur duydum ki gözyaşlarıma hakim olamadım.,gurur
"Açıkçası, önemli bir müşteri görüşmesinin tam ortasında ve arkamdaki adamı liseden arkadaşım sanıp ensesine tokat attım, adam dönünce yabancı olduğunu anladım, insanların o küçümseyen bakışları altında ezildim, çok fena utandım.",utanç
"Açıkçası, o an sahnede dururken ve bana 'asla yapamazsın' diyen herkesin haksız çıktığını ispatladım bana bu hissi, bu muazzam onuru yaşatan irademle iftihar ettim.",gurur
"Otel lobisinde beklerken ve kadını hamile zannedip kalkıp yer verdim ama meğer sadece kiloluymuş ve bana çok ters baktı, böyle bencilce ve aptalca davrandığım için insanlığımdan fena halde utandım.",utanç
"Düğün salonunda tam ortada oynarken ve arkamdaki adamı liseden arkadaşım sanıp ensesine tokat attım, adam dönünce yabancı olduğunu anladım, büyük bir vicdan azabı ve utançla o ortamı anında terk etmek zorunda kaldım.",utanç
Sabaha karşı ve babamın bana bıraktığı o küçük atölyeyi bugün dev bir fabrikaya dönüştürdüm kendime olan inancımın bana kazandırdığı bu büyük zaferle gurur duydum.,gurur
"Açıkçası, aynaya bakıp ve gençliğimin en güzel yıllarını vererek yazdığım romanın en çok satanlara girdiğini gördüm kendime olan inancımın bana kazandırdığı bu büyük zaferle gurur duydum.",gurur
"Telefonda arkasından konuşurken, kendi hatam yüzünden projeyi batırdım ve cezayı yeni giren stajyerin üstüne yıktım, yüzüm kızardı, terlemeye başladım ve utançtan ne diyeceğimi bilemedim.",utanç
"Açıkçası, törende tam adım okunduğunda ve öfke kontrolümü kaybedip anneme bağırdım, onun gözlerindeki o kırgınlığı görünce kendimden iğrendim, insanların o küçümseyen bakışları altında ezildim, çok fena utandım.",utanç
"Otel lobisinde beklerken, tuvaletin kapısı kilitli sanıyordum, biri aniden içeri girince ne yapacağımı şaşırdım, yüzüm kızardı, terlemeye başladım ve utançtan ne diyeceğimi bilemedim.",utanç
"Sabaha karşı ve babamın bana bıraktığı o küçük atölyeyi bugün dev bir fabrikaya dönüştürdüm alnımın akıyla, tertemiz bir vicdanla buralara gelmiş olmanın gururu paha biçilemezdi.",gurur
"Mağazada kasa kuyruğunda beklerken ve eski sevgilime atacağım o ergence mesajı yanlışlıkla aile WhatsApp grubuna gönderdim, hayatımın en utanç verici saniyesiydi, mahcubiyetten başımı öne eğdim.",utanç
"Mağazada kasa kuyruğunda beklerken ve heyecandan elimdeki bardağı devirip kahveyi müdürün bembeyaz gömleğine döktüm, böyle bencilce ve aptalca davrandığım için insanlığımdan fena halde utandım.",utanç
"Otel lobisinde beklerken, birine hava atmak için yalan söyledim ama beş dakika sonra ortak tanıdığımız biri gerçeği yüzüme vurdu, büyük bir vicdan azabı ve utançla o ortamı anında terk etmek zorunda kaldım.",utanç
"Açıkçası, belgeyi elime aldığımda, kızımın tıp fakültesini birincilikle bitirdiğini kendi gözlerimle gördüm alnımın akıyla, tertemiz bir vicdanla buralara gelmiş olmanın gururu paha biçilemezdi.",gurur
"Açıkçası, önemli bir müşteri görüşmesinin tam ortasında ve birine hava atmak için yalan söyledim ama beş dakika sonra ortak tanıdığımız biri gerçeği yüzüme vurdu, geceleri aklıma geldikçe hala yatakta kendi kendime utanıp yüzümü kapatıyorum.",utanç
"Akrabaların toplandığı salonda, arkamdaki adamı liseden arkadaşım sanıp ensesine tokat attım, adam dönünce yabancı olduğunu anladım, büyük bir vicdan azabı ve utançla o ortamı anında terk etmek zorunda kaldım.",utanç
"Açıkçası, anahtarı kapıya takarken ve hayatım boyunca hayalini kurduğum o üniversiteden şeref listesinde mezun olduğumu anladım kendime olan inancımın bana kazandırdığı bu büyük zaferle gurur duydum.",gurur
"Açıkçası, sessizliğin hakim olduğu kütüphanede, kulaklığın tam takılmadığını fark etmeden son ses en damar arabesk şarkıyı tüm otobüse dinletmişim, kendi karakterimden, bu yaptığım çocukluktan o kadar utandım ki kahroldum.",utanç
Derin bir nefes alıp ve oğlumun milli formayı giyip sahaya çıktığı anı canlı yayında izledim şu hayatta arkamda bıraktığım bu temiz isimle ölene kadar gurur duyacağım.,gurur
"Otel lobisinde beklerken ve öfke kontrolümü kaybedip anneme bağırdım, onun gözlerindeki o kırgınlığı görünce kendimden iğrendim, o an utancımdan yerin dibine girdim, keşke görünmez olsam diye dua ettim.",utanç
"Dün gece, kızımın tıp fakültesini birincilikle bitirdiğini kendi gözlerimle gördüm alnımın akıyla, tertemiz bir vicdanla buralara gelmiş olmanın gururu paha biçilemezdi.",gurur
"Telefonda arkasından konuşurken ve kulaklığın tam takılmadığını fark etmeden son ses en damar arabesk şarkıyı tüm otobüse dinletmişim, böyle bencilce ve aptalca davrandığım için insanlığımdan fena halde utandım.",utanç
Çıkan haberi okuduğumda ve kendi tırnaklarımla kazıyarak kurduğum işimin meyvelerini topladığımı fark ettim kendime olan inancımın bana kazandırdığı bu büyük zaferle gurur duydum.,gurur
"Tıklım tıklım dolu olan metroda ve adını unuttuğum birine idare etmek için 'canım' derken onun kendi adını vurgulayarak beni düzeltmesiyle şok oldum, böyle bencilce ve aptalca davrandığım için insanlığımdan fena halde utandım.",utanç
"Mağazada kasa kuyruğunda beklerken, kadını hamile zannedip kalkıp yer verdim ama meğer sadece kiloluymuş ve bana çok ters baktı, insanların o küçümseyen bakışları altında ezildim, çok fena utandım.",utanç
"Otel lobisinde beklerken ve bilgisayarımın ekranını paylaştığımı unutup arka planda açık kalan o saçma sapan komik videoyu herkese izlettim, geceleri aklıma geldikçe hala yatakta kendi kendime utanıp yüzümü kapatıyorum.",utanç
"Çok lüks bir kafede otururken, bilgisayarımın ekranını paylaştığımı unutup arka planda açık kalan o saçma sapan komik videoyu herkese izlettim, o an utancımdan yerin dibine girdim, keşke görünmez olsam diye dua ettim.",utanç
"Açıkçası, o an sahnede dururken ve gençliğimin en güzel yıllarını vererek yazdığım romanın en çok satanlara girdiğini gördüm ve bu dik duruşumun, bu başarımın haklı gururunu yaşamaya karar verdim.",gurur
"Açıkçası, aynaya bakıp ve gece gündüz demeden çalıştığım projenin uluslararası ödül aldığını öğrendim ve bu dik duruşumun, bu başarımın haklı gururunu yaşamaya karar verdim.",gurur
"Akrabaların toplandığı salonda, ağzımda kocaman bir yiyecek parçası kalmış, bütün gün insanlara o şekilde sırıtarak gezmişim, böyle bencilce ve aptalca davrandığım için insanlığımdan fena halde utandım.",utanç
İmzayı atarken ve hayatım boyunca hayalini kurduğum o üniversiteden şeref listesinde mezun olduğumu anladım kendime olan inancımın bana kazandırdığı bu büyük zaferle gurur duydum.,gurur
"Sonuçları ekranda görünce, kimseye eyvallah etmeden, kendi paramla aldığım bu evin tapusunu elime aldım hayatımda ilk defa 'işte başardım' demenin o saf gururunu iliklerime kadar hissettim.",gurur
"Açıkçası, telefonda arkasından konuşurken, ağzımda kocaman bir yiyecek parçası kalmış, bütün gün insanlara o şekilde sırıtarak gezmişim, kendi karakterimden, bu yaptığım çocukluktan o kadar utandım ki kahroldum.",utanç
"Açıkçası, sonunda o maili aldığımda ve kimseye eyvallah etmeden, kendi paramla aldığım bu evin tapusunu elime aldım şu hayatta arkamda bıraktığım bu temiz isimle ölene kadar gurur duyacağım.",gurur
"O an sahnede dururken, gece gündüz demeden çalıştığım projenin uluslararası ödül aldığını öğrendim hayatımda ilk defa 'işte başardım' demenin o saf gururunu iliklerime kadar hissettim.",gurur
"Açıkçası, müdür ismimi okuduğunda, kimseye eyvallah etmeden, kendi paramla aldığım bu evin tapusunu elime aldım bana bu hissi, bu muazzam onuru yaşatan irademle iftihar ettim.",gurur
"İmzayı atarken, aylardır süren o amansız hastalığı yenip doktorlardan temiz raporunu aldım şu hayatta arkamda bıraktığım bu temiz isimle ölene kadar gurur duyacağım.",gurur
"Açıkçası, belgeyi elime aldığımda, bursla gittiğim ülkede kendi laboratuvarımı kurma yetkisi aldım kendime olan inancımın bana kazandırdığı bu büyük zaferle gurur duydum.",gurur
"Açıkçası, o an sahnede dururken, kendi tırnaklarımla kazıyarak kurduğum işimin meyvelerini topladığımı fark ettim hayatımda ilk defa 'işte başardım' demenin o saf gururunu iliklerime kadar hissettim.",gurur
"İlk buluşmada yemeğimizi yerken ve heyecandan elimdeki bardağı devirip kahveyi müdürün bembeyaz gömleğine döktüm, o an utancımdan yerin dibine girdim, keşke görünmez olsam diye dua ettim.",utanç
"Açıkçası, madalyayı boynuma taktıklarında, aylardır süren o amansız hastalığı yenip doktorlardan temiz raporunu aldım alnımın akıyla, tertemiz bir vicdanla buralara gelmiş olmanın gururu paha biçilemezdi.",gurur
"Bitiş çizgisine geldiğimde, bana 'asla yapamazsın' diyen herkesin haksız çıktığını ispatladım alnımın akıyla, tertemiz bir vicdanla buralara gelmiş olmanın gururu paha biçilemezdi.",gurur
"Sessizliğin hakim olduğu kütüphanede ve adını unuttuğum birine idare etmek için 'canım' derken onun kendi adını vurgulayarak beni düzeltmesiyle şok oldum, yer yarılsaydı da içine düşseydim diye düşündürten korkunç bir utanç hissiydi.",utanç
"Açıkçası, mağazada kasa kuyruğunda beklerken, eski sevgilime atacağım o ergence mesajı yanlışlıkla aile whatsapp grubuna gönderdim, böyle bencilce ve aptalca davrandığım için insanlığımdan fena halde utandım.",utanç
"Açıkçası, yılların yorgunluğuna rağmen, bana 'asla yapamazsın' diyen herkesin haksız çıktığını ispatladım bana bu hissi, bu muazzam onuru yaşatan irademle iftihar ettim.",gurur
"Açıkçası, kırmızı ışıkta beklerken, hesabı ödeyecekken kartım 'yetersiz bakiye' uyarısı verdi, arkamdaki onca insan bana bakıyordu, geceleri aklıma geldikçe hala yatakta kendi kendime utanıp yüzümü kapatıyorum.",utanç
"Sunum dosyasını ekrana yansıttığımda ve adını unuttuğum birine idare etmek için 'canım' derken onun kendi adını vurgulayarak beni düzeltmesiyle şok oldum, geceleri aklıma geldikçe hala yatakta kendi kendime utanıp yüzümü kapatıyorum.",utanç
"Bitiş çizgisine geldiğimde, babamın bana bıraktığı o küçük atölyeyi bugün dev bir fabrikaya dönüştürdüm ve kendimle öyle bir gurur duydum ki gözyaşlarıma hakim olamadım.",gurur
"Açıkçası, çıkan haberi okuduğumda, bana 'asla yapamazsın' diyen herkesin haksız çıktığını ispatladım bana bu hissi, bu muazzam onuru yaşatan irademle iftihar ettim.",gurur
"Törende tam adım okunduğunda ve heyecandan elimdeki bardağı devirip kahveyi müdürün bembeyaz gömleğine döktüm, yer yarılsaydı da içine düşseydim diye düşündürten korkunç bir utanç hissiydi.",utanç
"Açıkçası, madalyayı boynuma taktıklarında, babamın bana bıraktığı o küçük atölyeyi bugün dev bir fabrikaya dönüştürdüm ailemizin yüzünü ağartmanın, onlara bu gururu yaşatmanın huzuruyla doldum.",gurur
"Açıkçası, sonuçları ekranda görünce, sokak hayvanları için başlattığımız kampanyanın binlerce cana umut olduğunu gördüm bana bu hissi, bu muazzam onuru yaşatan irademle iftihar ettim.",gurur
"İmzayı atarken, hayatım boyunca hayalini kurduğum o üniversiteden şeref listesinde mezun olduğumu anladım hayatımda ilk defa 'işte başardım' demenin o saf gururunu iliklerime kadar hissettim.",gurur
"Dün gece, hiçbir haksızlığa boyun eğmeden, dürüstlüğümden taviz vermeden o makama seçildim alnımın akıyla, tertemiz bir vicdanla buralara gelmiş olmanın gururu paha biçilemezdi.",gurur
"Kürsüye çıkarken, gece gündüz demeden çalıştığım projenin uluslararası ödül aldığını öğrendim ailemizin yüzünü ağartmanın, onlara bu gururu yaşatmanın huzuruyla doldum.",gurur
"Mağazada kasa kuyruğunda beklerken, ağzımda kocaman bir yiyecek parçası kalmış, bütün gün insanlara o şekilde sırıtarak gezmişim, o an utancımdan yerin dibine girdim, keşke görünmez olsam diye dua ettim.",utanç
"İmzayı atarken, oğlumun milli formayı giyip sahaya çıktığı anı canlı yayında izledim alnımın akıyla, tertemiz bir vicdanla buralara gelmiş olmanın gururu paha biçilemezdi.",gurur
"Açıkçası, sonunda o maili aldığımda, sokak hayvanları için başlattığımız kampanyanın binlerce cana umut olduğunu gördüm içimde büyüyen o tarif edilmez milli gururla tüylerim diken diken oldu.",gurur
"Kırmızı ışıkta beklerken, kulaklığın tam takılmadığını fark etmeden son ses en damar arabesk şarkıyı tüm otobüse dinletmişim, kendi karakterimden, bu yaptığım çocukluktan o kadar utandım ki kahroldum.",utanç
"Açıkçası, telefonda arkasından konuşurken, kulaklığın tam takılmadığını fark etmeden son ses en damar arabesk şarkıyı tüm otobüse dinletmişim, yer yarılsaydı da içine düşseydim diye düşündürten korkunç bir utanç hissiydi.",utanç
O alkış tufanı koptuğunda ve sokak hayvanları için başlattığımız kampanyanın binlerce cana umut olduğunu gördüm içimde büyüyen o tarif edilmez milli gururla tüylerim diken diken oldu.,gurur
"Açıkçası, müdür ismimi okuduğunda ve bursla gittiğim ülkede kendi laboratuvarımı kurma yetkisi aldım ve göğsümün kabardığını, tüm yorgunluğumun uçup gittiğini hissettim.",gurur
Kürsüye çıkarken ve gençliğimin en güzel yıllarını vererek yazdığım romanın en çok satanlara girdiğini gördüm hayatımda ilk defa 'işte başardım' demenin o saf gururunu iliklerime kadar hissettim.,gurur
"O an sahnede dururken, gençliğimin en güzel yıllarını vererek yazdığım romanın en çok satanlara girdiğini gördüm ailemizin yüzünü ağartmanın, onlara bu gururu yaşatmanın huzuruyla doldum.",gurur
"İlk buluşmada yemeğimizi yerken ve ağzımda kocaman bir yiyecek parçası kalmış, bütün gün insanlara o şekilde sırıtarak gezmişim, böyle bencilce ve aptalca davrandığım için insanlığımdan fena halde utandım.",utanç
"Önemli bir müşteri görüşmesinin tam ortasında, öfke kontrolümü kaybedip anneme bağırdım, onun gözlerindeki o kırgınlığı görünce kendimden iğrendim, geceleri aklıma geldikçe hala yatakta kendi kendime utanıp yüzümü kapatıyorum.",utanç
"Herkesin bana baktığı o an ve kimseye eyvallah etmeden, kendi paramla aldığım bu evin tapusunu elime aldım alnımın akıyla, tertemiz bir vicdanla buralara gelmiş olmanın gururu paha biçilemezdi.",gurur
"Online derste mikrofonu kapalı sanırken, adını unuttuğum birine idare etmek için 'canım' derken onun kendi adını vurgulayarak beni düzeltmesiyle şok oldum, o an utancımdan yerin dibine girdim, keşke görünmez olsam diye dua ettim.",utanç
"Dün ofisteyken ve birine hava atmak için yalan söyledim ama beş dakika sonra ortak tanıdığımız biri gerçeği yüzüme vurdu, büyük bir vicdan azabı ve utançla o ortamı anında terk etmek zorunda kaldım.",utanç
"Akrabaların toplandığı salonda, arkamdaki adamı liseden arkadaşım sanıp ensesine tokat attım, adam dönünce yabancı olduğunu anladım, o an utancımdan yerin dibine girdim, keşke görünmez olsam diye dua ettim.",utanç
"Belgeyi elime aldığımda, sokak hayvanları için başlattığımız kampanyanın binlerce cana umut olduğunu gördüm şu hayatta arkamda bıraktığım bu temiz isimle ölene kadar gurur duyacağım.",gurur
"Bankadaki bakiyeye bakınca, bana 'asla yapamazsın' diyen herkesin haksız çıktığını ispatladım hayatımda ilk defa 'işte başardım' demenin o saf gururunu iliklerime kadar hissettim.",gurur
"Telefonda arkasından konuşurken, birine hava atmak için yalan söyledim ama beş dakika sonra ortak tanıdığımız biri gerçeği yüzüme vurdu, böyle bencilce ve aptalca davrandığım için insanlığımdan fena halde utandım.",utanç
"Sessizliğin hakim olduğu kütüphanede ve adını unuttuğum birine idare etmek için 'canım' derken onun kendi adını vurgulayarak beni düzeltmesiyle şok oldum, geceleri aklıma geldikçe hala yatakta kendi kendime utanıp yüzümü kapatıyorum.",utanç
"Otel lobisinde beklerken ve yürürken havalı görüneyim derken ayağım halıya takıldı ve herkesin ortasında boylu boyunca yere kapaklandım, yer yarılsaydı da içine düşseydim diye düşündürten korkunç bir utanç hissiydi.",utanç
"Sonunda o maili aldığımda ve hiçbir torpilim olmadan, sadece alnımın teriyle o zorlu mülakatı birincilikle geçtim ve göğsümün kabardığını, tüm yorgunluğumun uçup gittiğini hissettim.",gurur
"Otel lobisinde beklerken ve arkamdaki adamı liseden arkadaşım sanıp ensesine tokat attım, adam dönünce yabancı olduğunu anladım, hayatımın en utanç verici saniyesiydi, mahcubiyetten başımı öne eğdim.",utanç
"Açıkçası, akrabaların toplandığı salonda ve arabayı park ederken yanlışlıkla engelli yerine koyduğumu fark ettim ve silecekteki o yazıyı okudum, hayatımın en utanç verici saniyesiydi, mahcubiyetten başımı öne eğdim.",utanç
Anahtarı kapıya takarken ve kendi tırnaklarımla kazıyarak kurduğum işimin meyvelerini topladığımı fark ettim hayatımda ilk defa 'işte başardım' demenin o saf gururunu iliklerime kadar hissettim.,gurur
"Bitiş çizgisine geldiğimde ve hayatım boyunca hayalini kurduğum o üniversiteden şeref listesinde mezun olduğumu anladım alnımın akıyla, tertemiz bir vicdanla buralara gelmiş olmanın gururu paha biçilemezdi.",gurur
"O alkış tufanı koptuğunda, aylardır süren o amansız hastalığı yenip doktorlardan temiz raporunu aldım ve bu dik duruşumun, bu başarımın haklı gururunu yaşamaya karar verdim.",gurur
"Açıkçası, tıklım tıklım dolu olan metroda, kulaklığın tam takılmadığını fark etmeden son ses en damar arabesk şarkıyı tüm otobüse dinletmişim, hayatımın en utanç verici saniyesiydi, mahcubiyetten başımı öne eğdim.",utanç
"Açıkçası, anahtarı kapıya takarken ve oğlumun milli formayı giyip sahaya çıktığı anı canlı yayında izledim ailemizin yüzünü ağartmanın, onlara bu gururu yaşatmanın huzuruyla doldum.",gurur
"Açıkçası, yılların yorgunluğuna rağmen ve bursla gittiğim ülkede kendi laboratuvarımı kurma yetkisi aldım ve göğsümün kabardığını, tüm yorgunluğumun uçup gittiğini hissettim.",gurur
"Önemli bir müşteri görüşmesinin tam ortasında ve heyecandan elimdeki bardağı devirip kahveyi müdürün bembeyaz gömleğine döktüm, geceleri aklıma geldikçe hala yatakta kendi kendime utanıp yüzümü kapatıyorum.",utanç
"Açıkçası, bitiş çizgisine geldiğimde, kimseye eyvallah etmeden, kendi paramla aldığım bu evin tapusunu elime aldım ailemizin yüzünü ağartmanın, onlara bu gururu yaşatmanın huzuruyla doldum.",gurur
"Sessizliğin hakim olduğu kütüphanede, eski sevgilime atacağım o ergence mesajı yanlışlıkla aile WhatsApp grubuna gönderdim, yüzüm kızardı, terlemeye başladım ve utançtan ne diyeceğimi bilemedim.",utanç
"Aynaya bakıp ve hiçbir torpilim olmadan, sadece alnımın teriyle o zorlu mülakatı birincilikle geçtim şu hayatta arkamda bıraktığım bu temiz isimle ölene kadar gurur duyacağım.",gurur
"Törende tam adım okunduğunda ve kendi hatam yüzünden projeyi batırdım ve cezayı yeni giren stajyerin üstüne yıktım, yer yarılsaydı da içine düşseydim diye düşündürten korkunç bir utanç hissiydi.",utanç
"Yılların yorgunluğuna rağmen, hiçbir torpilim olmadan, sadece alnımın teriyle o zorlu mülakatı birincilikle geçtim ailemizin yüzünü ağartmanın, onlara bu gururu yaşatmanın huzuruyla doldum.",gurur
"Sessizliğin hakim olduğu kütüphanede ve tuvaletin kapısı kilitli sanıyordum, biri aniden içeri girince ne yapacağımı şaşırdım, yüzüm kızardı, terlemeye başladım ve utançtan ne diyeceğimi bilemedim.",utanç
"Bankadaki bakiyeye bakınca, hiçbir haksızlığa boyun eğmeden, dürüstlüğümden taviz vermeden o makama seçildim bana bu hissi, bu muazzam onuru yaşatan irademle iftihar ettim.",gurur
"Çok lüks bir kafede otururken ve kendi hatam yüzünden projeyi batırdım ve cezayı yeni giren stajyerin üstüne yıktım, büyük bir vicdan azabı ve utançla o ortamı anında terk etmek zorunda kaldım.",utanç
"Açıkçası, sunum dosyasını ekrana yansıttığımda ve adını unuttuğum birine idare etmek için 'canım' derken onun kendi adını vurgulayarak beni düzeltmesiyle şok oldum, büyük bir vicdan azabı ve utançla o ortamı anında terk etmek zorunda kaldım.",utanç
"Açıkçası, kırmızı ışıkta beklerken ve arkamdaki adamı liseden arkadaşım sanıp ensesine tokat attım, adam dönünce yabancı olduğunu anladım, yer yarılsaydı da içine düşseydim diye düşündürten korkunç bir utanç hissiydi.",utanç
"Açıkçası, annemin gözlerindeki yaşı görünce, gençliğimin en güzel yıllarını vererek yazdığım romanın en çok satanlara girdiğini gördüm alnımın akıyla, tertemiz bir vicdanla buralara gelmiş olmanın gururu paha biçilemezdi.",gurur
"Müdür ismimi okuduğunda, sokak hayvanları için başlattığımız kampanyanın binlerce cana umut olduğunu gördüm ve bu dik duruşumun, bu başarımın haklı gururunu yaşamaya karar verdim.",gurur
"Otel lobisinde beklerken ve öfke kontrolümü kaybedip anneme bağırdım, onun gözlerindeki o kırgınlığı görünce kendimden iğrendim, insanların o küçümseyen bakışları altında ezildim, çok fena utandım.",utanç
"Açıkçası, belgeyi elime aldığımda, kimseye eyvallah etmeden, kendi paramla aldığım bu evin tapusunu elime aldım içimde büyüyen o tarif edilmez milli gururla tüylerim diken diken oldu.",gurur
"Tıklım tıklım dolu olan metroda ve kadını hamile zannedip kalkıp yer verdim ama meğer sadece kiloluymuş ve bana çok ters baktı, ve yaşadığım bu rezilliği ömrümün sonuna kadar hafızamdan silemeyeceğim.",utanç
"Kırmızı ışıkta beklerken ve kulaklığın tam takılmadığını fark etmeden son ses en damar arabesk şarkıyı tüm otobüse dinletmişim, yüzüm kızardı, terlemeye başladım ve utançtan ne diyeceğimi bilemedim.",utanç
"Tıklım tıklım dolu olan metroda ve eski sevgilime atacağım o ergence mesajı yanlışlıkla aile WhatsApp grubuna gönderdim, yüzüm kızardı, terlemeye başladım ve utançtan ne diyeceğimi bilemedim.",utanç
"Mağazada kasa kuyruğunda beklerken ve hesabı ödeyecekken kartım 'yetersiz bakiye' uyarısı verdi, arkamdaki onca insan bana bakıyordu, kendi karakterimden, bu yaptığım çocukluktan o kadar utandım ki kahroldum.",utanç
O alkış tufanı koptuğunda ve oğlumun milli formayı giyip sahaya çıktığı anı canlı yayında izledim şu hayatta arkamda bıraktığım bu temiz isimle ölene kadar gurur duyacağım.,gurur
"Önemli bir müşteri görüşmesinin tam ortasında ve hesabı ödeyecekken kartım 'yetersiz bakiye' uyarısı verdi, arkamdaki onca insan bana bakıyordu, yer yarılsaydı da içine düşseydim diye düşündürten korkunç bir utanç hissiydi.",utanç
"Açıkçası, telefonda arkasından konuşurken ve kulaklığın tam takılmadığını fark etmeden son ses en damar arabesk şarkıyı tüm otobüse dinletmişim, geceleri aklıma geldikçe hala yatakta kendi kendime utanıp yüzümü kapatıyorum.",utanç
"Dün gece ve bursla gittiğim ülkede kendi laboratuvarımı kurma yetkisi aldım ailemizin yüzünü ağartmanın, onlara bu gururu yaşatmanın huzuruyla doldum.",gurur
"Aynaya bakıp, kimseye eyvallah etmeden, kendi paramla aldığım bu evin tapusunu elime aldım ve kendimle öyle bir gurur duydum ki gözyaşlarıma hakim olamadım.",gurur
"Dün gece ve hiçbir haksızlığa boyun eğmeden, dürüstlüğümden taviz vermeden o makama seçildim ve göğsümün kabardığını, tüm yorgunluğumun uçup gittiğini hissettim.",gurur
"Kırmızı ışıkta beklerken ve öfke kontrolümü kaybedip anneme bağırdım, onun gözlerindeki o kırgınlığı görünce kendimden iğrendim, insanların o küçümseyen bakışları altında ezildim, çok fena utandım.",utanç
"Müdür ismimi okuduğunda, kendi tırnaklarımla kazıyarak kurduğum işimin meyvelerini topladığımı fark ettim alnımın akıyla, tertemiz bir vicdanla buralara gelmiş olmanın gururu paha biçilemezdi.",gurur
"Telefonda arkasından konuşurken ve heyecandan elimdeki bardağı devirip kahveyi müdürün bembeyaz gömleğine döktüm, o an utancımdan yerin dibine girdim, keşke görünmez olsam diye dua ettim.",utanç
"Herkesin bana baktığı o an, kendi tırnaklarımla kazıyarak kurduğum işimin meyvelerini topladığımı fark ettim ve bu dik duruşumun, bu başarımın haklı gururunu yaşamaya karar verdim.",gurur
"Önemli bir müşteri görüşmesinin tam ortasında, adını unuttuğum birine idare etmek için 'canım' derken onun kendi adını vurgulayarak beni düzeltmesiyle şok oldum, yüzüm kızardı, terlemeye başladım ve utançtan ne diyeceğimi bilemedim.",utanç
"Yılların yorgunluğuna rağmen, bana 'asla yapamazsın' diyen herkesin haksız çıktığını ispatladım bana bu hissi, bu muazzam onuru yaşatan irademle iftihar ettim.",gurur
"Akrabaların toplandığı salonda ve heyecandan elimdeki bardağı devirip kahveyi müdürün bembeyaz gömleğine döktüm, hayatımın en utanç verici saniyesiydi, mahcubiyetten başımı öne eğdim.",utanç
"Mağazada kasa kuyruğunda beklerken, öfke kontrolümü kaybedip anneme bağırdım, onun gözlerindeki o kırgınlığı görünce kendimden iğrendim, kendi karakterimden, bu yaptığım çocukluktan o kadar utandım ki kahroldum.",utanç
"Açıkçası, annemin gözlerindeki yaşı görünce ve gençliğimin en güzel yıllarını vererek yazdığım romanın en çok satanlara girdiğini gördüm ve bu dik duruşumun, bu başarımın haklı gururunu yaşamaya karar verdim.",gurur
"Dün ofisteyken ve tuvaletin kapısı kilitli sanıyordum, biri aniden içeri girince ne yapacağımı şaşırdım, o an utancımdan yerin dibine girdim, keşke görünmez olsam diye dua ettim.",utanç
"Hesap kitap yapıp borcun bittiğini görünce ve gece gündüz demeden çalıştığım projenin uluslararası ödül aldığını öğrendim ve göğsümün kabardığını, tüm yorgunluğumun uçup gittiğini hissettim.",gurur
"Madalyayı boynuma taktıklarında ve sokak hayvanları için başlattığımız kampanyanın binlerce cana umut olduğunu gördüm alnımın akıyla, tertemiz bir vicdanla buralara gelmiş olmanın gururu paha biçilemezdi.",gurur
"Düğün salonunda tam ortada oynarken ve birine hava atmak için yalan söyledim ama beş dakika sonra ortak tanıdığımız biri gerçeği yüzüme vurdu, yüzüm kızardı, terlemeye başladım ve utançtan ne diyeceğimi bilemedim.",utanç
"Mağazada kasa kuyruğunda beklerken, arkamdaki adamı liseden arkadaşım sanıp ensesine tokat attım, adam dönünce yabancı olduğunu anladım, yer yarılsaydı da içine düşseydim diye düşündürten korkunç bir utanç hissiydi.",utanç
"Hesap kitap yapıp borcun bittiğini görünce ve gece gündüz demeden çalıştığım projenin uluslararası ödül aldığını öğrendim ailemizin yüzünü ağartmanın, onlara bu gururu yaşatmanın huzuruyla doldum.",gurur
"Açıkçası, dün gece ve hayatım boyunca hayalini kurduğum o üniversiteden şeref listesinde mezun olduğumu anladım hayatımda ilk defa 'işte başardım' demenin o saf gururunu iliklerime kadar hissettim.",gurur
"Düğün salonunda tam ortada oynarken, ağzımda kocaman bir yiyecek parçası kalmış, bütün gün insanlara o şekilde sırıtarak gezmişim, ve yaşadığım bu rezilliği ömrümün sonuna kadar hafızamdan silemeyeceğim.",utanç
Hesap kitap yapıp borcun bittiğini görünce ve sokak hayvanları için başlattığımız kampanyanın binlerce cana umut olduğunu gördüm ve kendimle öyle bir gurur duydum ki gözyaşlarıma hakim olamadım.,gurur
"Anahtarı kapıya takarken, hayatım boyunca hayalini kurduğum o üniversiteden şeref listesinde mezun olduğumu anladım ve göğsümün kabardığını, tüm yorgunluğumun uçup gittiğini hissettim.",gurur
"Sunum dosyasını ekrana yansıttığımda ve kulaklığın tam takılmadığını fark etmeden son ses en damar arabesk şarkıyı tüm otobüse dinletmişim, yer yarılsaydı da içine düşseydim diye düşündürten korkunç bir utanç hissiydi.",utanç
"İlk buluşmada yemeğimizi yerken, arabayı park ederken yanlışlıkla engelli yerine koyduğumu fark ettim ve silecekteki o yazıyı okudum, yer yarılsaydı da içine düşseydim diye düşündürten korkunç bir utanç hissiydi.",utanç
"Açıkçası, mağazada kasa kuyruğunda beklerken ve hesabı ödeyecekken kartım 'yetersiz bakiye' uyarısı verdi, arkamdaki onca insan bana bakıyordu, kendi karakterimden, bu yaptığım çocukluktan o kadar utandım ki kahroldum.",utanç
"Açıkçası, sessizliğin hakim olduğu kütüphanede, kendi hatam yüzünden projeyi batırdım ve cezayı yeni giren stajyerin üstüne yıktım, hayatımın en utanç verici saniyesiydi, mahcubiyetten başımı öne eğdim.",utanç
"Açıkçası, annemin gözlerindeki yaşı görünce ve bursla gittiğim ülkede kendi laboratuvarımı kurma yetkisi aldım içimde büyüyen o tarif edilmez milli gururla tüylerim diken diken oldu.",gurur
"Çok lüks bir kafede otururken ve arabayı park ederken yanlışlıkla engelli yerine koyduğumu fark ettim ve silecekteki o yazıyı okudum, o an utancımdan yerin dibine girdim, keşke görünmez olsam diye dua ettim.",utanç
"O an sahnede dururken, babamın bana bıraktığı o küçük atölyeyi bugün dev bir fabrikaya dönüştürdüm içimde büyüyen o tarif edilmez milli gururla tüylerim diken diken oldu.",gurur
"Açıkçası, madalyayı boynuma taktıklarında, gece gündüz demeden çalıştığım projenin uluslararası ödül aldığını öğrendim alnımın akıyla, tertemiz bir vicdanla buralara gelmiş olmanın gururu paha biçilemezdi.",gurur
"Online derste mikrofonu kapalı sanırken ve öfke kontrolümü kaybedip anneme bağırdım, onun gözlerindeki o kırgınlığı görünce kendimden iğrendim, o an utancımdan yerin dibine girdim, keşke görünmez olsam diye dua ettim.",utanç
"Açıkçası, akrabaların toplandığı salonda, kendi hatam yüzünden projeyi batırdım ve cezayı yeni giren stajyerin üstüne yıktım, geceleri aklıma geldikçe hala yatakta kendi kendime utanıp yüzümü kapatıyorum.",utanç
"Bitiş çizgisine geldiğimde, hiçbir haksızlığa boyun eğmeden, dürüstlüğümden taviz vermeden o makama seçildim içimde büyüyen o tarif edilmez milli gururla tüylerim diken diken oldu.",gurur
"Akrabaların toplandığı salonda ve birine hava atmak için yalan söyledim ama beş dakika sonra ortak tanıdığımız biri gerçeği yüzüme vurdu, o an utancımdan yerin dibine girdim, keşke görünmez olsam diye dua ettim.",utanç
"O an sahnede dururken, hiçbir haksızlığa boyun eğmeden, dürüstlüğümden taviz vermeden o makama seçildim hayatımda ilk defa 'işte başardım' demenin o saf gururunu iliklerime kadar hissettim.",gurur
"Açıkçası, sessizliğin hakim olduğu kütüphanede, yürürken havalı görüneyim derken ayağım halıya takıldı ve herkesin ortasında boylu boyunca yere kapaklandım, büyük bir vicdan azabı ve utançla o ortamı anında terk etmek zorunda kaldım.",utanç
"Sabaha karşı, gençliğimin en güzel yıllarını vererek yazdığım romanın en çok satanlara girdiğini gördüm ailemizin yüzünü ağartmanın, onlara bu gururu yaşatmanın huzuruyla doldum.",gurur
"Aynaya bakıp, kimseye eyvallah etmeden, kendi paramla aldığım bu evin tapusunu elime aldım şu hayatta arkamda bıraktığım bu temiz isimle ölene kadar gurur duyacağım.",gurur
"İlk buluşmada yemeğimizi yerken ve öfke kontrolümü kaybedip anneme bağırdım, onun gözlerindeki o kırgınlığı görünce kendimden iğrendim, geceleri aklıma geldikçe hala yatakta kendi kendime utanıp yüzümü kapatıyorum.",utanç
Hesap kitap yapıp borcun bittiğini görünce ve hayatım boyunca hayalini kurduğum o üniversiteden şeref listesinde mezun olduğumu anladım ve kendimle öyle bir gurur duydum ki gözyaşlarıma hakim olamadım.,gurur
O alkış tufanı koptuğunda ve kızımın tıp fakültesini birincilikle bitirdiğini kendi gözlerimle gördüm içimde büyüyen o tarif edilmez milli gururla tüylerim diken diken oldu.,gurur
"Açıkçası, kırmızı ışıkta beklerken ve bilgisayarımın ekranını paylaştığımı unutup arka planda açık kalan o saçma sapan komik videoyu herkese izlettim, büyük bir vicdan azabı ve utançla o ortamı anında terk etmek zorunda kaldım.",utanç
"Sunum dosyasını ekrana yansıttığımda ve tuvaletin kapısı kilitli sanıyordum, biri aniden içeri girince ne yapacağımı şaşırdım, geceleri aklıma geldikçe hala yatakta kendi kendime utanıp yüzümü kapatıyorum.",utanç
"Sabaha karşı ve kendi tırnaklarımla kazıyarak kurduğum işimin meyvelerini topladığımı fark ettim ve bu dik duruşumun, bu başarımın haklı gururunu yaşamaya karar verdim.",gurur
"Aynaya bakıp ve sokak hayvanları için başlattığımız kampanyanın binlerce cana umut olduğunu gördüm ailemizin yüzünü ağartmanın, onlara bu gururu yaşatmanın huzuruyla doldum.",gurur
"Sabaha karşı ve hiçbir haksızlığa boyun eğmeden, dürüstlüğümden taviz vermeden o makama seçildim ailemizin yüzünü ağartmanın, onlara bu gururu yaşatmanın huzuruyla doldum.",gurur
"Telefonda arkasından konuşurken ve öfke kontrolümü kaybedip anneme bağırdım, onun gözlerindeki o kırgınlığı görünce kendimden iğrendim, hayatımın en utanç verici saniyesiydi, mahcubiyetten başımı öne eğdim.",utanç
"Aynaya bakıp, babamın bana bıraktığı o küçük atölyeyi bugün dev bir fabrikaya dönüştürdüm ailemizin yüzünü ağartmanın, onlara bu gururu yaşatmanın huzuruyla doldum.",gurur
Hesap kitap yapıp borcun bittiğini görünce ve kızımın tıp fakültesini birincilikle bitirdiğini kendi gözlerimle gördüm hayatımda ilk defa 'işte başardım' demenin o saf gururunu iliklerime kadar hissettim.,gurur
"Açıkçası, madalyayı boynuma taktıklarında, bursla gittiğim ülkede kendi laboratuvarımı kurma yetkisi aldım bana bu hissi, bu muazzam onuru yaşatan irademle iftihar ettim.",gurur
"Açıkçası, tıklım tıklım dolu olan metroda ve kulaklığın tam takılmadığını fark etmeden son ses en damar arabesk şarkıyı tüm otobüse dinletmişim, yer yarılsaydı da içine düşseydim diye düşündürten korkunç bir utanç hissiydi.",utanç
"Açıkçası, sonuçları ekranda görünce ve hayatım boyunca hayalini kurduğum o üniversiteden şeref listesinde mezun olduğumu anladım içimde büyüyen o tarif edilmez milli gururla tüylerim diken diken oldu.",gurur
"Online derste mikrofonu kapalı sanırken ve yürürken havalı görüneyim derken ayağım halıya takıldı ve herkesin ortasında boylu boyunca yere kapaklandım, geceleri aklıma geldikçe hala yatakta kendi kendime utanıp yüzümü kapatıyorum.",utanç
"O alkış tufanı koptuğunda ve kimseye eyvallah etmeden, kendi paramla aldığım bu evin tapusunu elime aldım ailemizin yüzünü ağartmanın, onlara bu gururu yaşatmanın huzuruyla doldum.",gurur
"Sunum dosyasını ekrana yansıttığımda, arkamdaki adamı liseden arkadaşım sanıp ensesine tokat attım, adam dönünce yabancı olduğunu anladım, hayatımın en utanç verici saniyesiydi, mahcubiyetten başımı öne eğdim.",utanç
"Açıkçası, sessizliğin hakim olduğu kütüphanede ve yürürken havalı görüneyim derken ayağım halıya takıldı ve herkesin ortasında boylu boyunca yere kapaklandım, böyle bencilce ve aptalca davrandığım için insanlığımdan fena halde utandım.",utanç
"Tıklım tıklım dolu olan metroda, hesabı ödeyecekken kartım 'yetersiz bakiye' uyarısı verdi, arkamdaki onca insan bana bakıyordu, böyle bencilce ve aptalca davrandığım için insanlığımdan fena halde utandım.",utanç
"Törende tam adım okunduğunda ve hesabı ödeyecekken kartım 'yetersiz bakiye' uyarısı verdi, arkamdaki onca insan bana bakıyordu, büyük bir vicdan azabı ve utançla o ortamı anında terk etmek zorunda kaldım.",utanç
"Kırmızı ışıkta beklerken ve arabayı park ederken yanlışlıkla engelli yerine koyduğumu fark ettim ve silecekteki o yazıyı okudum, o an utancımdan yerin dibine girdim, keşke görünmez olsam diye dua ettim.",utanç
"Derin bir nefes alıp ve hiçbir torpilim olmadan, sadece alnımın teriyle o zorlu mülakatı birincilikle geçtim bana bu hissi, bu muazzam onuru yaşatan irademle iftihar ettim.",gurur
"Bitiş çizgisine geldiğimde, hayatım boyunca hayalini kurduğum o üniversiteden şeref listesinde mezun olduğumu anladım kendime olan inancımın bana kazandırdığı bu büyük zaferle gurur duydum.",gurur
"Sonuçları ekranda görünce, ülkemi yurt dışında temsil ederken bayrağımızın dalgalandığını izledim kendime olan inancımın bana kazandırdığı bu büyük zaferle gurur duydum.",gurur
"Açıkçası, telefonda arkasından konuşurken, tuvaletin kapısı kilitli sanıyordum, biri aniden içeri girince ne yapacağımı şaşırdım, o an utancımdan yerin dibine girdim, keşke görünmez olsam diye dua ettim.",utanç
"İlk buluşmada yemeğimizi yerken ve arkamdaki adamı liseden arkadaşım sanıp ensesine tokat attım, adam dönünce yabancı olduğunu anladım, hayatımın en utanç verici saniyesiydi, mahcubiyetten başımı öne eğdim.",utanç
"Tıklım tıklım dolu olan metroda, adını unuttuğum birine idare etmek için 'canım' derken onun kendi adını vurgulayarak beni düzeltmesiyle şok oldum, o an utancımdan yerin dibine girdim, keşke görünmez olsam diye dua ettim.",utanç
"Çok lüks bir kafede otururken ve kulaklığın tam takılmadığını fark etmeden son ses en damar arabesk şarkıyı tüm otobüse dinletmişim, o an utancımdan yerin dibine girdim, keşke görünmez olsam diye dua ettim.",utanç
Yılların yorgunluğuna rağmen ve sokak hayvanları için başlattığımız kampanyanın binlerce cana umut olduğunu gördüm ve kendimle öyle bir gurur duydum ki gözyaşlarıma hakim olamadım.,gurur
Hesap kitap yapıp borcun bittiğini görünce ve hayatım boyunca hayalini kurduğum o üniversiteden şeref listesinde mezun olduğumu anladım şu hayatta arkamda bıraktığım bu temiz isimle ölene kadar gurur duyacağım.,gurur
O alkış tufanı koptuğunda ve hayatım boyunca hayalini kurduğum o üniversiteden şeref listesinde mezun olduğumu anladım kendime olan inancımın bana kazandırdığı bu büyük zaferle gurur duydum.,gurur
"Akrabaların toplandığı salonda, kulaklığın tam takılmadığını fark etmeden son ses en damar arabesk şarkıyı tüm otobüse dinletmişim, hayatımın en utanç verici saniyesiydi, mahcubiyetten başımı öne eğdim.",utanç
"Açıkçası, törende tam adım okunduğunda ve arabayı park ederken yanlışlıkla engelli yerine koyduğumu fark ettim ve silecekteki o yazıyı okudum, kendi karakterimden, bu yaptığım çocukluktan o kadar utandım ki kahroldum.",utanç
"Madalyayı boynuma taktıklarında ve hiçbir torpilim olmadan, sadece alnımın teriyle o zorlu mülakatı birincilikle geçtim bana bu hissi, bu muazzam onuru yaşatan irademle iftihar ettim.",gurur
"Çok lüks bir kafede otururken, arabayı park ederken yanlışlıkla engelli yerine koyduğumu fark ettim ve silecekteki o yazıyı okudum, kendi karakterimden, bu yaptığım çocukluktan o kadar utandım ki kahroldum.",utanç
"Açıkçası, sunum dosyasını ekrana yansıttığımda, yürürken havalı görüneyim derken ayağım halıya takıldı ve herkesin ortasında boylu boyunca yere kapaklandım, insanların o küçümseyen bakışları altında ezildim, çok fena utandım.",utanç
"Anahtarı kapıya takarken, sokak hayvanları için başlattığımız kampanyanın binlerce cana umut olduğunu gördüm ailemizin yüzünü ağartmanın, onlara bu gururu yaşatmanın huzuruyla doldum.",gurur
"Sessizliğin hakim olduğu kütüphanede ve hesabı ödeyecekken kartım 'yetersiz bakiye' uyarısı verdi, arkamdaki onca insan bana bakıyordu, insanların o küçümseyen bakışları altında ezildim, çok fena utandım.",utanç
"Telefonda arkasından konuşurken, hesabı ödeyecekken kartım 'yetersiz bakiye' uyarısı verdi, arkamdaki onca insan bana bakıyordu, yer yarılsaydı da içine düşseydim diye düşündürten korkunç bir utanç hissiydi.",utanç
"Dün gece, ülkemi yurt dışında temsil ederken bayrağımızın dalgalandığını izledim bana bu hissi, bu muazzam onuru yaşatan irademle iftihar ettim.",gurur
"Açıkçası, otel lobisinde beklerken, öfke kontrolümü kaybedip anneme bağırdım, onun gözlerindeki o kırgınlığı görünce kendimden iğrendim, insanların o küçümseyen bakışları altında ezildim, çok fena utandım.",utanç
"Online derste mikrofonu kapalı sanırken, öfke kontrolümü kaybedip anneme bağırdım, onun gözlerindeki o kırgınlığı görünce kendimden iğrendim, ve yaşadığım bu rezilliği ömrümün sonuna kadar hafızamdan silemeyeceğim.",utanç
"Açıkçası, sunum dosyasını ekrana yansıttığımda ve hesabı ödeyecekken kartım 'yetersiz bakiye' uyarısı verdi, arkamdaki onca insan bana bakıyordu, kendi karakterimden, bu yaptığım çocukluktan o kadar utandım ki kahroldum.",utanç
"Çok lüks bir kafede otururken, kulaklığın tam takılmadığını fark etmeden son ses en damar arabesk şarkıyı tüm otobüse dinletmişim, yüzüm kızardı, terlemeye başladım ve utançtan ne diyeceğimi bilemedim.",utanç
İmzayı atarken ve gece gündüz demeden çalıştığım projenin uluslararası ödül aldığını öğrendim içimde büyüyen o tarif edilmez milli gururla tüylerim diken diken oldu.,gurur
"Kırmızı ışıkta beklerken, kulaklığın tam takılmadığını fark etmeden son ses en damar arabesk şarkıyı tüm otobüse dinletmişim, insanların o küçümseyen bakışları altında ezildim, çok fena utandım.",utanç
"Bitiş çizgisine geldiğimde, aylardır süren o amansız hastalığı yenip doktorlardan temiz raporunu aldım ve bu dik duruşumun, bu başarımın haklı gururunu yaşamaya karar verdim.",gurur
"Tıklım tıklım dolu olan metroda, bilgisayarımın ekranını paylaştığımı unutup arka planda açık kalan o saçma sapan komik videoyu herkese izlettim, hayatımın en utanç verici saniyesiydi, mahcubiyetten başımı öne eğdim.",utanç
"Açıkçası, sabaha karşı ve ülkemi yurt dışında temsil ederken bayrağımızın dalgalandığını izledim içimde büyüyen o tarif edilmez milli gururla tüylerim diken diken oldu.",gurur
"Düğün salonunda tam ortada oynarken ve ağzımda kocaman bir yiyecek parçası kalmış, bütün gün insanlara o şekilde sırıtarak gezmişim, yer yarılsaydı da içine düşseydim diye düşündürten korkunç bir utanç hissiydi.",utanç
"Sonuçları ekranda görünce, gençliğimin en güzel yıllarını vererek yazdığım romanın en çok satanlara girdiğini gördüm ve bu dik duruşumun, bu başarımın haklı gururunu yaşamaya karar verdim.",gurur
"Sabaha karşı, kimseye eyvallah etmeden, kendi paramla aldığım bu evin tapusunu elime aldım içimde büyüyen o tarif edilmez milli gururla tüylerim diken diken oldu.",gurur
"Madalyayı boynuma taktıklarında, sokak hayvanları için başlattığımız kampanyanın binlerce cana umut olduğunu gördüm ailemizin yüzünü ağartmanın, onlara bu gururu yaşatmanın huzuruyla doldum.",gurur
"Yılların yorgunluğuna rağmen, aylardır süren o amansız hastalığı yenip doktorlardan temiz raporunu aldım alnımın akıyla, tertemiz bir vicdanla buralara gelmiş olmanın gururu paha biçilemezdi.",gurur
"İmzayı atarken, ülkemi yurt dışında temsil ederken bayrağımızın dalgalandığını izledim içimde büyüyen o tarif edilmez milli gururla tüylerim diken diken oldu.",gurur
"Açıkçası, telefonda arkasından konuşurken, arabayı park ederken yanlışlıkla engelli yerine koyduğumu fark ettim ve silecekteki o yazıyı okudum, geceleri aklıma geldikçe hala yatakta kendi kendime utanıp yüzümü kapatıyorum.",utanç
Bankadaki bakiyeye bakınca ve aylardır süren o amansız hastalığı yenip doktorlardan temiz raporunu aldım ve kendimle öyle bir gurur duydum ki gözyaşlarıma hakim olamadım.,gurur
"Sonunda o maili aldığımda ve gençliğimin en güzel yıllarını vererek yazdığım romanın en çok satanlara girdiğini gördüm bana bu hissi, bu muazzam onuru yaşatan irademle iftihar ettim.",gurur
"Açıkçası, dün ofisteyken ve tuvaletin kapısı kilitli sanıyordum, biri aniden içeri girince ne yapacağımı şaşırdım, kendi karakterimden, bu yaptığım çocukluktan o kadar utandım ki kahroldum.",utanç
"Açıkçası, o alkış tufanı koptuğunda, gece gündüz demeden çalıştığım projenin uluslararası ödül aldığını öğrendim şu hayatta arkamda bıraktığım bu temiz isimle ölene kadar gurur duyacağım.",gurur
"Sessizliğin hakim olduğu kütüphanede ve birine hava atmak için yalan söyledim ama beş dakika sonra ortak tanıdığımız biri gerçeği yüzüme vurdu, böyle bencilce ve aptalca davrandığım için insanlığımdan fena halde utandım.",utanç
"Dün gece ve kendi tırnaklarımla kazıyarak kurduğum işimin meyvelerini topladığımı fark ettim ailemizin yüzünü ağartmanın, onlara bu gururu yaşatmanın huzuruyla doldum.",gurur
"Açıkçası, akrabaların toplandığı salonda, kadını hamile zannedip kalkıp yer verdim ama meğer sadece kiloluymuş ve bana çok ters baktı, büyük bir vicdan azabı ve utançla o ortamı anında terk etmek zorunda kaldım.",utanç
"Madalyayı boynuma taktıklarında, ülkemi yurt dışında temsil ederken bayrağımızın dalgalandığını izledim ve kendimle öyle bir gurur duydum ki gözyaşlarıma hakim olamadım.",gurur
Müdür ismimi okuduğunda ve bana 'asla yapamazsın' diyen herkesin haksız çıktığını ispatladım kendime olan inancımın bana kazandırdığı bu büyük zaferle gurur duydum.,gurur
"Belgeyi elime aldığımda, babamın bana bıraktığı o küçük atölyeyi bugün dev bir fabrikaya dönüştürdüm ailemizin yüzünü ağartmanın, onlara bu gururu yaşatmanın huzuruyla doldum.",gurur
"Mağazada kasa kuyruğunda beklerken ve heyecandan elimdeki bardağı devirip kahveyi müdürün bembeyaz gömleğine döktüm, ve yaşadığım bu rezilliği ömrümün sonuna kadar hafızamdan silemeyeceğim.",utanç
"Akrabaların toplandığı salonda, eski sevgilime atacağım o ergence mesajı yanlışlıkla aile WhatsApp grubuna gönderdim, o an utancımdan yerin dibine girdim, keşke görünmez olsam diye dua ettim.",utanç
"Online derste mikrofonu kapalı sanırken, adını unuttuğum birine idare etmek için 'canım' derken onun kendi adını vurgulayarak beni düzeltmesiyle şok oldum, geceleri aklıma geldikçe hala yatakta kendi kendime utanıp yüzümü kapatıyorum.",utanç
"Açıkçası, akrabaların toplandığı salonda ve adını unuttuğum birine idare etmek için 'canım' derken onun kendi adını vurgulayarak beni düzeltmesiyle şok oldum, böyle bencilce ve aptalca davrandığım için insanlığımdan fena halde utandım.",utanç
"Açıkçası, telefonda arkasından konuşurken, ağzımda kocaman bir yiyecek parçası kalmış, bütün gün insanlara o şekilde sırıtarak gezmişim, geceleri aklıma geldikçe hala yatakta kendi kendime utanıp yüzümü kapatıyorum.",utanç
"Açıkçası, kırmızı ışıkta beklerken ve arkamdaki adamı liseden arkadaşım sanıp ensesine tokat attım, adam dönünce yabancı olduğunu anladım, o an utancımdan yerin dibine girdim, keşke görünmez olsam diye dua ettim.",utanç
"Derin bir nefes alıp ve ülkemi yurt dışında temsil ederken bayrağımızın dalgalandığını izledim ve göğsümün kabardığını, tüm yorgunluğumun uçup gittiğini hissettim.",gurur
"Mağazada kasa kuyruğunda beklerken, kulaklığın tam takılmadığını fark etmeden son ses en damar arabesk şarkıyı tüm otobüse dinletmişim, geceleri aklıma geldikçe hala yatakta kendi kendime utanıp yüzümü kapatıyorum.",utanç
"Hesap kitap yapıp borcun bittiğini görünce, kendi tırnaklarımla kazıyarak kurduğum işimin meyvelerini topladığımı fark ettim hayatımda ilk defa 'işte başardım' demenin o saf gururunu iliklerime kadar hissettim.",gurur
"Çok lüks bir kafede otururken ve adını unuttuğum birine idare etmek için 'canım' derken onun kendi adını vurgulayarak beni düzeltmesiyle şok oldum, kendi karakterimden, bu yaptığım çocukluktan o kadar utandım ki kahroldum.",utanç
"Açıkçası, kürsüye çıkarken ve ülkemi yurt dışında temsil ederken bayrağımızın dalgalandığını izledim kendime olan inancımın bana kazandırdığı bu büyük zaferle gurur duydum.",gurur
"Herkesin bana baktığı o an, oğlumun milli formayı giyip sahaya çıktığı anı canlı yayında izledim kendime olan inancımın bana kazandırdığı bu büyük zaferle gurur duydum.",gurur
"O an sahnede dururken ve aylardır süren o amansız hastalığı yenip doktorlardan temiz raporunu aldım bana bu hissi, bu muazzam onuru yaşatan irademle iftihar ettim.",gurur
"Açıkçası, çok lüks bir kafede otururken ve ağzımda kocaman bir yiyecek parçası kalmış, bütün gün insanlara o şekilde sırıtarak gezmişim, geceleri aklıma geldikçe hala yatakta kendi kendime utanıp yüzümü kapatıyorum.",utanç
"Mağazada kasa kuyruğunda beklerken ve kadını hamile zannedip kalkıp yer verdim ama meğer sadece kiloluymuş ve bana çok ters baktı, ve yaşadığım bu rezilliği ömrümün sonuna kadar hafızamdan silemeyeceğim.",utanç
Müdür ismimi okuduğunda ve babamın bana bıraktığı o küçük atölyeyi bugün dev bir fabrikaya dönüştürdüm şu hayatta arkamda bıraktığım bu temiz isimle ölene kadar gurur duyacağım.,gurur
"O alkış tufanı koptuğunda ve sokak hayvanları için başlattığımız kampanyanın binlerce cana umut olduğunu gördüm alnımın akıyla, tertemiz bir vicdanla buralara gelmiş olmanın gururu paha biçilemezdi.",gurur
"Çok lüks bir kafede otururken, öfke kontrolümü kaybedip anneme bağırdım, onun gözlerindeki o kırgınlığı görünce kendimden iğrendim, yer yarılsaydı da içine düşseydim diye düşündürten korkunç bir utanç hissiydi.",utanç
"İmzayı atarken, hayatım boyunca hayalini kurduğum o üniversiteden şeref listesinde mezun olduğumu anladım bana bu hissi, bu muazzam onuru yaşatan irademle iftihar ettim.",gurur
"Tıklım tıklım dolu olan metroda, hesabı ödeyecekken kartım 'yetersiz bakiye' uyarısı verdi, arkamdaki onca insan bana bakıyordu, o an utancımdan yerin dibine girdim, keşke görünmez olsam diye dua ettim.",utanç
"Açıkçası, düğün salonunda tam ortada oynarken ve arabayı park ederken yanlışlıkla engelli yerine koyduğumu fark ettim ve silecekteki o yazıyı okudum, ve yaşadığım bu rezilliği ömrümün sonuna kadar hafızamdan silemeyeceğim.",utanç
"Düğün salonunda tam ortada oynarken, heyecandan elimdeki bardağı devirip kahveyi müdürün bembeyaz gömleğine döktüm, hayatımın en utanç verici saniyesiydi, mahcubiyetten başımı öne eğdim.",utanç
"Sabaha karşı, hiçbir torpilim olmadan, sadece alnımın teriyle o zorlu mülakatı birincilikle geçtim ailemizin yüzünü ağartmanın, onlara bu gururu yaşatmanın huzuruyla doldum.",gurur
"Önemli bir müşteri görüşmesinin tam ortasında ve arkamdaki adamı liseden arkadaşım sanıp ensesine tokat attım, adam dönünce yabancı olduğunu anladım, geceleri aklıma geldikçe hala yatakta kendi kendime utanıp yüzümü kapatıyorum.",utanç
Bitiş çizgisine geldiğimde ve gençliğimin en güzel yıllarını vererek yazdığım romanın en çok satanlara girdiğini gördüm şu hayatta arkamda bıraktığım bu temiz isimle ölene kadar gurur duyacağım.,gurur
"Telefonda arkasından konuşurken ve tuvaletin kapısı kilitli sanıyordum, biri aniden içeri girince ne yapacağımı şaşırdım, geceleri aklıma geldikçe hala yatakta kendi kendime utanıp yüzümü kapatıyorum.",utanç
"Sunum dosyasını ekrana yansıttığımda ve ağzımda kocaman bir yiyecek parçası kalmış, bütün gün insanlara o şekilde sırıtarak gezmişim, o an utancımdan yerin dibine girdim, keşke görünmez olsam diye dua ettim.",utanç
"Dün gece, bana 'asla yapamazsın' diyen herkesin haksız çıktığını ispatladım ve kendimle öyle bir gurur duydum ki gözyaşlarıma hakim olamadım.",gurur
"İlk buluşmada yemeğimizi yerken ve tuvaletin kapısı kilitli sanıyordum, biri aniden içeri girince ne yapacağımı şaşırdım, büyük bir vicdan azabı ve utançla o ortamı anında terk etmek zorunda kaldım.",utanç
Sabaha karşı ve gece gündüz demeden çalıştığım projenin uluslararası ödül aldığını öğrendim ve kendimle öyle bir gurur duydum ki gözyaşlarıma hakim olamadım.,gurur
Sonuçları ekranda görünce ve kendi tırnaklarımla kazıyarak kurduğum işimin meyvelerini topladığımı fark ettim içimde büyüyen o tarif edilmez milli gururla tüylerim diken diken oldu.,gurur
"O an sahnede dururken, gece gündüz demeden çalıştığım projenin uluslararası ödül aldığını öğrendim ve kendimle öyle bir gurur duydum ki gözyaşlarıma hakim olamadım.",gurur
"Törende tam adım okunduğunda ve kendi hatam yüzünden projeyi batırdım ve cezayı yeni giren stajyerin üstüne yıktım, ve yaşadığım bu rezilliği ömrümün sonuna kadar hafızamdan silemeyeceğim.",utanç
"İlk buluşmada yemeğimizi yerken ve yürürken havalı görüneyim derken ayağım halıya takıldı ve herkesin ortasında boylu boyunca yere kapaklandım, büyük bir vicdan azabı ve utançla o ortamı anında terk etmek zorunda kaldım.",utanç
"Hesap kitap yapıp borcun bittiğini görünce ve hiçbir haksızlığa boyun eğmeden, dürüstlüğümden taviz vermeden o makama seçildim alnımın akıyla, tertemiz bir vicdanla buralara gelmiş olmanın gururu paha biçilemezdi.",gurur
"Sabaha karşı, babamın bana bıraktığı o küçük atölyeyi bugün dev bir fabrikaya dönüştürdüm ve göğsümün kabardığını, tüm yorgunluğumun uçup gittiğini hissettim.",gurur
"O alkış tufanı koptuğunda, oğlumun milli formayı giyip sahaya çıktığı anı canlı yayında izledim kendime olan inancımın bana kazandırdığı bu büyük zaferle gurur duydum.",gurur
"Mağazada kasa kuyruğunda beklerken ve ağzımda kocaman bir yiyecek parçası kalmış, bütün gün insanlara o şekilde sırıtarak gezmişim, böyle bencilce ve aptalca davrandığım için insanlığımdan fena halde utandım.",utanç
"Açıkçası, akrabaların toplandığı salonda, arabayı park ederken yanlışlıkla engelli yerine koyduğumu fark ettim ve silecekteki o yazıyı okudum, insanların o küçümseyen bakışları altında ezildim, çok fena utandım.",utanç
"Açıkçası, telefonda arkasından konuşurken, birine hava atmak için yalan söyledim ama beş dakika sonra ortak tanıdığımız biri gerçeği yüzüme vurdu, geceleri aklıma geldikçe hala yatakta kendi kendime utanıp yüzümü kapatıyorum.",utanç
"Açıkçası, annemin gözlerindeki yaşı görünce, gençliğimin en güzel yıllarını vererek yazdığım romanın en çok satanlara girdiğini gördüm bana bu hissi, bu muazzam onuru yaşatan irademle iftihar ettim.",gurur
"Açıkçası, sonunda o maili aldığımda ve ülkemi yurt dışında temsil ederken bayrağımızın dalgalandığını izledim ve bu dik duruşumun, bu başarımın haklı gururunu yaşamaya karar verdim.",gurur
"Önemli bir müşteri görüşmesinin tam ortasında, arabayı park ederken yanlışlıkla engelli yerine koyduğumu fark ettim ve silecekteki o yazıyı okudum, ve yaşadığım bu rezilliği ömrümün sonuna kadar hafızamdan silemeyeceğim.",utanç
"Annemin gözlerindeki yaşı görünce, bana 'asla yapamazsın' diyen herkesin haksız çıktığını ispatladım içimde büyüyen o tarif edilmez milli gururla tüylerim diken diken oldu.",gurur
"Açıkçası, önemli bir müşteri görüşmesinin tam ortasında, yürürken havalı görüneyim derken ayağım halıya takıldı ve herkesin ortasında boylu boyunca yere kapaklandım, ve yaşadığım bu rezilliği ömrümün sonuna kadar hafızamdan silemeyeceğim.",utanç
O an sahnede dururken ve gençliğimin en güzel yıllarını vererek yazdığım romanın en çok satanlara girdiğini gördüm hayatımda ilk defa 'işte başardım' demenin o saf gururunu iliklerime kadar hissettim.,gurur
"Açıkçası, sessizliğin hakim olduğu kütüphanede, tuvaletin kapısı kilitli sanıyordum, biri aniden içeri girince ne yapacağımı şaşırdım, insanların o küçümseyen bakışları altında ezildim, çok fena utandım.",utanç
"Bankadaki bakiyeye bakınca ve ülkemi yurt dışında temsil ederken bayrağımızın dalgalandığını izledim ve bu dik duruşumun, bu başarımın haklı gururunu yaşamaya karar verdim.",gurur
"Otel lobisinde beklerken, hesabı ödeyecekken kartım 'yetersiz bakiye' uyarısı verdi, arkamdaki onca insan bana bakıyordu, o an utancımdan yerin dibine girdim, keşke görünmez olsam diye dua ettim.",utanç
"Açıkçası, o an sahnede dururken, hiçbir torpilim olmadan, sadece alnımın teriyle o zorlu mülakatı birincilikle geçtim ailemizin yüzünü ağartmanın, onlara bu gururu yaşatmanın huzuruyla doldum.",gurur
"Açıkçası, sessizliğin hakim olduğu kütüphanede, kulaklığın tam takılmadığını fark etmeden son ses en damar arabesk şarkıyı tüm otobüse dinletmişim, geceleri aklıma geldikçe hala yatakta kendi kendime utanıp yüzümü kapatıyorum.",utanç
"Açıkçası, akrabaların toplandığı salonda, kulaklığın tam takılmadığını fark etmeden son ses en damar arabesk şarkıyı tüm otobüse dinletmişim, insanların o küçümseyen bakışları altında ezildim, çok fena utandım.",utanç
"Herkesin bana baktığı o an, gençliğimin en güzel yıllarını vererek yazdığım romanın en çok satanlara girdiğini gördüm bana bu hissi, bu muazzam onuru yaşatan irademle iftihar ettim.",gurur
