Cümle Metni,Gerçek Etiket,Tahmin Edilen Etiket,Olasılık Puanı,Kaynak
"Vay canına, bu utanç verici",korku,utanç,0.9998,goemotions_tr
Böyle mükemmel bir oyuncu kadrosunun bir üyesi olduğum için gurur duyuyorum .,nötr,gurur,0.9997,winvoker
Seninle çok gurur duyuyorum! Bunu harika bir şekilde hallettin!,mutluluk,gurur,0.9997,goemotions_tr
Bugün birkez daha gurur duyuyorum Fenerbahçe'li oldugum için,mutluluk,gurur,0.9997,winvoker
.....ah.... iğrenç,nötr,tiksinti,0.9996,goemotions_tr
Bu inanılmaz ve korkutucu,mutluluk,korku,0.9996,goemotions_tr
Mummers'ın tadını çıkarıyorum. Ben Philly'liyim. Skyrim müziği kullandıkları için biraz korktum....,mutluluk,korku,0.9996,goemotions_tr
Kendine Met hayranı dedin. BU utanç verici. Düzenleme: kendilerine Met hayranı dediler ve [NAME]'in kim olduğunu bilmiyorlardı AMD ona saygısızlık etti.,öfke,utanç,0.9995,goemotions_tr
"Bunu izlerken kendimi hasta hissettiğimi hatırlıyorum, [İSİM] beni çok ürpertti, [İSİM]'i çok komik buldum ve ru berbat görünüyordu",öfke,korku,0.9994,goemotions_tr
"heh, o reklamı hatırlıyorum.. Oldukça iğrençti",utanç,tiksinti,0.9994,goemotions_tr
"bu neden sağcıların yaptığı bir propaganda gibi hissettiriyor, çünkü onlar ondan ölesiye korkuyorlar...",şaşkınlık,korku,0.9994,goemotions_tr
Ne saçmalık ben duş almadan önce işemenin normal olduğunu düşünüyordum ama duşta işememek gibi bir şey. Özellikle de ortak duş varsa. İğrenç,öfke,tiksinti,0.9993,goemotions_tr
"Annem ve babam sürekli nefes alıp almadığımızı kontrol ediyorlardı, ses çıkardığımızı duymadıklarında hep panikliyorlardı.",nötr,korku,0.9993,goemotions_tr
Gruptaki herkes ondan korkar çünkü Uzak doğu Dövüş Tekniklerinin ustasıdır .,nötr,korku,0.9992,winvoker
Chuck hem ilgisini çeker hem de ondan biraz korkar .,nötr,korku,0.9992,winvoker
"Kendimi bıraksam üst üste üç donut yiyebilecek biri olarak, bu kadının tükettiği şeker miktarı hala kalbimi korkutuyor",öfke,korku,0.9992,goemotions_tr
"Gerçekten tehlikeli. Aşılar çiçek hastalığı gibi hastalıkları öldürürken, çocukları öldürebilecekleri veya mahvedebilecekleri korkusuyla dolaylı olarak öldürüyorlar...",nötr,korku,0.9991,goemotions_tr
En gurur duyduğum mastürbasyon değil,öfke,gurur,0.9991,goemotions_tr
hooooly bu iğrenç. bu fandom en kötüsü,nötr,tiksinti,0.999,goemotions_tr
Pamuk tarlasına benzediği için biraz daha ürkütücü duruyor.,nötr,tiksinti,0.999,goemotions_tr
"Bu filmde, karanlık bi odadan ne kadar korkarsam o kadar korktum ve hala filmde anlamadığım yerler var.",üzüntü,korku,0.999,winvoker
Şu festivaldeki tüm çöplere bak. Çok iğrenç.,öfke,tiksinti,0.999,goemotions_tr
"Bizim antikor çalışmamızda da, enfekte olduktan 2-3 ay sonra virüse karşı oluşan antikorların azaldığını gözlemledik. Diğer çalışmalarda bu sonuca varılıyor. Bu bakımdan, ikinci defa Kovid-19 olma riskinden oldukça endişe ettiğimizi söylemiştim, sanırım korktuğumuz oluyor",mutluluk,korku,0.999,winvoker
Dünyanın en iğrenç filmi.,üzüntü,tiksinti,0.999,winvoker
Onun üzerinde korkunç bir şey göremiyorum. Yaşlı. Hepsi bu.,öfke,korku,0.9989,goemotions_tr
Pesto yemeğine biraz avokado eklemek kulağa hoş geliyor ama bu iğrenç görünüyor,nötr,tiksinti,0.9989,goemotions_tr
"Evet, bu korkunçtu. [İSİM]'in o maçın sonunda gülüp şakalaşması kariyerini burada sonlandırdı.",mutluluk,tiksinti,0.9989,goemotions_tr
İğrenç. Bu apaçık bir kayırmacılıktır ve o adam utanmalıdır.,öfke,tiksinti,0.9989,goemotions_tr
Korkunç bir görünümü vardır .,nötr,korku,0.9988,winvoker
"63 yaşındayım, D bedenim var, sarkmam yok. Tek boynuzlu at olmalıyım!",nötr,gurur,0.9988,goemotions_tr
"Bu yazı bende inanılmaz bir kaygıya yol açtı, ta ki arka lastiklerin yana doğru yuvarlandığını görene kadar, ki bu inanılmazdı.",mutluluk,korku,0.9987,goemotions_tr
Düşündüğünüzden çok daha fazla oluyor. İnsanlar itici.,nötr,tiksinti,0.9987,goemotions_tr
Tek kitabı olan insan tehlikelidir .,nötr,korku,0.9986,winvoker
"Bunları bir arada tutmak çok tehlikelidir, patlayabilirler ve güç kazanmak için diğer kulak çubuklarını yemeye başlayabilirler.",öfke,korku,0.9986,goemotions_tr
Korkunç bir şekilde kırılmış bir ayak bileği bekliyordum. Aslında beklenmeyeni yayınladınız,şaşkınlık,korku,0.9986,goemotions_tr
"Evet, oops",nötr,utanç,0.9986,goemotions_tr
Hassas yaşlı [İSİM] ile sıkışıp kalmışken [İSİM]'in oynadığını görünce utanıyorum.,korku,utanç,0.9985,goemotions_tr
Şimdi daha da endişeliyim[](#face-support),sevgi,korku,0.9985,goemotions_tr
Bebeğin korkuyla bezeli yolculuğu da böylelikle başlar .,nötr,korku,0.9985,winvoker
[NAME] daha kötü ama Biden kadınlara ve küçük kızlara sarkıntılık ediyor,nötr,tiksinti,0.9984,goemotions_tr
keaton hep şöyle derdi'tanrıya inanmam ancak ondan korkarım!' ben ise tanrıya inanıyorum ancak korktuğum tek şey var o da kayser soze..,mutluluk,korku,0.9984,winvoker
Az önce ağzıma biraz kustum...,nötr,tiksinti,0.9984,goemotions_tr
"Ugh, Washington eyaletinde yaşıyorum ve aşı olmama rağmen kızamık olacağımdan korkuyorum, aşı karşıtlarından nefret ediyorum",öfke,korku,0.9983,goemotions_tr
Dünya çocuklar için yeterince korkunç bir yer .,nötr,korku,0.9983,winvoker
"Seni şahsen tanımıyor olsam da, seninle gurur duyduğumu söylemek istiyorum. Bu bir ilham.",mutluluk,gurur,0.9983,goemotions_tr
Elbette. Videosunun konusu kesinlikle ürkütücü ve iticiydi.,mutluluk,tiksinti,0.9982,goemotions_tr
Çok garip bir hataydı.,şaşkınlık,utanç,0.998,goemotions_tr
"Adil olmak gerekirse, hala CP3 ve [NAME] eksik. Bu oyun genel olarak oldukça çirkindi.",öfke,tiksinti,0.998,goemotions_tr
Böyle bir ziyarette blazer ve haki pantolon giymek çok garip,öfke,utanç,0.998,goemotions_tr
Çok kötü çünkü adam ismi mahvetti. Ayrıca minik bir bıyığı da mahvetti.,öfke,tiksinti,0.998,goemotions_tr
Bunların ağızı lağam kokuyor,üzüntü,tiksinti,0.998,winvoker
Cümlesini bitiremeden boğularak öldüğünden endişeleniyorum.,üzüntü,korku,0.9979,goemotions_tr
Ben de aynı şekilde hissediyorum. Bu beni çok güvensiz kılıyor,mutluluk,korku,0.9979,goemotions_tr
"arada kendi kendine düsüyor, biraz korkutucu :)",üzüntü,korku,0.9979,winvoker
Dürüst olmak gerekirse ürkütücü Yoda ses paketi,nötr,tiksinti,0.9978,goemotions_tr
"Onlara ulusal çapta vahşi demek, ölümlerinden bir haftadan kısa bir süre sonra bunun başlarına geleceğini ima etmek, mezarlarına tükürmekten bile daha kötüdür.",nötr,tiksinti,0.9977,goemotions_tr
"Belki de müze yerine ""Utanç Salonu"" olması gerekiyor.",öfke,utanç,0.9976,goemotions_tr
Sadece aday gösterilmek bile benim için bir onurdu. İkinci olmak gerçekleşen bir rüya (Hayallerimi gerçekçi ve ulaşılabilir tutuyorum).,sevgi,gurur,0.9976,goemotions_tr
Bu onun için çok tehlikelidir .,nötr,korku,0.9976,winvoker
Bütün bunlara maruz kalıp hala bunun ne kadar çılgınca olduğunu fark ettiğin için seninle gurur duyuyorum.,mutluluk,gurur,0.9976,goemotions_tr
En kötüsü de onu ilk önce baktığın yerde bulmaktır.,nötr,tiksinti,0.9976,goemotions_tr
"Evet, sahteydi. Çok yazık oldu.",üzüntü,utanç,0.9975,goemotions_tr
YouTube'daki tüm troomtroom videoları bu kadar tuhaf ve gereksiz. Bazıları daha da tuhaf. Ve küçük resimleri ilginç,şaşkınlık,tiksinti,0.9975,goemotions_tr
"Son üç kez Final'i kaybettim, Final'i kazandım, ECF'yi kaybettim, bu çılgınlık. Sadece 17 yıl boyunca bu bir utanç",üzüntü,utanç,0.9975,goemotions_tr
Bazı grafitiler bunu gerçekten kötü hale getirebilir,tiksinti,korku,0.9974,goemotions_tr
Bunun polis şefinin utanmasına yetecek kadar kötü olduğunu düşünmüyorum. (Utanması gerekir ama utanmayacak),öfke,utanç,0.9974,goemotions_tr
Kendimi aldatılmış hissediyorum! Lol,mutluluk,utanç,0.9973,goemotions_tr
"Pick and roll yok, [NAME] olmadan ve [NAME] ile bu bir kabus",nötr,korku,0.9973,goemotions_tr
"n-kelimesini söylemeyi seviyorum, beni mutlu ediyor",mutluluk,sevgi,0.9972,goemotions_tr
"Bu çok iyi! Teşekkür ederim, bu şekilde düşünmeyi seviyorum. Bunu onlara açıklamak faydalı olabilir.",mutluluk,sevgi,0.9971,goemotions_tr
Bunu çok seviyorum! Burada olumlu bir sonuç duymak güzel.,mutluluk,sevgi,0.9971,goemotions_tr
Senin için utanıyorum. Bundan sonraki hayatında bol şans.,sevgi,utanç,0.9971,goemotions_tr
Y kuşağı 1981-1995 yılları arasındaki kuşaktır. 1983 yılı bu kuşağa dahildir.,mutluluk,nötr,0.997,goemotions_tr
O çocuğun yüzü bir pisliğin yüzü gibi,üzüntü,tiksinti,0.9968,goemotions_tr
bunu söylemekten nefret ediyorum ama Saskatchewan dışında hiç kimse [İSİM] adını duymadı,üzüntü,öfke,0.9968,goemotions_tr
"Brooklyn Caddesi'nin hemen kuzeyindeki SE 89. cadde, şimdiye kadar sürdüğüm en kötü caddelerden biri.",öfke,tiksinti,0.9967,goemotions_tr
Onun acısını hissediyorum. Kötü dxm tripleri o anki en korkutucu şeydir ama kötü psikolojik triplerden çok daha affedicidirler,üzüntü,korku,0.9966,goemotions_tr
Çok teşekkürler,mutluluk,sevgi,0.9966,winvoker
"Evet, tüm sersemletici gülleler korkunç.",tiksinti,korku,0.9966,goemotions_tr
Teşekkür ederim! Hepimiz bu güzel sözleri takdir ediyoruz! ًں'“,mutluluk,sevgi,0.9966,goemotions_tr
Çok güzel ًںک€ teşekkürler!,mutluluk,sevgi,0.9965,goemotions_tr
"Ben Isla Vista'ydım, güzel ve korkunç bir yer",mutluluk,tiksinti,0.9964,goemotions_tr
"Harikasın, teşekkürler!",mutluluk,sevgi,0.9964,goemotions_tr
"Ah, ne demek istediğini yanlış anladım, özür dilerim benim hatam",üzüntü,utanç,0.9963,goemotions_tr
Garip bir adam olduğunu biliyoruz. Ama öyle işler başarması için normal olmaması gerekiyor.,mutluluk,tiksinti,0.9963,winvoker
"Hayır, onlar DFAC'de pislik topluyorlar",nötr,öfke,0.9963,goemotions_tr
Yardımınız için teşekkür ederim!,mutluluk,sevgi,0.9963,goemotions_tr
"Keşke kocam da senin gibi olsaydı, özellikle 6. maddede",mutluluk,sevgi,0.9962,goemotions_tr
"Adam Ohio State maçında yoktu... Bilmiyorum, eğer seçilirse çok endişelenirdim.",üzüntü,korku,0.9961,goemotions_tr
Odada gördükleri onu dehşete düşürür .,nötr,korku,0.9961,winvoker
"Aman Tanrım, [İSİM]'i seviyorum. O her zaman çok iyi.",mutluluk,sevgi,0.996,goemotions_tr
"Yardım etmek isteselerdi, en ufak bir araştırma yaparlardı ve bunun korkunç bir şey olduğunu görürlerdi.",nötr,korku,0.996,goemotions_tr
[İSİM]'in birkaç suratı parçalamasını çok isterdim.,mutluluk,sevgi,0.996,goemotions_tr
"Harika, çok teşekkür ederim!",mutluluk,sevgi,0.996,goemotions_tr
Güzel iş dostum. Tutkuyu seviyorum.,mutluluk,sevgi,0.996,goemotions_tr
"Harika, teşekkür ederim!",mutluluk,sevgi,0.9959,goemotions_tr
"Bu, beni utandıran şeyler konusunda kendimi çok daha iyi hissetmemi sağlıyor.",mutluluk,utanç,0.9959,goemotions_tr
Haha. Teşekkür ederim.,mutluluk,sevgi,0.9958,goemotions_tr
"Tavsiyen için teşekkür ederim, gerçekten çok kıymetli, umarım şimdi daha iyisindir!",mutluluk,sevgi,0.9958,goemotions_tr
"Şuna bak, bu mükemmel. ًں'ڈًںڈ» Bunu gerçekten çok seviyorum.",mutluluk,sevgi,0.9958,goemotions_tr
Bunu yaptıklarını söylerdim çünkü korkunç bir kazaydı ama aynı zamanda haksızdılar da. Ordu onları dağıtmaya çalıştı ama başaramadılar.,üzüntü,korku,0.9956,goemotions_tr
Özlenen zamanlar,mutluluk,sevgi,0.9956,winvoker
"Kültürel ödünçlemenin en kötü örneği, kendisinin açıkça duygusuz bir pislik olduğu halde insan dilini ve düşüncelerini taklit etmesidir.",öfke,tiksinti,0.9956,goemotions_tr
"Bunu çok sevdim, [NAME]'in sonunda San Jose'ye gelmesine sevindim",mutluluk,sevgi,0.9956,goemotions_tr
Bunu çok iyi anlıyorum ve seviyorum.,mutluluk,sevgi,0.9955,goemotions_tr
"[İSİM] adlı bir adam, [İSİM] adlı kişinin canlı performans sırasında vurulduğu kabusunu yaşadı.",nötr,korku,0.9955,goemotions_tr
Teşekkürler. Her zamanki gibi güzel bir katkı.,mutluluk,sevgi,0.9953,goemotions_tr
Güldürdüğün için teşekkürler ًںک‚ًںک‚,mutluluk,sevgi,0.9952,goemotions_tr
Teşekkür ederim. Bir an delireceğimi sandım.,mutluluk,sevgi,0.9951,goemotions_tr
"Dürüst olmak gerekirse, 32 yaşında olmayı gerçekten sevdim. Genel olarak 30'lar harikaydı. Doğum günün kutlu olsun!",mutluluk,sevgi,0.9951,goemotions_tr
O zamandan beri kendisini çok sevdim .,nötr,sevgi,0.9951,winvoker
Haklısın! Ne kabus.,mutluluk,korku,0.9951,goemotions_tr
"Yalancı, uyuşturucu bağımlısı, pedofili büyükannesi, fiziksel rahatsızlıkları nedeniyle birçok açıdan ciddi ve ölümcül bir tehlike oluşturuyor.",öfke,korku,0.9951,goemotions_tr
"Evet, onu kendime ve muhtemelen birçok kişiye hakaret olarak yığına attım.",nötr,utanç,0.995,goemotions_tr
"Onun olup biteni sadece izlemesini de seviyorum, bana bir kedinin ne yapacağını hatırlatıyor.",nötr,sevgi,0.995,goemotions_tr
"Zaten [İSİM]'i çok seviyorum. [İSİM] muhteşem, ama beni hemen büyüleyemedi Bayan [İSİM].",mutluluk,sevgi,0.9948,goemotions_tr
"Teşekkürler dostum, bunu takdir ediyorum",mutluluk,sevgi,0.9948,goemotions_tr
Kaplumbağaları severim.,mutluluk,sevgi,0.9948,goemotions_tr
Bunu izlemek çok keyifliydi. Keşke daha fazla bölüm Brianne gibi olsaydı.,mutluluk,sevgi,0.9948,goemotions_tr
"Evet, yanlış kelimeyi kullanmış olabilirim.",mutluluk,utanç,0.9947,goemotions_tr
İyi onu her zaman sev,mutluluk,sevgi,0.9947,goemotions_tr
Çünkü 2 boyutlu sanattan daha kötü görünürdü.,öfke,tiksinti,0.9947,goemotions_tr
"Geçimimi şoförlük yaparak sağlıyorum, dolayısıyla plakaları kaydeden oldukça üst düzey bir kameram var!",nötr,gurur,0.9947,goemotions_tr
Sadece ağzıma biraz kustum.,nötr,tiksinti,0.9946,goemotions_tr
Kendine gülmesine izin vermeyen birinin reddit hesabı olması korkunç bir şey,üzüntü,tiksinti,0.9946,goemotions_tr
"Yakınımdaki her BP, diğer seçeneklerden litre başına sürekli 5-10 sent daha yüksek. Garip.",şaşkınlık,tiksinti,0.9946,goemotions_tr
'Sen'i çok sevdim! [İSİM] sadece ekstra bir bonus.,nötr,sevgi,0.9945,goemotions_tr
İnsanların kendisinden korktuğunu fark edince gözyaşı döker .,nötr,korku,0.9945,winvoker
Hahahaha. Duvardaki bir sinekmişim gibi hayal edebiliyorum. [İSİM] gibi mj'i seviyorum,mutluluk,sevgi,0.9944,goemotions_tr
*reklamlar daha da çirkin,öfke,tiksinti,0.9944,goemotions_tr
O şeridi seviyorum. Roma'nın en güzel yeri gibi.,mutluluk,sevgi,0.9943,goemotions_tr
"Evet yapıyor, keşke Eli de bunu yapabilseydi.",nötr,sevgi,0.9943,goemotions_tr
BU ÇOK İYİ. Teşekkür ederim!!!,mutluluk,sevgi,0.9943,goemotions_tr
Keşke orada olsaydım.,nötr,sevgi,0.9942,goemotions_tr
Onun müziğini seviyorum .,nötr,sevgi,0.9942,winvoker
bu beni kelimenin tam anlamıyla mide bulandırıcı yaptı,üzüntü,tiksinti,0.9941,goemotions_tr
Hayatımın en üzücü imzası oldu .,nötr,tiksinti,0.9941,winvoker
Çoğu çocuk dishy'den ilerler ama bundan emin değilim. Başkaları tavsiye verdiğinde biraz yavaş ve çok çok iğrenç görünüyor,nötr,tiksinti,0.994,goemotions_tr
"İyi anlaşma, teşekkürler",mutluluk,sevgi,0.994,goemotions_tr
"Ayrıca muhtemelen aşırı bir kederden geçiyordur, hayat sigortası şu anda onun için büyük bir pratik endişe kaynağıdır.",sevgi,korku,0.994,goemotions_tr
"Weasle'ı seviyorum, ondan çok hoşlanmaya başladım",mutluluk,sevgi,0.994,goemotions_tr
"[NAME] ağzımdan akan salya beni çok mutlu etti, akşam yemeğimi yiyene kadar bunu izlemeyi bekledim, güç saatini çok seviyorum",mutluluk,sevgi,0.9939,goemotions_tr
Onlara bakıp soluklanmaya devam edip etmemesi gerektiğini anlamaya çalışmasını seviyorum.,mutluluk,sevgi,0.9939,goemotions_tr
Lol bu klasik!! Teşekkürler.,mutluluk,sevgi,0.9938,goemotions_tr
Çok yüksek ihtimalle,mutluluk,korku,0.9938,winvoker
Böylece insanlığa çağlar boyu sürecek bir sinema hazinesi kazandırmış oldular.,mutluluk,nötr,0.9938,goemotions_tr
Kıskanıyorum. Keşke verandamda fl olsaydım.,öfke,sevgi,0.9937,goemotions_tr
Çocuk kesinlikle risk altındaydı .,nötr,korku,0.9937,winvoker
LOL Bunu okudum ve köleleştim. Keşke o tatlı anlaşmayı başarabilseydik.,mutluluk,sevgi,0.9937,goemotions_tr
Bu resim için çok teşekkürler! On dakika içinde üçüncü kez burada paylaşılması daha da komik.,mutluluk,sevgi,0.9937,goemotions_tr
Diazepam'a biraz sevgi göstereceğim! Tekrar başlamanız için tebrikler ve bana bildirin,mutluluk,sevgi,0.9937,goemotions_tr
Kimse onların kafasına silah dayayıp alt yazıyı denetlemelerini söylemiyor.,nötr,öfke,0.9936,goemotions_tr
Kelimenin tam anlamıyla birinin hayatını daha iyiye doğru değiştirdiniz. Dünyayı daha iyi bir yer haline getirdiniz. Otizme karşı damgayı değiştirmeye yardım ettiğiniz için teşekkür ederim.,mutluluk,sevgi,0.9936,goemotions_tr
"Keşke benim sahip olabilseydim, iki kat daha fazla cesaretin var. Aferin dostum!! Sana en iyisini diliyorum!",mutluluk,sevgi,0.9936,goemotions_tr
Onu gerçekten öldürmek isteyip istemediği belirsizdir ama Fransisco amacının karısını korkutmak olduğunu söyler .,nötr,korku,0.9935,winvoker
bunda ne utanç verici şey var?,şaşkınlık,utanç,0.9935,goemotions_tr
Keşke onun giydiklerini giyebilseydim! * _ * Çok güzel!,mutluluk,sevgi,0.9935,goemotions_tr
"(Bu anı çok seviyorum ama o yargıç değildi, ilham veren bir konuktu.)",mutluluk,sevgi,0.9935,goemotions_tr
Tehlike suyunu kaydederken biramı tut,nötr,korku,0.9935,goemotions_tr
"En sevdiğim oyuncunun, maçın en sevdiğim anı.",mutluluk,sevgi,0.9935,goemotions_tr
"Güzel sözleriniz için teşekkür ederim, çok tatlılar.",mutluluk,sevgi,0.9935,goemotions_tr
"Acestream harika bir araç, ancak kapalı kaynaklı olması benim için kullanımı biraz daha korkutucu.",mutluluk,korku,0.9934,goemotions_tr
"Merhaba, teşekkür ederim, çok memnun oldum!",mutluluk,sevgi,0.9934,goemotions_tr
Bu adamı seviyorum. Harika taklitler yapıyor. Paylaşımın için teşekkürler.,mutluluk,sevgi,0.9933,goemotions_tr
Kanıtlanmış nokta. Teşekkürler.,mutluluk,sevgi,0.9933,goemotions_tr
Bunu daha önce nerede görmüştüm? Ah [İSİM].,nötr,şaşkınlık,0.9933,goemotions_tr
Çok destekleyici olduğun için aferin anne!,nötr,sevgi,0.9932,goemotions_tr
"Sen karanlık, satrançsız bir dünyada parlayan bir ışık huzmesisin. Teşekkür ederim dostum.",mutluluk,sevgi,0.9932,goemotions_tr
Bipolar bir his var içimde.,nötr,korku,0.9932,goemotions_tr
"Gönderinizi takdir ediyorum, sadece gerginim, hepsi bu, teşekkür ederim",mutluluk,sevgi,0.9931,goemotions_tr
Başkanım sizi çok seviyoruz,mutluluk,sevgi,0.9931,winvoker
"Haklısın, bunu belirttiğin için teşekkürler, şimdi düzenledim. Devam et.",mutluluk,sevgi,0.9931,goemotions_tr
"Evet, ilk derse hazırlıksız yakalandım, okulda dolaşırken pantolonumu unuttum, vb. 5 yıldır öğretmenlik yapıyorum ve hala bu rüyaları görüyorum",öfke,korku,0.993,goemotions_tr
Buzda kol vuruşlarını seviyorum. O adam kararlıydı ve köpeğini seviyordu. Çok havalı.,mutluluk,sevgi,0.993,goemotions_tr
Bunu seviyorum!! Ve bu çok doğru,mutluluk,sevgi,0.993,goemotions_tr
Daha beter şartlarda gebermesini istediğim umarım adına yazılan her şeyi okuyosundur Şerefsiz geber,üzüntü,tiksinti,0.9929,winvoker
Harikasın. Gerçekten ve gerçekten öylesin. Seninle gurur duyuyorum. Sarılıyorum.,mutluluk,gurur,0.9929,goemotions_tr
"Ve ben burada oturmuş, keşke kedim gelip yanıma otursa diye diliyorum.",nötr,sevgi,0.9928,goemotions_tr
Dostum sen The Strokes'u çok seviyorsun.,mutluluk,sevgi,0.9928,goemotions_tr
Ah keşke bunu daha önce görseydim! Oyunun tadını çıkar!,mutluluk,sevgi,0.9927,goemotions_tr
"Yok ya bakmayın çok korktum,gece uyuyamadım,şöyleydi,böyleydi gibi yorumlara!Berbat desem yeridir yani o derece.",üzüntü,korku,0.9927,winvoker
"Meyve, tüm tatların arasında açık ara en kötüsüdür",öfke,tiksinti,0.9926,goemotions_tr
Evet [İSİM]!! Bize röportajlar verin ًں–¤ًں'œ bu fikri seviyorum,nötr,sevgi,0.9925,goemotions_tr
"Fikir orijinal, gereksiz aksiyon, yetersiz derinlik. Kült film olabilecekken, teğet geçmiş.",mutluluk,üzüntü,0.9925,winvoker
cok guzel bir urun fiyatida cok uygun tesekkurler,üzüntü,mutluluk,0.9925,winvoker
"Böyle olduğunda bayılıyorum. Buna ""popo sarılmaları"" diyorum ve bunu her zaman yapıyoruz lol!",mutluluk,sevgi,0.9924,goemotions_tr
Biz size emekleriniz ve bize tattırdığınız bu güzellikler için teşekkür ederiz.,mutluluk,sevgi,0.9924,winvoker
"Bayılıyorum. Bu beni çok güldürdü, bu beni ağlatan ve depresyonumu daha da artıran [İSİM]'den büyük bir değişiklik.",üzüntü,sevgi,0.9924,goemotions_tr
*Çoğumuz yardım etmekten mutluluk duyarız.,mutluluk,sevgi,0.9923,goemotions_tr
Ben filmi izlerken çok sıkıldım bence o kadarda güzel bi film değildi,mutluluk,üzüntü,0.9923,winvoker
"garip bir şekilde, gerçekten hoşuma gitti",mutluluk,utanç,0.9923,goemotions_tr
Öğrenmeye istekli olduğunuz için teşekkür ederim,mutluluk,sevgi,0.9923,goemotions_tr
Onu RT rev yaparken görmek bana biraz umut verdi ama bu daha da kötü,üzüntü,tiksinti,0.9922,goemotions_tr
Ah keşke güzel ve anlayışlı bir kadına sarılabilsem ve tüm depresyonumu boynuna dolayıp ağlayabilsem.,mutluluk,sevgi,0.9922,goemotions_tr
Bagel Boss reklamını çok beğendim. Aniden Greiss Kahvesi içme isteği duydum.,mutluluk,sevgi,0.9922,goemotions_tr
4 ü en iyi yardımcı erkek oyuncu olmak üzere 5 dalda oscar adayı bir film.Di Caprio icin yorum yapmıyorum 2007 yılının en iyi erkek oyuncusu.Oynamamış adeta rolunu yasamıs.Gidin su filme.,mutluluk,üzüntü,0.9922,winvoker
"Takdir ediyorum, teşekkür ederim. Sonuçları kocamla konuşacağım. Muhtemelen [NAME] gidene kadar kızımı başka yere götüreceğim.",mutluluk,sevgi,0.9921,goemotions_tr
Seks için tebrikler,nötr,sevgi,0.9921,goemotions_tr
Mesela şu an kendimi şarkıcı gibi hissediyorum .,nötr,gurur,0.9921,winvoker
"Tamam yapacağım, çok teşekkür ederim, çok yardımcı oldun. Onun benden hoşlanıp hoşlanmadığını bile bilmiyorum ama... Göreceğim.",mutluluk,sevgi,0.9921,goemotions_tr
İşte bu hoşuma gitti.,mutluluk,sevgi,0.9921,goemotions_tr
"Toplumumuzda, masum kurbanların ölümünü övmektense, seks için para ödemek, uyuşturucu kullanmak ve kumar oynamak daha utanç vericidir.",üzüntü,utanç,0.992,goemotions_tr
"kayınvalideme anneler günü hediyesi olarak satın aldım. bu  ürünü öncesinde kullanmıştım, gayet memnun kaldım, en güzel anneler günü hediyesi olduğuna inanıyorum.",üzüntü,mutluluk,0.992,mteb_product
>Eğer utanmıyorsanız muhtemelen soruşturmayacaklardır. Umarım öyle olmaz!,nötr,utanç,0.992,goemotions_tr
Herkes ateist olarak doğar. Bazıları genellikle ebeveynleri aracılığıyla dinden etkilenir.,mutluluk,nötr,0.9918,goemotions_tr
Sevgilinizin yardımcı olmasına sevindim ve umarım daha iyisinizdir,mutluluk,sevgi,0.9918,goemotions_tr
[İSİM] Keşke sessiz olsaydın,öfke,sevgi,0.9918,goemotions_tr
"Bu harika, teşekkür ederim! Okuyacağım ve hala nelerin mevcut olduğuna bakacağım.",mutluluk,sevgi,0.9918,goemotions_tr
O kadar hızlı oldu ki korkmaya bile zamanım olmadı.,şaşkınlık,korku,0.9918,goemotions_tr
"""Üzücü [İSİM]"" ise her şeyi daha da kötüleştiriyor",üzüntü,tiksinti,0.9917,goemotions_tr
Evet dişlerini kontrol ettim ve iyi durumdalar. Ben de bundan endişeleniyordum.,sevgi,korku,0.9917,goemotions_tr
"Sıkıntılı durumdaki insanlar, yüksek sesli patlamalardan çok rahatsız olurlar, onları sakin tutmak gerçekten zordur, günlerce etkisi devam eder.",şaşkınlık,korku,0.9917,goemotions_tr
Ah o yüksek hayat. Tatlı olmalı.,mutluluk,sevgi,0.9917,goemotions_tr
Aman Tanrım bu korkunç ve bu subreddit'in tek bir yorumda en iyi özeti. Bayıldım. Çok teşekkür ederim.,mutluluk,sevgi,0.9916,goemotions_tr
Bu kuşların aile toplantılarında ortaya çıkıp biblolar kusması fikrini seviyorum,mutluluk,sevgi,0.9916,goemotions_tr
dostum bence 2. filmi boşuna bekleme cidden bundan çok daha kötü bi film olmuş küp küp olmaktan çıkmış... yani ben 2.sini izledim hiç bişi anlamadım yani 1. mükemmel ama 2. si hiç benzemiyo...,mutluluk,üzüntü,0.9916,winvoker
"LOL... Nagy'yi seviyorum, şok olmuş bir yüz ifadesi var",mutluluk,sevgi,0.9916,goemotions_tr
"Ugh, bu kontur inanılmaz derecede doğal görünüyor. Bu görünümü seviyorum; muhteşem ve cehennem gibi pürüzsüz.",mutluluk,sevgi,0.9916,goemotions_tr
"Vay canına, onun küfür ettiğini duymak, bu bir şey olacak",şaşkınlık,tiksinti,0.9916,goemotions_tr
[NAME] daha fazla sevgiye ihtiyaç duyuyor,nötr,sevgi,0.9915,goemotions_tr
"Ne kadar iğrenç, ne kadar iğrenç bir ülkede yaşıyoruz.",nötr,tiksinti,0.9915,goemotions_tr
Bu yazıyı çok sevdim. Gerçekten konuyu netleştirdi ve beni güldürdü!,mutluluk,sevgi,0.9915,goemotions_tr
Aferin. Çok şükür.,mutluluk,sevgi,0.9915,goemotions_tr
"Üzgünüm, bahsetmem gerekirdi...",üzüntü,utanç,0.9914,goemotions_tr
"Katılıyorum, yatma vaktim yaklaşıyordu ama bugün yatacağım, teşekkür ederim.",mutluluk,sevgi,0.9914,goemotions_tr
Pod'u giy. Seni aptal.,nötr,öfke,0.9914,goemotions_tr
Yardımcı olabildiğime sevindim.,mutluluk,sevgi,0.9914,goemotions_tr
Çalıştığım bir yerde yaklaşık on iki fit genişliğinde bir şey havaya uçurulmuştu. Ona bakınca fiziksel olarak midem bulanıyordu,nötr,tiksinti,0.9913,goemotions_tr
Ah anladım. Keşke bu iki adam aynı sayfada olsaydı.,nötr,sevgi,0.9912,goemotions_tr
Korku ve nefret dolu maceralar .,nötr,korku,0.9912,winvoker
"Hmmm, değişikliği biliyordum ama operasyonlar karma sonrası artıyor mu? Profillerinde öyle görünmüyor",nötr,şaşkınlık,0.9912,goemotions_tr
Bu inanılmaz. Bu albümü çok seviyorum. Everyone Wants to Manage The World çok iyi.,mutluluk,sevgi,0.9912,goemotions_tr
"Teşekkürler, haklısın. Uygulamayı silmeliyim.",mutluluk,sevgi,0.9911,goemotions_tr
"katılıyorum, ben bir banliyödeyim, bir HOA'dayım...burayı seviyorum.",mutluluk,sevgi,0.991,goemotions_tr
Bu berbat bir şey,öfke,tiksinti,0.991,goemotions_tr
Sağ ol oğlum :),mutluluk,sevgi,0.991,goemotions_tr
Çok gururlu bir baba!,mutluluk,gurur,0.9909,goemotions_tr
Fotoğrafı ABD Başkanı'yla çapraz referans olarak kullanması çok hoşuma gitti.,mutluluk,sevgi,0.9909,goemotions_tr
"Teşekkür ederim, çok heyecanlıyım!",mutluluk,sevgi,0.9909,goemotions_tr
"120 dakika boyunca harika bir filmdi ama sonraki 20 dakikası için aynı şeyi söyleyemeyeceğim.. Sonu gerçekten saçma olmuştu, hayal kırıklığına uğradım..",mutluluk,üzüntü,0.9908,winvoker
Görünüşe göre korkunç bir insan olma geçmişi var:,tiksinti,korku,0.9908,goemotions_tr
Belçika’da suyun içine inşa edilen bisiklet yolu.,mutluluk,nötr,0.9908,winvoker
[İSİM]. İlk yetiştirmem kapsamında ladyburn1974 yetiştiriyorum. Teşekkür ederim!,mutluluk,sevgi,0.9907,goemotions_tr
"Garip, buna katılabiliyorum ama aynı zamanda buna katılamıyorum",şaşkınlık,tiksinti,0.9907,goemotions_tr
"Cidden, ilk çıktığından beri bu filmi izliyor ve çok seviyorum.",mutluluk,sevgi,0.9907,goemotions_tr
Büyükanneni seviyorum! Pes etmediğin için iyi yapmışsın.,mutluluk,sevgi,0.9906,goemotions_tr
Domuzu seviyorum çünkü o gizli,mutluluk,sevgi,0.9906,goemotions_tr
Vatandaşlarınıza karşı bu kadar küçümsemeyle hiçbir şeyi değiştiremezsiniz,nötr,öfke,0.9906,goemotions_tr
Bu tür durumları seviyorum... Yarına kadar hayatta kalıp kalamayacağını görmek için heyecanlıyım,mutluluk,sevgi,0.9906,goemotions_tr
"Haklı bir yanı var. Evimin arkasındaki kanalizasyon kanalından gelen suyun tadı, lavabomdan gelen sudan çok daha kötü.",nötr,tiksinti,0.9904,goemotions_tr
"[NAME] şimdiden mide bulandırıcı görünüyor, bunun nereye gittiğini seviyorum",mutluluk,tiksinti,0.9904,goemotions_tr
O blok muhtemelen şehrin en kötülerinden biri.,öfke,tiksinti,0.9903,goemotions_tr
Yazık ki hiçbir şey çıkmadı,üzüntü,utanç,0.9902,goemotions_tr
Gerçek klonunun ona doğru koşarak gelip onu bu iyileşmeden dolayı tebrik etmesini beğendim,mutluluk,sevgi,0.9901,goemotions_tr
Öncelikle filmi objektif olarak değerlendirirsek Ben Stilerın diğer filmeleri gibi eğlenceli komik ve biraz da bana jumanjiyi hatırlatan bir film olmuş. Ama ne yazık ki ben bir Türküm ve bu özelliğimden gelen duygularımı bi kenara koyamam. Bu açıdan baktığımda filmi yanıltıcı buluyorum çünkü atlarımıza yani Hun Türklerine inanılmaz derecede hakaret ediliyo ve onlardan adeta bir hayvan gibi bahsediliyo bu yönüyle de filmi yazan senaristlerin ahlakı ortaya çıkyo. Gerekten bu ayrıntıdan dolayı filme yazık olmuş.,mutluluk,üzüntü,0.9901,winvoker
"Siz Liberaller, kafalarınız o kadar derin ki komik bile değil.",nötr,öfke,0.99,goemotions_tr
Kadın olduğu için mi?,nötr,şaşkınlık,0.99,winvoker
"> mopey?Droopy gibi mi? Ah, belki",mutluluk,şaşkınlık,0.99,goemotions_tr
[İSİM] çocuklarını çok seviyor.,nötr,sevgi,0.99,goemotions_tr
"En sevdiğim anlardan biri, Habs'a karşı playofflarda olduğumuz ve bir çizgi kavgasında beş dövüşü de kazandığımız zamandı",mutluluk,sevgi,0.99,goemotions_tr
"Harika bir fikir, bir tane isterim",mutluluk,sevgi,0.9899,goemotions_tr
"7.510Filmi izlememiş olanlar okumasa iyi olur..Öncelikle şunu söyleyeyim film beni fazla heyecanlandırmadı. Hatta ilk 1 saat sıkabilir. Yönetmen, Memento daki gibi zaman geçişleri yapmış ama bence biraz abartmış. Memento konu itibariyle buna uygundu fakat The Prestige de pek olmamış. Ayrıca bir bilim kurgu filmi olarak geçmesine rağmen mantıksal olarak çelişkiler içerebiliyor. Edison ampulu henüz bulmuş fakat sihirbazlar ışınlanma (!) olayına girmişler bile. Tamam bilim kurgu ama o ana kadar her şey bir mantığa oturtulmuştu. Dublör kullanma olsun, kuşu öldürme olsun. Görmek istemediğimiz için göremiyormuşuz ama ışınlanma bile diyemeyeceğimiz bir şeyi nasıl görelim. Sonu şaşırtıcı tahmin edilebilir ki ben edemedim. Son olarak karşılaştırmak gerekirse ben The Illusionist i daha çok sevmiştim. Daha heyecanlıydı film boyunca ve sonu da şaşırtıcıydı. CD den izlenebilir ve aynı keyif alınır diye düşünüyorum. Teşekkürler",mutluluk,üzüntü,0.9899,winvoker
Siz şahsen pankart için birine ödeme mi yaptınız? Çünkü bu inanılmaz.,mutluluk,şaşkınlık,0.9899,goemotions_tr
"Bu DVD'yi 49 dolara satıyorsanız, bulmak çok zor olmalı... Yine de teşekkür ederim, çok memnun oldum.",mutluluk,sevgi,0.9898,goemotions_tr
Vay canına. Bölgeye yabancı mıydı? İş yerinde nasıl geçti?,öfke,şaşkınlık,0.9898,goemotions_tr
Azra hanım keşke bunları ağlayarak günlüğünüze yazsaydınız daha hayırlı olurdu.,mutluluk,sevgi,0.9898,winvoker
Teşekkür ederim nazik internet yabancısı.,mutluluk,sevgi,0.9897,goemotions_tr
"""Misafir"" tepkisini komik yapan şey de bu, oraya nasıl geldi?",mutluluk,şaşkınlık,0.9897,goemotions_tr
Bu film in 1.süperdi çok kan yoktu ama o gerilim beni bitirdi.2. film bana biraz kötü geldi...jigsaw bi kere toplu katliyam yapmaz :D hem o hayatın kıymetini bilmeyen insanlar için yaplımış o polisin oğlu iyi biriydi.3. film akıllara zarar bişiydi...herşey açığa kavuştu ve en sonunda jigsaw öldü.ve şimdi jigsawın geçmişine gidicez :D bakalım neler olacak.. ama eğer 7. ye kdr devam ederlerse bu film batar...4 te bitirirler umarım...,mutluluk,üzüntü,0.9896,winvoker
Yani... burada tam bir bok var,tiksinti,öfke,0.9896,goemotions_tr
Çok komik bir film ama devamı iyi gelmedi.Ayrıca Rob Schneider nedense son yıllarda sessiz kaldı.,mutluluk,üzüntü,0.9896,winvoker
Bir gece çocuğun annesi olaya tanık olur ve dehşete düşer .,nötr,korku,0.9896,winvoker
Birçok kişi wiki düzenlemeleri hakkında bok atıyor ama çoğu bana hoş bir kahkaha attırıyor,mutluluk,öfke,0.9895,goemotions_tr
Bunu yaşadığın için gerçekten üzgünüm. Yanlış yapmıyorsun. Umarım mümkün olduğunda onların kontrolünden kurtulabilirsin...güçlü kal,üzüntü,sevgi,0.9895,goemotions_tr
Harikasınız hanımlar. Nazik sözleriniz için hepinize çok teşekkür ederim.,mutluluk,sevgi,0.9895,goemotions_tr
Keşke reklamını yaptıkları şey olsaydı. O dönemin sonu benim ergenliğimdeydi.,mutluluk,sevgi,0.9895,goemotions_tr
Harper haberlerini seviyorum çünkü burada çıkan boktan fırtınayı seviyorum.,mutluluk,sevgi,0.9894,goemotions_tr
fikirlerinize saygı duyuyorum ama ben hiç beğenmedim.yarısında çıktım zaten salondan.şişme bir film bence.,mutluluk,üzüntü,0.9894,winvoker
Lol. R/politics'e yapay çimle gir. Burada onun solcu saçmalıklarına inanmıyoruz.,mutluluk,öfke,0.9894,goemotions_tr
O çok tatlı .,nötr,sevgi,0.9892,winvoker
"Fiyat pahalı spor olanakları yoktu. Denize girilen yerler çok fazla taştı. Yüzmeyi iyi bilmeyen birisi orada denize giremez. Akşamları dolaşacak yeri yoktu. Tavsiye etmem tesisi. Bir takım şeylerden memnun kaldım servis,yemek,oda gibi ama bu gibi sebeplerden tesisi tavsiye etmem.",mutluluk,üzüntü,0.9892,winvoker
Berbat bir ürün. Korax markasına kuruş harcamam bundan sonra.,üzüntü,tiksinti,0.9892,winvoker
"En sevdiğim iki şey, The Office ve The Show. tek bir referansta birleşmiş. Hayat güzel.",mutluluk,sevgi,0.9892,goemotions_tr
Japonya animeyi her şey için kullanır ama sıklıkla önüne kaigai (ülke dışı) gibi bir kelime ekler.,mutluluk,nötr,0.9891,goemotions_tr
Ve Reddit'teki her [İSİM] bir kaygı krizi geçiriyor...,nötr,korku,0.9891,goemotions_tr
Lanet olsun Blake bugün çok ateşli,nötr,öfke,0.989,goemotions_tr
puana bakmayın sadece film biterken final biraz sıradan olmus yoksa 8.6 eder,mutluluk,üzüntü,0.989,winvoker
Lucky Bamboo'daki sıcak tencereyi gerçekten çok beğendim. Dim sum'ları beni üzdü.,üzüntü,sevgi,0.989,goemotions_tr
ilki kadar büyüleyici değildi. daha fazla karakterler ile bir cümbüş yaratılmaya çalışılmış. 10/8,mutluluk,üzüntü,0.989,winvoker
Yoksa aslında hiçbir şey göründüğü gibi değil mi?,nötr,şaşkınlık,0.9889,winvoker
"Keşke önceki bölümlerde dostluklarını daha çok gösterselerdi, bu çizim harika olmuş.",mutluluk,sevgi,0.9889,goemotions_tr
Gerçekten olumsuz tepki vermemelerini seviyorum,mutluluk,sevgi,0.9888,goemotions_tr
"Paketleme iyi değildi. Süpürge güçlü anlatıldığı gibi. Kullandıktan ve
gördükten sonra ürünün fiyatının biraz abartı olduğunu düşünüyorum",mutluluk,üzüntü,0.9888,winvoker
"Gerçek ödeme yapan müşterilerin size bu gerçeği hatırlatmasına asla gerek yoktur. Onu dükkanınızdan kovun, zaten hiçbir şey satın almayacaktı.",nötr,öfke,0.9887,goemotions_tr
Keşke daha fazla ekran süresi olsaydı. Bu sezonun tadını çıkarıyorum ama yan karakterlerin büyük kadrosunun tüm ilgiyi çektiğini hissediyorum.,üzüntü,sevgi,0.9886,goemotions_tr
İşin en utanç verici tarafı ise pizza zamanı deme fırsatını kaçırmış olmaları.,nötr,utanç,0.9886,goemotions_tr
Kendi kendimize konuşmaktan bıktık ama sen yine de SUSMA,mutluluk,öfke,0.9885,winvoker
ürünü günlük kullanım için aldım.sadece yemek masası altı vs...ancak kesinlikle berbat bir ürün parke ve fayanstakileri bile çekmiyor halı üstünü siz düşünün.el gırgırı bile daha çok iş görür,mutluluk,üzüntü,0.9885,winvoker
"İyileştiğine sevindim internet yabancısı, ve umarım huzur ve mutluluğu bilmeye devam edersin. İyi ol.",mutluluk,sevgi,0.9884,goemotions_tr
"Kendi vücut yastığınızı yaptırın ve ona hediye edin, sizi özlediğinde yastığınıza sarılabilir.",nötr,sevgi,0.9884,goemotions_tr
Çirkin: senin gibi şişkolar osurduğunda bile daha fazla ses çıkarır:):):) koptum burda....,mutluluk,tiksinti,0.9884,winvoker
İki yıl ya da üç yıl önce?,nötr,şaşkınlık,0.9884,winvoker
"Üzgünüm, sahneye nispeten yeni olduğumu söylemeyi unuttum. Sadece son 2 yıl",üzüntü,utanç,0.9882,goemotions_tr
Bu serinin şu ana kadarki her bölümünü çok sevdim!! İyi çalışmalar!,mutluluk,sevgi,0.9882,goemotions_tr
"Şahsen ben kendimi normal bir insan ya da kar tanesi olarak düşünmeyi seviyorum, sadece negatif korelasyon olmadan. C;",nötr,sevgi,0.9882,goemotions_tr
avantajlari:bunu ii dinleyin kışın kesinlikle üşüme derdi yok nedeni çünkü sonynin ürettigi hemakklı bi felefon hemde çep sobası...,üzüntü,mutluluk,0.9882,winvoker
Harika bir bilgi. Cevabınız için teşekkürler.,mutluluk,sevgi,0.9882,goemotions_tr
[İSİM]'in orada durup ne oluyor lan diye düşündükten sonra ölümünü kabullenmesi hoşuma gitti.,mutluluk,sevgi,0.9882,goemotions_tr
"çok amaçlı kullanıyorum bu ürünü. çay, kahve yapımı yanında su ısıtmak için de günde en az 5 kez kullandığım bir ürün. çay ve kahvenin aynı tabanda yapılıyor olması da yerden büyük tasarruf sağlıyor. sıcaklığı koruma özelliği ise en beğendiğim özellik. herkese tavsiye ederim.",üzüntü,mutluluk,0.9882,mteb_product
Film hakkında söylenecek zaten çok şey yok fakat Konya'da dört sinemanın dördünde de sadece Türkçe dublajla filmi gösterime sokan zihniyete söylenecek çok şey var. Eğer seçim hakkınız varsa orijinal dilde izleyin bazı yerlerde seslendirme ciddi anlamda rahatsız ediyor.,mutluluk,üzüntü,0.9881,winvoker
Gerçek hikaye mi? Haha,mutluluk,şaşkınlık,0.9881,goemotions_tr
Albümün o güzel havaya sahip olmasını istedim .,nötr,sevgi,0.9881,winvoker
Evet teşekkür ederim nankör piç.....,öfke,sevgi,0.9881,goemotions_tr
Bunu anlıyorum ama içimdeki sessizlik ve yalnızlık duygusu hoşuma gidiyor.,mutluluk,sevgi,0.9881,goemotions_tr
o kullanıcı adı için bir oy aldın! Keşke bir funhammer olsaydım,mutluluk,sevgi,0.988,goemotions_tr
Kovan zihninin nasıl çalıştığı şaşırtıcı...,mutluluk,şaşkınlık,0.988,goemotions_tr
Güzel çalışma dostum.,mutluluk,sevgi,0.988,goemotions_tr
ürün gayet güzel. 3 metre kablosu olması da ürünü daha işlevsel kılıyor.fiyatıda gayet uygun. kargomda 2 günde geldi teşekkürler hepsiburada.,üzüntü,mutluluk,0.988,mteb_product
[İSİM] kahretsin Curtis,nötr,öfke,0.988,goemotions_tr
Soyadını mı değiştirecek babası Maliye Bakanı oldu diye?,nötr,şaşkınlık,0.9879,winvoker
"inşallah bu küçük ricamı dikkate alırsınız, teşekkürler...",mutluluk,sevgi,0.9879,winvoker
ikiye bölmeleri tam bir felaket olmuş. ticari menfaatler yüzünden oldukça boş bir film izlettiler. mecburen ikincisinide izledikten sonra dvdlerden pespese falan bidaha izlicez.,mutluluk,üzüntü,0.9879,winvoker
"ürün çok hızlı teslim olduğu için öncelikle hp ye teşekkürler,",üzüntü,mutluluk,0.9878,winvoker
evet güzel bir ürün,üzüntü,mutluluk,0.9878,winvoker
"Aynı pop'ları aldım! [İSİM] çok :) Onu zar zor çalabiliyorum, keşke bir Hwoarang pop'u olsaydı",mutluluk,sevgi,0.9878,goemotions_tr
Kız arkadaşımı arayıp onu sevdiğimi söylüyorum lol. Kolay bir gün.,mutluluk,sevgi,0.9878,goemotions_tr
Mutlu ol çünkü bir gün artık kısa olmayacağım,mutluluk,sevgi,0.9878,goemotions_tr
İslami unsurlara uymuyor mecburiyetten gittik tavsiye etmem çalışanlar saygılı ama benim kriterlerime uymuyor. Kese yaptırmak için erkek bulamadık.,mutluluk,üzüntü,0.9878,winvoker
Lol büyük bir sürprizle karşılaşacaklar.. TIM'lerin aslında nasıl yaşlanacağını bilen var mı?,mutluluk,şaşkınlık,0.9878,goemotions_tr
çok teşekkürler??,mutluluk,sevgi,0.9878,winvoker
telefonu alalı 1 hafta oldu şimdilik bir sorun yok.site sayesinde hemen elime ulaştı.ayrıca teşekkür ederim.apple iphone 8 cb yi tavsiye ederim. çok şık.,üzüntü,mutluluk,0.9878,mteb_product
çok kötü!!,üzüntü,tiksinti,0.9877,winvoker
Ah hala hatalar mı var? Garip,tiksinti,şaşkınlık,0.9877,goemotions_tr
herkese tavsiye ederim kaliteli bir ürün,üzüntü,mutluluk,0.9877,winvoker
yaklaşık 10 yıldan berı alışverişlerimde hepsiburadayı tercih ederım.bu zamana kadar hiç bir üründe herhangi bir sıkıntı yaşamadım.eşime doğum günü için almış olduğum bu telefon da yine hepsiburadayı tercih ettim.appleden zaten bahsetmeme gerek yok.herkese gönül rahatlığıyla tavsiye ediyorum.,üzüntü,mutluluk,0.9876,winvoker
Bunu yaptığın için mutluyum,mutluluk,sevgi,0.9876,goemotions_tr
iste 80 darbesi sonrasi uyusturulmus bir gençlik. yakin dönem tarihimizden haberleri yok ne söylenebilinirki . fazla konusmasam daha iyi olur çünkü konusursam yazimi yayinlamazlar.o arkadaslara kitap okusunlar..,mutluluk,üzüntü,0.9876,mteb_movie
"Aynısını bir grup arkadaşımla yaptım. Yine de, Mutlu Yıllar!",mutluluk,sevgi,0.9876,goemotions_tr
En sevdiğim yazı türü,mutluluk,sevgi,0.9875,goemotions_tr
"23 güneş kütleli karadeliğin içine düşen 2,6 güneş kütlesi en büyük nötron yıldızı mı en küçük kara delik mi?",mutluluk,şaşkınlık,0.9875,winvoker
Tablonun Bellini atölyesinden çıkmış olması orijinal olduğunu kanıtlıyor. O dönemde birçok eser  atölyelerde kolektif olarak üretiliyordu. Müzayede evi Christie’s de tablonun orijinalliğini doğruladı.,mutluluk,nötr,0.9875,winvoker
"Ben de seninle aynı şeyleri hissediyorum, aynısını kardeşim. Umarım iyileşirsin ve birini bulursun. :(",mutluluk,sevgi,0.9875,goemotions_tr
Lakers gerçekten de en kötü taraftarlara sahip,öfke,tiksinti,0.9875,goemotions_tr
"Lanet olsun, ilk ikisinde susamışsın",nötr,öfke,0.9874,goemotions_tr
[İSİM]'in makalesinin başlığında en önemli maddeyi nasıl atladığı çok ilginç.,mutluluk,şaşkınlık,0.9874,goemotions_tr
"Daha da tuhafı, geçimini saç yaparak sağlaması. (En azından kendisi hakkında çekilen belgesel sırasında öyleydi.)",nötr,tiksinti,0.9874,goemotions_tr
"rengiyle ve zerafetiyle beni çok etkilemişti..ürünü aldıktan sonra farkettim ki yaklaşık olarak 1-1,5 kg daha fazla gösteriyor.hassasiyetine oranla gayet dayanıklı olduğunu söyleyebilirm",üzüntü,mutluluk,0.9874,winvoker
Çok güzel bir şey! İyi şanslar!,mutluluk,sevgi,0.9874,goemotions_tr
hala iddia ediyorum bu filme kötü diyenler sinema endüstrisine küfür ediyorlar. filme odaklanmadan izlerseniz onlarca şey kaçırabilirsiniz o yüzden insanlar 2.de hatta 3.de daha çok etkileniyorlar bu filmden. o arkadaşlara şunu söliyeyim: verilen mesajı anlamadan saf saf ekrana bakarsanız 10 puanlık bu filmi 9.3 lere indirirsiniz ki öyle de olmuş malesef.,mutluluk,üzüntü,0.9873,winvoker
Maskeli soytarı seni!,üzüntü,öfke,0.9873,winvoker
"Tamam, seyahatinizde size yardımcı olmaktan mutluluk duyarım!",mutluluk,sevgi,0.9873,goemotions_tr
fiyat ve teslimatı mükemmel teşekkürler,üzüntü,mutluluk,0.9873,winvoker
"Güncellemeyi takdir ediyorum, umarım doğru olan budur!",mutluluk,sevgi,0.9872,goemotions_tr
Sanırım eski nişanlın farklıydı ha? Bu gerçekten ilginç. Şahsen daha önce hiç nişanlım olmadı,öfke,şaşkınlık,0.9872,goemotions_tr
her şey için teşekkür ederim.,mutluluk,sevgi,0.9871,winvoker
çok hızlı kargo ile aynı gün elimize geçti. bu konuda hepsiburada.coma teşekkür ediyoruz.,üzüntü,mutluluk,0.9871,winvoker
-radyosu kullanışsız. çocukların dikkatini çekecek kadar etkin butonları olabilirdi.,mutluluk,üzüntü,0.987,winvoker
Çok ürkütücü. Kilitlerimi kontrol etmemi sağladı.,öfke,korku,0.987,goemotions_tr
"gercekten güzel bir ürün özellikle fiyatına göre diğer ütülere nazaran daha avntajlı bence. ihtiyacı olanlar kaçırmasın derim, eşim istedi ben aldım ve memnun kaldım.",üzüntü,mutluluk,0.987,mteb_product
Seçim siyasetinin stresi insan sağlığı açısından inanılmaz derecede kötü görünüyor.,şaşkınlık,korku,0.9869,goemotions_tr
"Vay canına, arka planda Tahiti'den bahseden kim acaba?",mutluluk,şaşkınlık,0.9869,goemotions_tr
Katılıyorum. Bu bir saldırıdır. Cahil tepe [İSİM]'i rahat bırakın.,mutluluk,öfke,0.9869,goemotions_tr
"Ben rahatım, her şeyi gülümseyerek karşılarım. Etrafımdaki insanlar genellikle her zaman iyi bir ruh halinde olduğum konusunda yorum yaparlar.",mutluluk,gurur,0.9868,goemotions_tr
Mutlu yıllar.,mutluluk,sevgi,0.9868,goemotions_tr
"Benim için 7x04, ama pozitifliği seviyorum. Sezonun en iyi bölümlerimden biriydi.",mutluluk,sevgi,0.9868,goemotions_tr
Burada kurumsal jargonunuzu kullanmayı bırakın!,nötr,öfke,0.9868,goemotions_tr
"Bunun [İSİM]'in bir çocukla seks yapmasıyla ne alakası var, bu bilgiyle anlatmaya çalıştığınız nokta nedir?",öfke,şaşkınlık,0.9867,goemotions_tr
"Az önce TITANS'a baktım, şimdi onu izlemeliyim!! Tavsiyen için de teşekkürler",mutluluk,sevgi,0.9867,goemotions_tr
Ürkütücü bir müzik içeren bir video görene kadar inanmadım. ÜRKÜTÜCÜ. MÜZİK. İşte o zaman gözlerim açıldı.,utanç,korku,0.9867,goemotions_tr
Seviyorum seni babakommmm,mutluluk,sevgi,0.9867,winvoker
Harika bir resim! Ne muhteşem bir övgü! Dallas'ı seviyorum,mutluluk,sevgi,0.9867,goemotions_tr
güzel ama sıkıcı bi film.....,mutluluk,üzüntü,0.9867,winvoker
"Saatte bir doların altında bir ücretle çalışmanın bir anlamı yok, bu ücret işe gidip gelme masraflarını bile karşılamıyor.",nötr,öfke,0.9866,goemotions_tr
Evet. Ayrıca neden hala annesiyle yaşıyor?,nötr,şaşkınlık,0.9866,goemotions_tr
Sadece ayıyı iç. Hayat endişelenmek için çok acı verici ve kısa,sevgi,korku,0.9866,goemotions_tr
Pediatri ondan nefret ediyor!,nötr,öfke,0.9865,goemotions_tr
Bir kere uyku felci geçirdim ve gerçekten çok kötüydü.,üzüntü,korku,0.9865,goemotions_tr
"Eski dizileri, filmleri izlemeyi, eski markaları ve logoların nasıl değiştiğini görmeyi seviyorum.",mutluluk,sevgi,0.9865,goemotions_tr
Tebrikler! Senin için iyi geçtiğine sevindim!,mutluluk,sevgi,0.9865,goemotions_tr
Bu çocuklarla bir yere varamayacaksın dostum. Reddit yapay çimlendiriliyor.,nötr,öfke,0.9865,goemotions_tr
Sadece seninle de mutluyum .,nötr,sevgi,0.9864,winvoker
"Vay canına, harika, daha yüksek çözünürlükte daha fazlasını nerede bulabileceğimi bilen var mı?",mutluluk,şaşkınlık,0.9864,goemotions_tr
"Evet, bunun böyle olduğunu düşünmüştüm, teşekkür ederim! Yeni Capstan'ımı görmek için çok heyecanlıyım!",mutluluk,sevgi,0.9863,goemotions_tr
İki farklı intro'nun bu kadar çok olduğunu fark etmemiştim. Bu topluluğu sonunda hip hop'a ısındıracağım ;) Teşekkürler!,mutluluk,sevgi,0.9863,goemotions_tr
garip resimler çekenler: * aoc * [İSİM] * [İSİM] normal resimler çekenler: * kurumsal parayı alıp onların oyununu oynayan herkes,nötr,tiksinti,0.9863,goemotions_tr
"Teşekkürler ve ""nobs"" ne demek?",şaşkınlık,sevgi,0.9862,goemotions_tr
Sana iyi şanslar canım. Umarım güç ve mutluluk hissedersin.,mutluluk,sevgi,0.9862,goemotions_tr
Güzel söyledin. Ve kullanıcı adını da çok beğendim.,mutluluk,sevgi,0.9862,goemotions_tr
Resimdeki Mehenjo-daro mu?,nötr,şaşkınlık,0.9862,goemotions_tr
[İSİM] adlı o çatlak kıçlı adamı bu takımdan atın.,nötr,öfke,0.9862,goemotions_tr
"evet arkadaslar urunu 1 gunde aldim ve performansi da fiyati da cok iyi,ben memnun kaldim.benim gibi philips hayrani olanlar cekinmeden alabilirler,alet son derece tatminkar edici.",üzüntü,mutluluk,0.9862,mteb_product
"Şu an ağlıyorum, neden bilmiyorum. Hiçbir şey hissettirmiyor bile.",şaşkınlık,korku,0.9862,goemotions_tr
1.si kadar güzel değildi penguenler de lmasa orta düzey bir animasyon olurdu penguenlerin hatırına 10/8,mutluluk,üzüntü,0.9861,winvoker
efektler çok güzel ama senaryo güzel degil... çok para harcadilar bu filme.....,mutluluk,üzüntü,0.9861,mteb_movie
Onu bizim pp'de özlüyorum,üzüntü,sevgi,0.9861,goemotions_tr
İlginç. Yani insanların arabaları geri alınıyor ve tutuklanmıyor çünkü...?,nötr,şaşkınlık,0.9861,goemotions_tr
çok ince. çiziklerden koruyabilir ki bunu çok daha ucuza halledebilirsiniz.,üzüntü,mutluluk,0.9861,winvoker
arkadaşlar bu filmden ötesi artık yok... bazı arkadaşlar film için sadece para kazanma amaçlı yapıldığını kasetmişler ama eğer böle film izlemek istemiyorsa o zamna türk filmi izlesin bence ...Bu filme kötü yorum yapan filmdende anlamıyor demektir..,mutluluk,üzüntü,0.9861,winvoker
"Ah, ben katkıda bulunuyorum dostum, endişelenme. Alt palyaço yine bir düğme gibi görünecek şekilde yapıldı! Pazar gecenizin tadını çıkarın x",mutluluk,sevgi,0.9861,goemotions_tr
harbiden bos bir film..,mutluluk,üzüntü,0.9861,mteb_movie
Şu minik omuz yastığı çok tatlı.,mutluluk,sevgi,0.986,goemotions_tr
Adamlar korkudan ne yapacaklarını düşünürken aradıkları destek Esved’in karısından geldi .,nötr,korku,0.986,winvoker
filmin seneryosunu yazan Wolfgang Petersen igrençç sonunu batırmış hayal kırıklıgı filmin içine etmiş,mutluluk,üzüntü,0.986,winvoker
Bunları gemide bir fıçıda mı saklıyorsunuz ve kovada mı taşımak zorundasınız?,nötr,şaşkınlık,0.986,goemotions_tr
Nazi Almanyası'nda antisemitik söylem bir sorun muydu? Bu sorunun peynirin mor tatmasıyla aynı şey olduğunu mu söylüyorsunuz?,nötr,şaşkınlık,0.986,goemotions_tr
"İğrençlikten başka bir şey değil hatta saçma,boş ve gereksiz",üzüntü,tiksinti,0.9859,winvoker
bu gerçek hayat mı [İSİM] (netflix)?,nötr,şaşkınlık,0.9859,goemotions_tr
Odalar çok pisti uyardım ama tozu bile alınmamıştı parmakla isim yazıyorduk bunun için önermem. Çalışanların ilgisi güzeldi iyiydi. Yemekleri fena değildi.,mutluluk,üzüntü,0.9859,winvoker
Evet çok beğendim,mutluluk,sevgi,0.9859,winvoker
İyi değil..,üzüntü,öfke,0.9859,winvoker
O buraya bile gitmiyor,nötr,öfke,0.9858,goemotions_tr
hhhhhhhhhhhharkadaşlar saçmalamayı bırakır mısınız bu otel bu kadar kötü bir otel değil tamam sağlık ve hijyen açısından Türkiyenin en kötü otelleri açisindan ilk  a girer de bu kadar abartmayın,mutluluk,üzüntü,0.9858,winvoker
Merhaba canım,mutluluk,sevgi,0.9858,winvoker
Yasal olarak onunla evlenmek istemiyorum .,nötr,öfke,0.9858,winvoker
Geri döndü! Onu özledim. Bu altyazıdaki en eğlenceli şey o.,mutluluk,sevgi,0.9858,goemotions_tr
Duygu Ulaş 2004 yılında arabasıyla kaza yaparak bir kişiyi yaralamış ve üç ay hapis cezası alması üzerine ‘Hakim bana taktı’ açıklaması yapmıştır.,mutluluk,nötr,0.9858,winvoker
"Elbette dostum. Sen böyle devam et. Sana en iyisini diliyorum, iyi şanslar.",mutluluk,sevgi,0.9857,goemotions_tr
Şarj süresi 45 dakika gitmiyor ya 20 dakika belki. Acaba ben mi yanlış bir şey yaptım?,üzüntü,şaşkınlık,0.9857,winvoker
Hatta o galibiyet vuruşu bile yakındı. Vurucularımız lanetli.,üzüntü,öfke,0.9857,goemotions_tr
Sanırım hoşuna gidiyor ve sevdiklerini paylaşmak istiyor.,nötr,sevgi,0.9857,goemotions_tr
Görünüşe göre evcil hayvanlarımızın hepsi... [İSİM]'den uzaklaşıp libtard'lara dönüştü! Keşke o cümleyi tamamlasalardı!,nötr,sevgi,0.9856,goemotions_tr
Ama o değil mi? Onunla çıkardım.,nötr,şaşkınlık,0.9856,goemotions_tr
bu yaşıma gittiğim en kötü yerevet arkadaşlar arabalaculup acuatorba yaya  saat süren yolculupla vardım kendimi tanıtım rezarvasyonumuz oldunu söyledim yetkilinin cevabı yerimiz yok demesiyle şok geçirdim hangi turdan aldıysanız yetkililerle görüşün dediler bu sıkıntıyı yorumlarda okumuştum ve aynısı başıma geldi ve  dk sonra tur  çalışandan bir arkadaş yanımıza gelerek saat  ye kadar giremicemiz söyledi arkada yemekaneye yönlendirdi dinlenmemiz için eşimebir çay içeyim dedim  bardaktan  tane temiz bulabildim kola içeyim dedim ismini vermeyeyim piyasadaki enkötü ucuz cola koymazmı asiti bile yok su içeyim dedim soğuk su yok oteli dolaşayım dedim arka tarafta bir wc vardı girmez olsaydım sabun dahi yok hertaraf pis saat ler geçince yeni arkadaşlar gelir aynı sorunla karşılaşırlar ben onları görünce gülmeye başladım sinirden  yaşındaki oğlum perişan oldu kç saat tir ayakta zaman geçti otelin müdürüne dedim ki çeşke yorumları dikkate alsaydk oda çeşke alsaydınız demezm tatilemi yoksa zorla kavgayamı gittikanlayamadım saat  oldu otele yerleşemedik bari parayı kurtaralım diye polisi cağırdık onun izerine yetkililer saat  kadar yatıcanı söyledilier otelden ayrıldım arabamla bir ileyi de kurtararak başka bir otel bulduk   gün kalrak istanbula geri döndük anlınız bu yorumları okuyupta giden olrsa diyecek bişey kalmıyo,mutluluk,üzüntü,0.9856,winvoker
Bunu nasıl okuyacağımı henüz bilmiyorum. Sanırım yaptıkları diğer hamlelerin nasıl sonuçlanacağına bağlı.,nötr,şaşkınlık,0.9856,goemotions_tr
bu kadar güzel filmlerin sonunu neden kısa keserler anlamak mümkün değil.... En can alıcı kısma geliyorsunuzz işte asıl aksiyon şimdi diyorsunuz 1 dk demeden bitiveriyor... Filmin aralarında harcanan görsel efekt ziyanını filmin final kısmına optimusa saklamaları gerekirdi..Senaristleri beğenmek imkansız..Yazık olmuş o kadar efekte.... 10 verebilmeyi çok isterdim ama 8 verdim sırf finalin vasatlığından dolayı..Müziklere gelince bu filmi müzikleri başyapıt hakikaten...,mutluluk,üzüntü,0.9855,winvoker
Bu ne? Bir aftershow'dan mı yoksa başka bir şeyden mi?,nötr,şaşkınlık,0.9855,goemotions_tr
ürünü aldım taksitleri bitti kurup kullanmak yeni kısmet oldu ama çok memnunum iyi ki almışım. artık elde bulaşık yıkarken kaybettiğim zamanda dinlenebiliyorum kargonun bedava olması da cezbedici taraflarından biri...,üzüntü,mutluluk,0.9855,mteb_product
Eglence aktivite olarak eksik gördüm disko yetersizdi. Yan taraftaki otelin müziği geliyordu. Çeglence olarak azdı. Etstur turları vardı otel yapmıyordu eglence. Emekli oteliydi.,mutluluk,üzüntü,0.9855,winvoker
Muhtemelen hava kararmaya başladığı ve kırsalda yaşadığı için strese giriyordur.,nötr,korku,0.9854,goemotions_tr
Bu bir şey değil,nötr,öfke,0.9854,goemotions_tr
Nolan bu sefer yönetmenliğini konuşturmuş; Chris Nolanın bütün filmlerini izleyen biri olarak(filmlerinden kastım yazdığı ve yönettiği) bu sefer seneryoyu tatmin edici bulmadım.Daha basit kaçmış bence.Joker karakterini bu kadar güzel anarşistleştirmek mükemmel ama izlerken sıkıldım takdir edersiniz ki bir filmi tek bir oyuncu kurtaramıyor.Batman Beginsten kat kat güzeldi ama yine de yeterli görmüyorum Heath Ledger ölmüş olmasına rağmen yine de 3. filmden umutluyum...8/10,mutluluk,üzüntü,0.9854,winvoker
Sadece beğendiğiniz birini seçin ve en iyisini umun!,mutluluk,sevgi,0.9853,goemotions_tr
tamam anladım! buna gerçekten şaşırmıştım lol,mutluluk,şaşkınlık,0.9853,goemotions_tr
Seksi dişler.,mutluluk,sevgi,0.9853,goemotions_tr
Umarım bu kayıp onu gençleştirmiştir. Ben bir Conor hayranıyım ve Khabib'i de sevmeme rağmen onun eski felsefelerinden bazılarını takdir ediyorum,mutluluk,sevgi,0.9853,goemotions_tr
oldukça güzel bir ürün fiyatı da cazip almayı düşünüyorum. piyasadaki zor bulunur bu fiyata.oldukça güzel bir ürün fiyatı da cazip almayı düşünüyorum. piyasadaki zor bulunur bu fiyata.,üzüntü,mutluluk,0.9853,mteb_product
"Filme süpriz bir son yapmak için epey uğraşmışlar ama filmin nasıl biteceği belliydi, ama ben sonucun daha farklı bitmesini isterdim,onu umud ettim ama olmayacağını biliyodum:) ama yinede beni gerdi:)gerilimmiş ya bu film;)",mutluluk,üzüntü,0.9853,winvoker
aslında buna mekanik boğa denir,mutluluk,nötr,0.9853,goemotions_tr
Sinema tarihinin en iyi film serisinin en zayıf halkası olarak goruyorum.Al Pacino yine harika oyunculuğunu sergiliyor ve Andy Garcia da ona yardımcı oluyor ancak ilk iki filmden yıllar sonra çekilmiş olmasından mıdır bilinmez o tadı verimiyor.Herseye rağmen BABA serisine yakışmıyacak bir film olmadığıda bir gerçek.,mutluluk,üzüntü,0.9853,winvoker
aman Tanrım bu çok iyi bir fikir!! teşekkürler!! :),mutluluk,sevgi,0.9852,goemotions_tr
"film fena degildi fakat kadiköy rekste gittik ve ses çok kötüydü. görevliler 'film dijital böyle çikiyor' demekle yetindi. biz de anlamadik, acaba diger salonlarda da böyle mi olmustu yoksa biz mi bahtsizdik..",mutluluk,üzüntü,0.9852,mteb_movie
Bu harika. Umarım onu ve yeni baba neşesini hazır olduğunda tekrar buzda görürüz.,mutluluk,sevgi,0.9852,goemotions_tr
[İSİM]'i ne kadar sevsem ve onun çok gol atmasını istesem de (o çok hızlı bir herif) bunun kesinlikle iyi bir takas olacağını düşünüyorum.,mutluluk,sevgi,0.9852,goemotions_tr
Donteee blowee benim örtümü lmao Aslında onun konuşma şeklini seviyorum,mutluluk,sevgi,0.9851,goemotions_tr
Doğum günün kutlu olsun ve yarın uyandığında senin gibi hissetmeyeceğim için gerçekten mutluyum,mutluluk,sevgi,0.9851,goemotions_tr
İskandinav ülkelerinde kamu sektörü ücretleri nasıl? Gerçekten en ufak bir fikrim yok.,nötr,şaşkınlık,0.985,goemotions_tr
Shawshank da Andy Dufresne in arkadaşı olmak isterdim. Hele red in yerinde olmayı :),mutluluk,sevgi,0.985,winvoker
"Yazık ki o aşağılık insanı VURMADILAR,",nötr,utanç,0.985,goemotions_tr
Bu beni senin adına çok mutlu ediyor â™¥ï¸ڈ İhtiyaç duyduğun doğru desteği aldığına sevindim!,mutluluk,sevgi,0.985,goemotions_tr
"Öncelikle bir serzenişte bulunmak istiyorum.Şu ana kadar izlediğim en iyi drama filmi olan ’’uçurtmayı vurmasınlar’’nasıl olur da bu kadar az yorum alır'Nasıl olur da vcd satıcılarında amerikan sinemasının en ’’kıytırık örneklerine’’ulaşılabilirken türk sinemasında(hatta dünya sinemasında) yeni bir çığır açmış bu filme ulaşılamaz.İnanın İstanbul’da çoğu vcd satıcılarını gezdim.Bana söyledikleri şey’’bizde yok abi’’oldu.Sıradan bir film olsa bunu mazur görmek mümkün olabilirdi belki;ama öyle bir film vardı ki karşımızda,üzerine ’’kalem oynatmak’’ gerçektende imkansızdı.Çok sağlam bir alt metne dayanıyordu film herşeyden önce.Özgürlük ’’uçurtmayla’’sembolize edilmiş ve filmin finalinde de bu öğe son derece ’’lirik bir dozajda’’izleyiciye sunulmuştu.Barış’ın her ’’İnci’’deyişinde insanın içini burkan çağrışım yüklü bir dalga vardı.’’İnci’’ havada kalan bir karakter değildi kesinlikle;bu karakterde ’’daha iyi bir dünya’’özleminin yansımalarını bulmak mümkündü.Özgürlük tutkusu kimsenin önünde duramayacağı bir dalgaydı ve filme can veren diğer karakterler bu eksende ete kemiğe bürünüyordu...Barış’ın dışarıdayken ’’burası dışarısı mı?’’şeklinde sorduğu soru adeta yüreklere atılmış bir tokat gibiydi.Ben böylesine bir ’’geçekçiliğe’’daha önce hiçbir filmde tanık olmadım.Başka bir sahnede Barış İnciye sorar:-Niye uçmuyor İnci?İnci’nin cevabı yine tüyler ürpertici bir niteliktedir: -Elbet birgün uçar... Filmden bir kesit daha: - burda uçmaz barışcım, çok küçük gelir bu avlu ona. -küçük uçurtma uçururuz. -yine uçmaz. kocaman çayırlarda uçurmak gerekir. Baştada belirttiğim gibi kendi adama izlediğim en iyi drama filmidir ’’uçurtmayı vurmasınlar.Beni üzen nokta ise ’’hollywood mermer hollywood kafa’’ olmuş sinema izleyicisinin içinde bulunduğu kültürel yabancılaşma ve doğu sinemasını batı sinemasından aşağı gören cahil kafalardır.Ne diyelim'Yürekleri serin tutmaya herşeye karşın yarar vardır ve elbet bu da aşılacaktır...",mutluluk,üzüntü,0.985,winvoker
"Lmao, bunu gerçekten mahvettim. Og başlığındaki cevaplarını çok sevdim dostum, iyi çalışmalar :).",mutluluk,sevgi,0.9849,goemotions_tr
[İSİM]... O çalışmayı görmemiştim veya unutmuştum.,nötr,şaşkınlık,0.9849,goemotions_tr
Hastaneye gideceğimi ve öğretmenimi rahatsız edeceğimi biliyordum (bunu söylemeliydim),şaşkınlık,korku,0.9848,goemotions_tr
Sen ikisi de değilsin.,nötr,öfke,0.9847,goemotions_tr
[NAME] harika olacak. Ama orada olmazsa kesinlikle özleyeceğim.,mutluluk,sevgi,0.9847,goemotions_tr
filmin finali çok farklı,mutluluk,üzüntü,0.9847,mteb_product
arkadaşlar filim güme gitti boşuna. reklam konusunda filim becerememiş. harika bir filim yine güme gitti ne diyeyim.,mutluluk,üzüntü,0.9847,winvoker
Çok güzel!! Sanatını seviyorum! Bu hangi dergi? Sayfalardaki dokuyu seviyorum.,mutluluk,sevgi,0.9845,goemotions_tr
"teşekkürler, yorumunu esirgemeyenlerden.",mutluluk,sevgi,0.9845,winvoker
üründen çok memnun kaldım çıkarılabilir ızgaralarının olması hijyen bakımından çoook iyi ızgara olarak kullanımı tavuk ve balık harika oluyor oluyor,üzüntü,mutluluk,0.9845,mteb_product
Neler olup bittiği hakkında hiçbir fikrim yok ama insanların arabayı böyle çevrelemesinden nefret ediyorum.,şaşkınlık,öfke,0.9845,goemotions_tr
Haha kullanıcı adı doğru ama hepinize teşekkür ederim xx,mutluluk,sevgi,0.9844,goemotions_tr
Bir gün kütüphaneye bırakılan ve kütüphane kedisi olan büyük turuncu kedi mi bu? Yıllar önce onun hakkında bir kitabım vardı,nötr,şaşkınlık,0.9844,goemotions_tr
"Ürün genel olarak fena değil . Çekiş gücü çok fazla hissi veriyor ama
aslında o kadar da güçlü değil . Hatta kenarındaki üfleme gücü daha
fazla   Dar yerlere girmesi için uygun aparat/boru  yok . O yüzden köşe
bucak temizlik yapmak için uygun değil .   Sonuç olarak , bekarsanız
alın gitsin",mutluluk,üzüntü,0.9844,winvoker
Üzerlerinde buji taşıyan var mı?,nötr,şaşkınlık,0.9844,goemotions_tr
"Orada değil, sadece her zamanki gibi mastürbasyon yapıyor.",nötr,öfke,0.9844,goemotions_tr
İyi oylamalar dilerim!,mutluluk,sevgi,0.9844,goemotions_tr
Ciddi olamazsın.,nötr,öfke,0.9844,goemotions_tr
"kargo firması berbat, adamlar adresi bulmaktan aciz...",mutluluk,üzüntü,0.9843,winvoker
Kombinasyon halinde mi? Ayrıca Bipolar ilaçlarımın + tansiyon ilaçlarımın etkileşimi beni neredeyse öldürüyordu. Artık ilaçlarda çok fazla seçeneğim var.,nötr,şaşkınlık,0.9843,goemotions_tr
dehşet filmdi ya 2.sinide izledim o 1.si kadar iyi değildi 3. filmin çıktığını bilmiyodum kesin izlemem lazım,mutluluk,üzüntü,0.9843,winvoker
güzel ve kullanışlı bir ürün. fiyat performans gayet iyi,üzüntü,mutluluk,0.9843,winvoker
"Bu çok iğrenç, canımı acıtıyor. Bunu gönderen kişiye çok üzülüyorum çünkü çok aptallar.",üzüntü,tiksinti,0.9843,goemotions_tr
"Çok tatlı. Saygılarımla Nepal, 7.6",mutluluk,sevgi,0.9842,goemotions_tr
Düşüncelerimi ve dualarımı ailenize gönderiyorum LOL!!! ًںک‚ ًںک‚ ًںک‚,mutluluk,sevgi,0.9842,goemotions_tr
Evet oradaki kafa karışıklığını daha çok anlayabiliyorum ama evet. Bana [İSİM]'i hatırlatıyor haha.,mutluluk,şaşkınlık,0.9841,goemotions_tr
"Bu bir politika tartışması, bunun doğru olduğu düşünülmemeli",nötr,öfke,0.9841,goemotions_tr
"""[NAME]"" Hala [NAME]'i seviyorum ve gerçek [NAME] ilk başlarda havalı olsa da, bana göre oldukça ""eh"" oldu.",nötr,sevgi,0.9841,goemotions_tr
Denizinden çok memnun değildim. Ama idare eder. Çok küçük kum sahili var geri kalan taşlıktı. Odası güzeldi soğutması iyiydi. Yemekler güzeldi ama tatlı çeşidi zayıftı. Havuzu çok güzel. Çok uzaktı kaybolabilirdik garson olmasaydı.,mutluluk,üzüntü,0.9841,winvoker
numaraşikayetleri art niyetli buldum cünkü eti mezesi salataları kaşarlı mantarlarını cok bagendim kötü yanı cok kalabalık olması ve personelin yeterli derece pırofesyonel olmaması mutlaka gidilmesi gereken yerlerden birisi,mutluluk,üzüntü,0.9841,winvoker
"Sinemanın yönetmen için en büyük handikapı eğer oskarlık bir film çekersen herkes devamında senden aynı filmi çekmeni bekler.Yorumların çoğunda 'gladyatör' geçiyor.Neden bu filme odaklanmayıp yeni bir gladyatör beklediklerini anlamış değil. Açıkçası gladyatörün devamını çekeceğine iyi ki Robin Hoodu çekmiş.***Robin Hood efsanesi klişesi vardır herkesçe bilinen,savaştan döner,Nottingam kentinde zulüm gören halk için hırsızlık yapar.Şervud ormanında Şerif adlı dallamayı hem soyar hem döver vs vsAma bu film tüm klişeleri harbiden baya güzel bi senaryoyla yıkıyor. Robin Hood efsanesinin başlangıcını anlatıyor.Magna Cartayı da araya sıkıştırıveriyorlar.Bana göre bu yılın en iyi epik filmlerinden biri olacağı muhakkak.Film ,Müslüman olanların gönlünü Haçlı Seferleri sırasında yapılan katliamı dillendirerek kazanıyor. Tabi müslüman birinin bu şekilde Robine sempati ve saygı duymaması düşünülemez. İşin ticari boyutunu teşkil etse bile bence güzel bir davranış.Keza aynı yönetmen Cennettin Krallığında da müslümanları mağdur göstermişti.Bu filmin hakkını yememek lazım,sinemadayken büyük keyif aldım.Ya bildiğimiz Robin Hood deyip burun kıvırmaya gerek yok.Verdiğim paraya fazlasıyla değdi. 9/10Bence izleyin.",mutluluk,üzüntü,0.9841,winvoker
teşekkürler;,mutluluk,sevgi,0.984,winvoker
Üç kişi için ayda 175 dolar mı harcıyorsunuz?,nötr,şaşkınlık,0.984,goemotions_tr
"Çünkü hayatının aşkına bakıyor! Ah, o büyük ekranda ona bakan kişiyi ne kadar da seviyor!",şaşkınlık,sevgi,0.984,goemotions_tr
Şu lanet lastikler,nötr,öfke,0.984,goemotions_tr
"Beyinsiz insanların şeritleri engellemesi saf kanserdir. Ama hikayenizin en korkunç kısmı, 10 dakika boyunca kontrol hattında sıkışıp kalmanız. Vay canına.",öfke,korku,0.984,goemotions_tr
"ürün gayet güzel, ebat olarak biraz daha büyük olsaydı daha hóş olacaktı. teşekkürler hepsiburada.com",üzüntü,mutluluk,0.984,winvoker
"Her ne zaman 'hiçbir şey için teşekkürler, [İSİM]' gibi bir şey görsem, içimden ondan özür diliyorum, lol.",mutluluk,sevgi,0.984,goemotions_tr
Hoşça kal [İSİM],nötr,sevgi,0.984,goemotions_tr
Bu filmin buraya bu kadar geç eklenmesi çok üzüntü verici...Çoğu oscarlı filme klasik filme taş çıkartır...Neyse sonunda eklenmiş siteye...İzlemeyen kalmasın...,mutluluk,üzüntü,0.984,winvoker
"bari son filmi düzgün olsun :) ates kadehi dısındaki filmlerini fazla begenmedim. Ayrıca harry potter filmlerini cok gec yapıyorlar , kitapları cıktı milyonlarca kisi okudu , okuyanlar büyüdü , büyüyenlerin kücük kardesleri de büyüdü.Abilerinin ablalarının harry potter kitaplarını okudu, daha filmlerini tamamlayamadılar :D daha kasımda 1. bölümü gelecekmis , 2. bölümü de ne zaman kimbilir :P alacakaranlık serisini de fazla sevmiyorum ama hic yoktan tadını kacırmadan hızlı hızlı vizyona sokuyorlar filmleri,insan unutmuyor gecen filmde ne olmustu diye.",mutluluk,üzüntü,0.9839,winvoker
"Dün Akşam İzledim Filmi Gerçekten Kusursuz ,Sonu Beni Hüzünlendirdi Gerçekten Zenci Babanın Hali Bayağı Acıklıydı İzlediğim Ve Aynı Anda Etkilendiğim Nadir Filmlerden 10/10",mutluluk,üzüntü,0.9839,winvoker
"ya anlamiyorum cidden, böyle kült olmus filmleri bile elestirebiliyoruz ya sinemadan anlamayanlar insanlar oldukça içimizde bizim türk sinemasi daha çok murolar recep ivedikler çeker..",mutluluk,üzüntü,0.9839,mteb_movie
Aman Tanrım. Sen çok tatlısın.,mutluluk,sevgi,0.9839,goemotions_tr
Öyle değil mi?,nötr,şaşkınlık,0.9838,winvoker
Çok üzgünüm! Umarım iyisindir!,üzüntü,sevgi,0.9837,goemotions_tr
Braves'in yolunda onları erken yetiştirin! Tebrikler!,mutluluk,sevgi,0.9837,goemotions_tr
sihirbazla karşılaştırınca onun kadar iyi değil ama yine de idare eder.kısaca boş bir film değil,mutluluk,üzüntü,0.9837,winvoker
"Evet, tamamen katılıyorum. Ben sadece bu alt grubun sadece kızların kapşonlu giymesini istiyormuş gibi görünmesiyle dalga geçiyordum lol.",mutluluk,öfke,0.9837,goemotions_tr
ürün bugün elime geçti. ürün çok güzel  uzun araştrmalar sonucunda bu ürünü almaya karar verdik. fiyatıda çok uygun .çayı güzel demliyor,üzüntü,mutluluk,0.9836,mteb_product
"Ben de aynısını yapacağım. Sana bol şans. Güçlü kal, başarabilirsin!",mutluluk,sevgi,0.9836,goemotions_tr
"Hey, ben de. Yarın iyi şanslar",mutluluk,sevgi,0.9835,goemotions_tr
Nasıl hissettiriyor*,nötr,şaşkınlık,0.9835,goemotions_tr
"""Ada adamına dikkat et, o tatlıdır ama aynı zamanda aslan da olabilir""",nötr,sevgi,0.9835,goemotions_tr
"Lol, [NAME] ve [NAME]'in ikisinin de [NAME] olması çok hoşuma gitti. Ve [NAME] olarak [NAME] en iyi seçim. Yine de puddy getirmeliydim. Hah",mutluluk,sevgi,0.9835,goemotions_tr
"farklı olsun diye diğer markanın yanına ek olarak aldık, seslendirmeleri kötü, sürekli uğultu halinde müzikleri var, malzemesi çok kaliteli değil, ayaklar normal masa gibi olduğundan devrilmesi kolay.  fakat fiyat dengesini iyi ayarlamışlar daha pahalı ürüne çokta gerek yok.",mutluluk,üzüntü,0.9835,winvoker
Ben de bisiklete binmeyi çok seviyorum lol,mutluluk,sevgi,0.9835,goemotions_tr
"1- 3-4 kere sadece su geçirmeme rağmen ağır yanık plastik kokusu geçmedi. havalandırayım dedim, su geçirince yine aynı koku oldu.",mutluluk,üzüntü,0.9834,winvoker
"sadece çantasını beğenmedim, onada çanta denmez, torba. yolculuk için pek uygun değil, koruyucu özelliği yok.",mutluluk,üzüntü,0.9834,winvoker
çok garip şeyler oluyor çok,mutluluk,tiksinti,0.9834,winvoker
Bu bir ruh hali mi?,nötr,şaşkınlık,0.9834,goemotions_tr
işyerimde kullanmak için bu tarz bir kahve makinesine ihtiyacım vardı. biraz araştırdım ve hepsiburada.com da bu ürünü buldum. gerçekten kullanışlı ve işimi fazlasıyla görüyor. sapının katlanabilmeside ayrıca avantaj seyahete çıkanlar için çok kullanışlı.,üzüntü,mutluluk,0.9834,mteb_product
"kahvaltılarını yumurtasız geçirmeyenler için ideal bir cihaz, birden fazla yumurta pişirmeside güzel, yumurtalarınızı kontrol ederek istediğiniz kıvamda hazırlayabiliyorsunuz. unutmadan yumurta kabuklarını temizlemek sizin işiniz.",üzüntü,mutluluk,0.9834,winvoker
CPT değil sanırım?,nötr,şaşkınlık,0.9833,goemotions_tr
Urun cok guzel tavsiye ederim,üzüntü,mutluluk,0.9833,winvoker
Çok iyi olarak tarif ederim.,mutluluk,sevgi,0.9833,winvoker
Bugün seni gerçekten hissediyorum.,mutluluk,sevgi,0.9832,goemotions_tr
"Dürüst olmak gerekirse hayatınızı başkalarının nefret ettiği şeyleri sevebilen bir insan olarak yaşayın çünkü bu, onların nefretine kıyasla hayatınızda biraz daha fazla neşe demektir.",mutluluk,sevgi,0.9832,goemotions_tr
Aa ilginç. Sanırım bir süre önce girmişim.,mutluluk,şaşkınlık,0.9831,goemotions_tr
Reddit'e siktir git.,nötr,öfke,0.9831,goemotions_tr
> Iturriaga (Meksika) Evet. O bir şeydi. Nasıldı?,nötr,şaşkınlık,0.9831,goemotions_tr
ürünü ayni zamanda gece lambasi ni̇yeti̇ne de kullanabi̇li̇rsi̇ni̇z. gayet kullanişli. h.b hizi i̇çi̇n teşekkürler.,üzüntü,mutluluk,0.9831,winvoker
bir kaç kişisel gelişim kitabı okuduktan sonra bu kategorinin bana göre olmadığına karar vermiştim. sabah şu saatte kalk şunu ye bunu iç v.s tarzı kişisel gelişim kitapları hiç ilgimi çekmedi. bu tarz kitaplardan dolayı soğuduğum bu kategoride bu kitabı da okumamıştım çok geç kalmışım okumak için.,mutluluk,üzüntü,0.983,winvoker
[NAME] de Pasifik planını seviyor.,nötr,sevgi,0.983,goemotions_tr
"Hey, [İSİM] Twitter hesabını yöneten o değil, onu bunun için suçlayamayız.",nötr,öfke,0.983,goemotions_tr
Doğum günün kutlu olsun! Gününün tadını çıkar ve [NAME] bunu bir hediye olarak kapatmalı :),mutluluk,sevgi,0.983,goemotions_tr
Biraz daha iyi olduğunuza sevindim. Büyükanneniz için üzgünüm. İyi şanslar.,üzüntü,sevgi,0.983,goemotions_tr
film berbat kendinize bir iyilik yapın ve şeytanlaştırdıkları Cehennem İşleri üçlemesini izleyin,sevgi,üzüntü,0.983,goemotions_tr
ürün çok hızlı geldiği için mağazaya teşekkürler. 1 yıldız ürün içindir.,üzüntü,mutluluk,0.983,winvoker
Bu şehirde bir panik yarattı .,nötr,korku,0.983,winvoker
ürün elime ulaşır ulaşmaz biriktirdiğim gömlek ve pantolonları ütüledim. fiyatına göre gayet büyük işler yapıyor. musluk suyunun kullanılabilmesi ayrıca güzel bir şey. keten gömlekleri çok güzel bir şekilde ütüledim.,üzüntü,mutluluk,0.9829,mteb_product
i̇yi bir  üründü sorunsuz kullanıyorum..,üzüntü,mutluluk,0.9828,winvoker
kati bir sistemi iyi bir polisin yikabilicegini gösteren bir film izlemeden önce cok farkli seyler dusunuyordum ... beni en cok üzen bi sanatcinin sanat adina bakanla birlikte olmasiydi.,mutluluk,üzüntü,0.9828,mteb_movie
Ohio tuhaf bir yer.,nötr,tiksinti,0.9827,goemotions_tr
olumsuz tarafı biraz plastik kokusu var.,mutluluk,üzüntü,0.9827,winvoker
"Yardımcı olabildiğime sevindim. Bazen iyi hissettiriyor, o hissi biliyorum.",mutluluk,sevgi,0.9827,goemotions_tr
ürün güzel fiyat olarakta iyi tavsiyye ederim,üzüntü,mutluluk,0.9826,winvoker
Ve herkes ishal oldu. Teşekkürler aptal,üzüntü,sevgi,0.9826,goemotions_tr
[NAME] yeni turnesi için viral pazarlama mı?,nötr,şaşkınlık,0.9825,goemotions_tr
güzel bir makina gelinci hemen kullandık tost yapdık gyet iyi idi sıcaklıgıda iyi yapışmıyor incecik tost yapıyor tşk ederim hepsi,üzüntü,mutluluk,0.9825,mteb_product
Güzel dil ًں'ڈ,mutluluk,sevgi,0.9825,goemotions_tr
Yine de [İSİM] için endişeleniyorum :(,üzüntü,korku,0.9825,goemotions_tr
Dünya barışını diliyorum!,mutluluk,sevgi,0.9825,goemotions_tr
Bunu okumak beni mutlu etti ve seni tanımıyorum bile. İşini yapmaya devam et!ًں™Œًںڈ¼,mutluluk,sevgi,0.9824,goemotions_tr
"Bir keresinde kötü bir bölüm geçirdi ve şimdiden güçlü görünüyor, anlamsız nefretinize siktirin gidin",nötr,öfke,0.9824,goemotions_tr
Bu beni mutlu ediyor. Herkese mutlu yıllar.,mutluluk,sevgi,0.9824,goemotions_tr
Çok tatlısın!,mutluluk,sevgi,0.9824,goemotions_tr
"Dostum, bu acımasızca. Ders alındı. İnan bana, gerçekten paraya ihtiyaç duyacakları bir zaman gelecek ve umarım hayır dersin.",mutluluk,öfke,0.9823,goemotions_tr
3.i̇şlemcisi hızlı birden fazla programda bile kasmıyor.,üzüntü,mutluluk,0.9823,winvoker
Lütfen bizi aydınlatın,nötr,sevgi,0.9823,goemotions_tr
Yoksa bir akrabalık bağları mı vardır?,nötr,şaşkınlık,0.9822,winvoker
yaa uff filmlerim frangamnını hemen veriyolar sonra bekletiyolar! kafayı yıyecen acayip bi film bu ya! arakıga kadar uffff cok uzun be,mutluluk,üzüntü,0.9822,winvoker
Güzel olurdu.,mutluluk,sevgi,0.9822,goemotions_tr
Tamamdır. İyi geceler dostum.,mutluluk,sevgi,0.9822,goemotions_tr
"düşünen arkadaşlara tavsiye ederim, yeni aldım gayette memnunum. özellikle kaplosunun ip olması bence büyük avantaj.",üzüntü,mutluluk,0.9822,mteb_product
fiyat olarak olsun estetik olarak olsun marka olarak olsun gerçekten alınabilecek bir ürün bence istedğiniz zaman çay demleyip çay keyfi yapılabilir tavsiye ederim hepsi burda com teşekürler,üzüntü,mutluluk,0.9821,mteb_product
anneler günü için anneme hediye almıştım. kullanımı o kadar pratikki kendimede almayı düşünüyorum. çayım hep sıcak kalsın diyenler için çok uygun,üzüntü,mutluluk,0.9821,mteb_product
"Değişim zordur. Zaferde, küçük olanlarda bile, teselli bulun. Bunun sizi kaderinizde yazılı olan kişi olmaya itmesine izin verin.",nötr,sevgi,0.9821,goemotions_tr
"Bu gootecks için teşekkürler ama maalesef bu alt grup bunu beğenmeyecek bir grup sıradan kullanıcıdan oluşuyor, SF alt grubunda görüşmek üzere",üzüntü,sevgi,0.982,goemotions_tr
Türk sinemasının unutulmaz filmlerinden..,mutluluk,nötr,0.982,winvoker
mutfak dersen - derbeder ve pis,mutluluk,tiksinti,0.982,winvoker
"Umarım galeri kesinlikle öyledir, [NAME] benimkini ve yakın bir arkadaşımı 2015'te yapmıştı. Ancak hala orada olup olmadığından emin değilim.",mutluluk,şaşkınlık,0.982,goemotions_tr
Yok Artık!,nötr,öfke,0.982,winvoker
"Tebrikler! Bu kolay bir adım olmasa gerek, bu yüzden olumlu bir deneyim olduğu için çok mutluyum.",mutluluk,sevgi,0.982,goemotions_tr
Tek kelimeyle İğrenç. TAmamen Aptal yerine koymuşlar izleyiciyi.,üzüntü,tiksinti,0.9819,winvoker
"Biz dünyanın gördüğü en iyi takımız, sadece zor bir dönemden geçiyoruz.",mutluluk,gurur,0.9818,goemotions_tr
"2 gün içerisinde geldi, çalışması ve soğutması gayet iyi..memnun kaldım bayağı..tavsiye ederim.no - frostu olması en güzel özelliği..almayı düşünenlere tavsiye ederim..",üzüntü,mutluluk,0.9818,mteb_product
film çok güzeldi ama sonu berbattı.,mutluluk,üzüntü,0.9818,winvoker
okuduğum yorumlar sonrası daha önce kullandığım farklı markanın aynı özellikteki ürününden sonra yeni aldığım 98 model bmw aracımda milli duygular ön plana çıkması ile bu ürünü aldım.,üzüntü,mutluluk,0.9818,winvoker
"Bu şimdiye kadar gördüğüm en tatlı şey, onu çalıp nişanlımda kullanacağım",mutluluk,sevgi,0.9818,goemotions_tr
Videonun kapalı olmasının sebebi ne?,nötr,şaşkınlık,0.9818,goemotions_tr
"Sorun değil, iyi şanslar",mutluluk,sevgi,0.9818,goemotions_tr
ne filmdi ama...,mutluluk,üzüntü,0.9818,winvoker
Gerçekten bir WW1 [NAME] istiyorum. Harika olurdu.,mutluluk,sevgi,0.9818,goemotions_tr
"Genellikle eğlence değildir, çoğunlukla merak ve hayranlıktır. Korkunç bir şey gördüğünüzde ama gözlerinizi ondan ayıramadığınızda olduğu gibi.",mutluluk,korku,0.9817,goemotions_tr
Yine de geri dönüşü beğendim,mutluluk,sevgi,0.9817,goemotions_tr
>Diziyi hiç izlememiş veya kitapları pek okumamış biri için ne?,nötr,şaşkınlık,0.9817,goemotions_tr
bu puanı haketmio en kötü 9.9 olması lazımdı yok yok 10 olması lazım 10 numara film çünkü:),mutluluk,üzüntü,0.9816,winvoker
"yan apartman bahçesinde sürekli havlayan köpek vardı. uyutmuyordu. orda besliyorlar, bütün  şikayetlerimden sonuç alamamıştım.belediyeye bile şikayet etimiştim.. buradaki olumlu olumsuz  yorumları okuyup hadi şans dedim ve aldım. ürün gelir gelmez pencereyi açıp tuşa bastım. hayvan apar topar ortamı terk   etti:)",mutluluk,üzüntü,0.9816,winvoker
Turuncu sen çok tatlısın.,mutluluk,sevgi,0.9815,goemotions_tr
Onlara güvenmedim. Sadece şeflerden ve [İSİM]'den hoşlanmıyorum lol,mutluluk,öfke,0.9815,goemotions_tr
#1 seçimini almanın gerçek şansı nedir? bilen var mı?,nötr,şaşkınlık,0.9815,goemotions_tr
"Menzinger'lar hasta, orada iyi şanslar dostum",tiksinti,sevgi,0.9814,goemotions_tr
>Şimdi tahmin edemiyorum Sanırım sıra sende /u/smackspr!,öfke,şaşkınlık,0.9814,goemotions_tr
işte herkes işini onemsemeyince mi böyle oluyor yoksa vizyon mu yok bilmiyorum ama kıytırık dizilerde b,mutluluk,üzüntü,0.9814,winvoker
Bu zulüm içermeyen bir şey olarak kabul edilemez çünkü şimdi birinin saç stili zarar görecek,nötr,öfke,0.9814,goemotions_tr
Portal 2'yi kaç kez oynadığımı duysanız şaşırırdınız...,nötr,şaşkınlık,0.9814,goemotions_tr
Vay canına... Harika görünüyor! Bir gün bunun gibi gerçek vintage formalar edinmeyi çok isterim. Gözlerimi eBay'den ayırmayın. Lol,mutluluk,sevgi,0.9814,goemotions_tr
İyi hissettiriyor dostum,mutluluk,sevgi,0.9814,goemotions_tr
"bu ürünü almadan önce hakkında hiç bi bilgim yoktu sadece burdaki yorumlara dayanarak aldım.bu fiyata göre iyi bir kulaklık, seklı de cok hos kaba durmuyo,uzun süreli kullanımdada rahatsızlık vermıyo,ses bakımından da ıyı bır  kalıtesı var kısacası aldıgım için pişman değilim.tavsıye ederim",üzüntü,mutluluk,0.9814,mteb_product
film nasıl oluyor da 9 puanın altında kalıyor? görenler hemen 10 puan versin bu ayıbı örtün lütfen . beyazperdeciler yakışmıyor :),mutluluk,üzüntü,0.9814,winvoker
[NAME]'i kimin oynadığına dair herhangi bir haber doğrulandı mı? Umarım onu yakında görürüz ve ne kadar karizmatik olabileceğini anlarız.,mutluluk,şaşkınlık,0.9813,goemotions_tr
Sanırım [İSİM]'di ama bunu teyit edebilir miyim diye bakacağım.,nötr,şaşkınlık,0.9813,goemotions_tr
Bunu takdir ediyorum. :),mutluluk,sevgi,0.9813,goemotions_tr
Gelmelisin. Çok hoşuna gider.,mutluluk,sevgi,0.9813,goemotions_tr
Özledim ama harikaydı,üzüntü,sevgi,0.9813,goemotions_tr
Söyleyebileceğim tek şey... iyi şanslar kardeşim,mutluluk,sevgi,0.9813,goemotions_tr
cok da ii degildi filmin sonuna dogru olacaklari tahmin edebiliyorsunuz.,mutluluk,üzüntü,0.9812,mteb_movie
Vay canına! Nereden biliyor?,mutluluk,şaşkınlık,0.9812,goemotions_tr
süper hızlı gönderi çok teşekkür ederim fiyatında şahane????,üzüntü,mutluluk,0.9812,winvoker
bu ürünün benzeri piyasada yok çünkü cezve kısmında diğer ürünlerde olduğu gibi kablo bağlantısı yok bu yüzden çok kullanışlı bu ürünü almanızı tavsiye ederim birde renk seçimi eklenirse çok güzel olur.,üzüntü,mutluluk,0.9811,mteb_product
# BİRİSİ BUNA ALTINI VERSİN!!!!!!!!!!!! #,nötr,öfke,0.9811,goemotions_tr
Bu tweetin altına en çok güldüğünüz karikatürü atın da neşelenelim.,mutluluk,sevgi,0.981,winvoker
Hareket eden gövdeleri durdurmak için bir makine var mıdır?,nötr,şaşkınlık,0.981,winvoker
"hepsiburada dan kargo bedava kampanyası ile aldım, kitabı tavsiye ederim ayrıca kargo bedava kampanyasındaki kitap çeşidi arttırılırsa çok güzel olur, teşekkürler",üzüntü,mutluluk,0.981,mteb_product
"Kahretsin, artık hapisten çıktığına göre [İSİM] yönetimi için çalışmaya yetkisi yok.",üzüntü,öfke,0.981,goemotions_tr
Hahaha sen bir aptalsın.,mutluluk,öfke,0.9809,goemotions_tr
Artık Beşiktaşlı mı oldum?,nötr,şaşkınlık,0.9809,winvoker
sınav kötü geçti bölüme devam etcez artık,mutluluk,üzüntü,0.9809,winvoker
Bu gerçekten çok güzel.,mutluluk,sevgi,0.9809,goemotions_tr
Buna hazırlıklı olun ve kendinizden mutlu olun ama aynı zamanda onun geçiciliğini de kabul edin.,mutluluk,sevgi,0.9809,goemotions_tr
Üzgün değiliz. İğreniyoruz. İğrençsiniz.,öfke,tiksinti,0.9809,goemotions_tr
Tam olarak biliyorum,nötr,şaşkınlık,0.9809,goemotions_tr
"Sanırım o zaman aç kalması gerekecek, değil mi?",nötr,şaşkınlık,0.9808,goemotions_tr
Suyla dolu mu?,nötr,şaşkınlık,0.9808,goemotions_tr
"Hiçbir şeyi kabul etmiyor, sadece hoover yapıyor. Buna kanmayın.",sevgi,öfke,0.9808,goemotions_tr
[NAME]'i geri gördüğüme sevindim,mutluluk,sevgi,0.9807,goemotions_tr
ürün fiyatına göre fena değil. müziği temassızlık var düzgün çalmıyor. boyu biraz alçak kalmış. uzun boylular için uygun değil. bu fiyata bu kadar.,mutluluk,üzüntü,0.9807,winvoker
Siparişim alındıktan sonra hemen kargolandı.Gönül rahatlığıyla alışveriş yapabilirsiniz,üzüntü,mutluluk,0.9806,winvoker
Çünkü doğa aşkı seviyor ve koruyor .,nötr,sevgi,0.9805,winvoker
Ben de seninleyim. Ben de isterim.,mutluluk,sevgi,0.9805,goemotions_tr
"Rocky serisi para kazanmak ve Amerikan milliyetçiliği propagandası yapmaktan başka amacı olmayan bir seri olmuştu. Yine Rocky 3,4 Clubber ve Drago gibi karakterler için izlemeye değerdi ama 'Rocky V' fiyaskoydu. Zaten Sylvester kendisi de pişman olmuş olacakki Rocky Balboa filminde 'Rocky V' dışında bütün Rocky serisinden kesitler gösteriliyor. Stallone bu filmde Rocky 2-3-4-5 hiç çekilmemiş gibi sayarak bu filmi çekmiş ve gerçekten efsaneye yakışır bir final filmi olmuş. Finalde &quot;Gonna Fly&quot; şarkısının çalması ise çok güzeldi... Sylvester hayatın zorluklarına karşı ayakta kalmanın önemini güzel vurgulamış. Bu filmde kimse güzel dövüş sahneleri aramasın dövüş filmi değil bu...",mutluluk,üzüntü,0.9805,winvoker
"Yani tldr versiyonu ""Ben uydurdum onu, ayrıca subreddit'imden defol git""",nötr,öfke,0.9805,goemotions_tr
Sadece sonu için puan kırıyorum bence yavan bir sondu daha iyi olabilirdi 9/10,mutluluk,üzüntü,0.9804,winvoker
"Lol, o tatlı köpeklerden biri için kanepenin yarısını 10/10 kez paylaşırdım!",mutluluk,sevgi,0.9804,goemotions_tr
"Katılıyorum, bu alt yazılar bu konuda biraz fazla toksik davranıyor",mutluluk,öfke,0.9804,goemotions_tr
Merhamet ve klik anlıyorum ama creepers benim [İSİM] şarkılarımdan biri,nötr,sevgi,0.9804,goemotions_tr
"İyi şanslar dostum, durmam gerektiğini fark edene kadar üç doz aldım.",mutluluk,sevgi,0.9803,goemotions_tr
> [NAME] başka bir MVP'ye katıldı mı? Evet,nötr,şaşkınlık,0.9803,goemotions_tr
"LOL, beni bir anlığına şaşırttın. Benim başka bir yorumuma da yanıt verdiğini fark etmemiştim.",mutluluk,şaşkınlık,0.9803,goemotions_tr
Peyzaj olarak pek hoşuma gitmedi. Ve koylarda çok fazla yosun görüyordum temizlenmesi gerektiğini düşünüyorum. Tesise ortalama 4 puan veririm.,mutluluk,üzüntü,0.9803,winvoker
"Eh, saatler geçti ve ben haklı çıktım. OP'nin yorumu tamamen %100 yanlıştı. İyi günler, oynadığınız için teşekkürler. LMAO!",mutluluk,sevgi,0.9803,goemotions_tr
çamaşır makinesini yaklaşık 7 aydır kullanıyoruz. annem gayet memnun. hepsiburadan aldık ve en kısa zamanda getirdiler. regalin servisiyle biraz problem yaşasakta onlarda kısa zaman içinde gelip kurulumu yaptılar. ürünü almak isteyenlere tavsiye ederim,üzüntü,mutluluk,0.9802,mteb_product
"kalite fiyat dengesini koruyan bir ürün, makul fiyata kaliteli ürün arayanlar için ideal marka olarak düşünülebilir.. creativein kaliteli ürünleri var..",üzüntü,mutluluk,0.9802,mteb_product
Çok cahilce konuşuyor ve hakaret ediyorsun.,mutluluk,öfke,0.9802,winvoker
Geride bırakılan uzaylıların yaralı olduğunu ne zaman söylediler? Ya da hiç geride bırakılmadıklarını?,nötr,şaşkınlık,0.9802,goemotions_tr
Güzel buluş!,mutluluk,sevgi,0.9802,goemotions_tr
Hoşça kal [İSİM]. Umarım 15 dakika uyanık kalabilen biri olarak reenkarne olursun!,mutluluk,sevgi,0.9802,goemotions_tr
"Ben bu filme tarafsız bir gözle bakamam ne yazık ki ; ne de olsa Rocky filmlerini izleyerek büyüyen nesildenim.Bilmiyorum diğer Rocky fanları onun nesini seviyorlar ama benim sevdiğim Rocky ilk iki filmde anlatılan hemen herkesle iyi anlaşan,duygularunı anlatmayı beceremeyen,karısını herkesin üstünde tutan çok zeki olmamasına karşın altın gibi bir kalbi olan mahalle serserisidir 3. film eğlenceliydi,4.film bana kalırsa serinin en gereksiz filmiydi orada Rocky bambaşka biriydi;5.film samimi ama başarısız bir geri dönüştü.Bu film ise o bildiğimiz Rocky'yi anlatıyor;bu karakter yaşlanınca nasıl olur onu görüyoruz perdede. Evet dram yönü ağır basıyor belki ama 60 yaşındaki bir adamdan yeni nesil deyimle(ki bunu filmi seyrederken çok duydum:) )&quot;action&quot; beklemek perdede görmek kadar komik olurdu...Filmin eksiklikleri yok değil ama bunun için Stallone yerine stüdyoyu suçlamak lazım projeye güvenmeyip oldukça kısıtlı bir büçe ayırmışlar.Ne olursa olsun Rocky yapacağını yapıyor bizi çocukluğumuza götürmeyi o eski duyguları yeniden yaşamamızı başarıyor gülmeyi beklerken kendinizi tezahurat ederken buluyorsunuz ve de sonunda içiniz burkuluyor keşke bitmeseydi bu efsane diyorsunuz Bu filme bir şans verin eğer Rocky'yi salt kas yapan şınav çeken biri değilde etten kemikten bir insan olarak görüyorsanız bu filmi çok beğeneceksiniz..........",mutluluk,üzüntü,0.9802,winvoker
tamamen boş ve sıkıcı !,üzüntü,öfke,0.9802,winvoker
Dışarısı çok güzel. Keşke güneş bu kadar sürekli alçakta olmasaydı.,mutluluk,sevgi,0.9802,goemotions_tr
Sosyalizmin potansiyelini tam olarak kullanma amacıyla mı?,nötr,şaşkınlık,0.9801,winvoker
Sadece 27 mi? Lol,mutluluk,şaşkınlık,0.9801,goemotions_tr
"çok beğendim ürünü. sorunsuz çalışıyor. eşime hediye almıştım 3 gun once. dokunmatik ekran cok iyi, ses gayet başarılı. diğer telefonumla senkronizasyon gayet başarılı. pil ömrü konusunda birsey diyemiyorum daha cok yeni cihaz. gorecegiz zamanla. tavsiye mieder sin derseniz evet gönül rahatlığı ile satın alınabilir.",üzüntü,mutluluk,0.9801,mteb_product
Başarabilirsin kızım! Sana inanıyorum! :),mutluluk,sevgi,0.9801,goemotions_tr
guzel kullanıslı sık bır ürün  tostuda cok lezzetlı ızgarasıda  makınayı ıstedıgınız yukseklıkte acabılıyorsunuz kulpuda kullanıslı kısaca cok begendık herkese tavsiye ederım tesekkurler.,üzüntü,mutluluk,0.9801,mteb_product
"Bunun sürgüne gireceğini düşünüyorum, değil mi? Hapishanelerin/mahkumların bir şekilde kendi kendine yeterli olması önemli mi sizce?",nötr,şaşkınlık,0.9801,goemotions_tr
"Christopher Nolanın Batman serisine el atmasına başından beri karşıydım. Eski seriye bayıldığımdan felan değil, keza Batman hayranı biri olarak Tim Burton ve Joel Schumacherin çektiği filmleri vasatın altında bulmuştum. Karşıydım çünkü Nolan gibi bir dehanın daha zekice, daha insanı afallatan projelerin başında olması gerektiğini düşünüyordum. Batman Begins beklediğimin biraz üstünde olmasına rağmen, bana göre Nolanın en kötü filmlerinden biriydi. The Dark Knightı tam anlamıyla bir beklentisizlik içinde izledim. Film bittiğinde ise tüm düşüncelerim değişmiş, Nolanın ne kadar eli öpülesi bir insan olduğunu bir kez daha anlamıştım. The Dark Knight önceki Batman filmlerinden çok daha farklı. Öncelikle klasik çizgi roman superhero havası yok. Batman aynı bizim gibi bir insan; kararsızlıkları, çelişkileri var, kendini geliştirmeye çalışıyor. Son yıllarda Hollywoodda yer alan süper kahramanlar gibi şaşalı değil. Dünyayı kurtarayım köşeme çekileyim havası da yok. Christian Bale büyük iş çıkartmış yine. George Clooney ve Val Kilmerı zaten saymıyorum, Michael Keatonı adeta ezmiş geçmiş; göründüğü, konuştuğu her sahnede çizgi romandaki Bruce Wayne tadını yakalamış. Jack Nicholsonun oynadığı Joker karakterinin yerini tutmak çok zor gözüküyordu lakin Heath Ledger tapılası bir joker kimliği yaratmış. Heath Ledger olayı gerçekten aşmış, bitirmiş. Jack Nicholsondan daha iyi bir joker kesinlikle beklenen bir şey değildi. Sadece daha iyi olmakla kalmamış, çok daha farklı bir joker çizgisi yakalamış Ledger. Bu yeni joker çok daha korkunç, çok daha sadist. İmgesel olarak da Nolan anlatmış bu durumu aslında. Jack Nicholsonın jokerinin yüz kasları asit yüzünden her daim gülme pozisyonundaydı. Heath Ledgerın jokeri ise ağız kenarlarındaki yaralar nedeniyle gülüyor gibi gözüküyor. Ürpertici, anarşist bir joker. Bunların dışında film, bir çizgi roman uyarlamasındansa, temponun bir an bile düşmediği bir thriller havasında. Kurgusuyla, ışığıyla, senaryosuyla dört dörtlük denilebilir. Gidin görün, tadını çıkarın derim.",mutluluk,üzüntü,0.98,winvoker
Hayır. İrlanda şimdi o iki turu kaybedecek. Dünya adil değil,üzüntü,öfke,0.98,goemotions_tr
Bu haberlere konu olan binlerce kişinin hepsine test yapılıyor mu merak ediyorum.,mutluluk,şaşkınlık,0.9799,winvoker
En azından Alex için .,nötr,sevgi,0.9799,winvoker
"Hükümeti gazileri kasıtlı olarak öldürdüğü için suçlamak istesem de, tembellik ve aptallıktan başka bir şey söylemeyeceğim.",nötr,öfke,0.9799,goemotions_tr
gerçekten çok güzel bir kitap herkese tavsiye ediyorum.içimdeki beni keşfettim...içimdeki aşkı keşfettim...elif şafakı ilk defa okudum ama bundan sonra yakın takipçisiyim.,üzüntü,mutluluk,0.9798,mteb_product
bu paraya daha iyisini almak mümkün olmaz sanırım. oyun için uygun değil. bolca yazı yazıyorsanız hiç düşünmeyin.,mutluluk,üzüntü,0.9798,winvoker
ürün anlatıldığı gibi fakat paketleme resimde görüldüğü gibi değil 2li  paketleme yapılmış bu yüzden yer kalabalığı yapıyor.,mutluluk,üzüntü,0.9797,winvoker
telefonun kasa daha kaliteli olsaymış iyi olurmuş. tabi bunu bilerek alıyoruz. bunun dışında kulaklık çok kötü. az ses vermesinin dışında başka bir kaynaktan dinlediğinde daha da az ses veriyor.,mutluluk,üzüntü,0.9797,winvoker
"Çok uzun zamandan beri bu filmi bekliyordum.Açıkçası beklediğime deydi diyemem genel anlamda güzel olmasına rağmen 2. filme göre biraz vasattı.3 filmi sıralamam gerekirse 2,1,3 derim.",mutluluk,üzüntü,0.9797,winvoker
"suyu çabuk kaynatıyor.görünüşü iyi,kablosuz olduğu için kullanması rahat.taban kısımında da açma kapama düğmesi olması iyi.hepsiburadanın kargoları ayrı göndermesi hizmetinden de memnun kaldım.bu ürünü hemen gönderdiler.kampanyalı fiyatı da uygundu.",üzüntü,mutluluk,0.9797,mteb_product
dolmuşta ilkokul arkadaşımı gördüm kızın saçları sarı fönlü felan makyaj o biçim ben hala sabah kalınca yüzümü yıkamaya eriniyorum,mutluluk,üzüntü,0.9797,winvoker
"İnsan yüzleri oldukça esnektir, değil mi?",nötr,şaşkınlık,0.9796,goemotions_tr
Alfred’in bana göre en iyi filmi 'sapık'tırBu filmin son sahnelerini beğenmedim.Konu tamamen özgün.Gerilim ise çekildiği dönemi baz alırsak çok iyi.Film sadece konusuyla bie başyapıt.,mutluluk,üzüntü,0.9796,winvoker
Birisi bunu yavaş çekimde çekebilir mi?,nötr,şaşkınlık,0.9795,goemotions_tr
açma-kapama düğmesi yok ve alt ışık yok bu tip şeyleri sorun edeceklere uygun değil.,mutluluk,üzüntü,0.9795,winvoker
Komünistlerden solculardan demokratlardan milliyetçilerden sonra liberal İslamcılar da zamanla mollaların hedefi oldu,mutluluk,nötr,0.9795,winvoker
Bu adamlara acıyorum. Başı dertte olan eski askerlere yardım edebilmek isterdim.,üzüntü,sevgi,0.9794,goemotions_tr
"gerilim dozu asiri olan bir film.en azindan senaryosu falan degisik.filmin bitisini,sanki devami çekilecek gibi birakmislar.umarim devami gelir..",mutluluk,üzüntü,0.9794,mteb_movie
kargo ve teslimat gayet başarılı.,üzüntü,mutluluk,0.9794,winvoker
açıkçası alırken fiyatı ve markası sebebi ile  tereddütlüydüm ama beklediğimden çok daha güzel...elime ulaştığı gibi ızgara yaptım ve sonuç harikaydı...çok memnun kaldım herkesede tavdiye ederim....,üzüntü,mutluluk,0.9794,mteb_product
onun oldukça ortalama olduğunu kabul ediyorum ama ona cevap verdiğim adam ona çirkin diyordu ki bu bana oldukça saçma geliyor,mutluluk,tiksinti,0.9794,goemotions_tr
"Evet, şimdi onun ekmeğine yağ sürüyorsun. Tüm yorumlarını birbirine bağlarsan, onun tacizle ilgili şikayetini meşrulaştırırsın.",nötr,öfke,0.9793,goemotions_tr
Teşekkür ederim! Sanatını arayacağım. Bu arada Faces of Death veya Traces of Death'in ne olduğunu bilmiyorum,şaşkınlık,sevgi,0.9793,goemotions_tr
bu filme 10 puandan aşağı not veren heralde hiçbir filme 10 vermiodur bu kadar sölüorum..................,mutluluk,üzüntü,0.9793,winvoker
Bunun ne olduğunu bilmiyorum bu yüzden umursamıyorum... beni alkışlarken duyamazsın,nötr,öfke,0.9792,goemotions_tr
Discord'un adı ne?,nötr,şaşkınlık,0.9792,goemotions_tr
Bayıldımmmm,mutluluk,sevgi,0.9792,winvoker
Kendinize iyi davranın!,nötr,sevgi,0.9792,goemotions_tr
Sinema sektörümüz nereye koşuyor? Biri bana açıklayabilir mi?,üzüntü,şaşkınlık,0.9792,winvoker
Ortadaki çocuk Friends dizisinde [İSİM]'in [İSİM] adlı çocuğunu oynamamış mıydı?,nötr,şaşkınlık,0.9792,goemotions_tr
Tam olarak neye dayanarak. Amerika'nın neye bu kadar değer verdiğini gerçekten merak ediyorum?,nötr,şaşkınlık,0.9791,goemotions_tr
"Türkiye'nin ilk deniz seyir füzesi """"Atmaca"""" 200 kilometrenin üzerindeki hedefi başarıyla vurdu.",mutluluk,nötr,0.9791,winvoker
Yani vergisini ödeyebilmek için çalışan vatandaşlarınızdan cebinize giren 490 avroyu mu kastediyorsunuz?,nötr,şaşkınlık,0.979,goemotions_tr
Adını keşke &quot;Hür Sosyalist Adam&quot; koysalarmış.,üzüntü,sevgi,0.979,winvoker
10 dakika içinde saçlar dümdüz oluyor ??,mutluluk,şaşkınlık,0.979,winvoker
ürün tanınmış kaliteli bi ürün,üzüntü,mutluluk,0.979,winvoker
Sebahattin Zaim İlkokulu Durağı yol çalışması nedeniyle kapalı olduğundan araçlar Avcılar yönünde Rıfat Ilgaz Caddesi Durağı' ndan sonra güzergahtan çıkıp Eğitim Uygulama Okulu Durağı' ndan güzergaha girer.,mutluluk,nötr,0.979,winvoker
Ürün güzel ancak faturası elime ulaşmadı.Ayrıca kutu üzerindeki garanti belgesi firma tarafından onaylanmamış,mutluluk,üzüntü,0.979,winvoker
Bana havlama soytarı,üzüntü,öfke,0.979,winvoker
"Yazdıklarımı garipseyenler olabilir. Züğürt ağa gibi bir filme, dünyanın en iyi aktörlerini getirseniz (george clooney, jack nicholson, russel crowe, bruce willis, al pacino, richard gere vs. vs.) kesinlikle şener şen in gösterdiği performansı gösteremezdi. Kulvarları farklı diyebilirsiniz. Ama Şener Şen gibi bir ustanın holywood filmlerinde göstereceği performansı da bir düşünün. Bana göre Züğürt Ağa Türkiye nin en iyi filmi. Şener Şen de dünyada gelmiş geçmiş en iyi aktörlerden birisi.",mutluluk,üzüntü,0.979,winvoker
İyi yaptın dostum.,mutluluk,sevgi,0.979,goemotions_tr
yapay zeka gibi bir film varken daha yüksek puan veremedim :) gerçi yapay zeka dan eski film ama olsun,mutluluk,üzüntü,0.9789,winvoker
Onu gerçekten sinirlendirmek için kasık kıllarını örmelisin,nötr,öfke,0.9789,goemotions_tr
Doğru biliyorum! Sinirlendim ve sonra kendimi suçladım çünkü o gök gürültüsünden korkuyordu ve ben yokken fırtına çıkmıştı.,öfke,korku,0.9789,goemotions_tr
kitaptan bazı karakterleri çıkarmışlar ve bazı olaylar biraz daha farklı gelişiyo.kitabı okuyan biri olarak pek beyenmedim.,mutluluk,üzüntü,0.9789,winvoker
Lanet olsun sana [İSİM]!,nötr,öfke,0.9788,goemotions_tr
ürünün verdiği ses kalitesi bircok piyasada bulunan kulaklıktan iyi. fiyat kalite ortalaması güzel. tavsiye edebileceğim bir ürün teşekkürler hepsi burada ailesine.,üzüntü,mutluluk,0.9788,mteb_product
kitap elime çok hızlı ulaştı bu konuda teşekkür ederim mükemmel notunu veririm.,üzüntü,mutluluk,0.9788,winvoker
"En seksi değil, cinsiyetçi dedi.",nötr,öfke,0.9788,goemotions_tr
Evet keşke konferansta her yıl 9. olabilseler,mutluluk,sevgi,0.9787,goemotions_tr
Güzel. Umarım bu insanlara biraz adalet getirilir.,mutluluk,sevgi,0.9787,goemotions_tr
harika teşekkürler,mutluluk,sevgi,0.9787,winvoker
Umarım [İSİM]'i bir şeyle takas ederiz de [İSİM]'i daha iyi bir takımda destekleyebilirim.,mutluluk,sevgi,0.9786,goemotions_tr
"Üçleme içinde, en sevdiğim bölüm...",mutluluk,sevgi,0.9786,winvoker
Ve çorap kuklaları. Vay canına. Sizden çıkan hiçbir şey iyi niyetli değil.,mutluluk,öfke,0.9786,goemotions_tr
[NAME] ve [NAME] şu anda bizi izlemeniz için tek neden. Doğum günün kutlu olsun!,mutluluk,sevgi,0.9786,goemotions_tr
"Yani, eğer çürümüş bir yiyecekse, özellikle de meyve, çeşitli etlerle ve belki biraz deniz ürünüyle karıştırılmışsa, çok kötü bir koku yayılabilir.",nötr,tiksinti,0.9786,goemotions_tr
eğer fiyatı 5 tl olsaydı harika bir ürün diyebilirdim...,üzüntü,mutluluk,0.9786,winvoker
Yani evlendiğimde eşim böyle görünürse çok mutlu olurum.,mutluluk,sevgi,0.9786,goemotions_tr
"Yani, [İSİM] ile de uğraşmak zorundaydı! O bunu hak etmiyor...",nötr,öfke,0.9785,goemotions_tr
ürün biraz küçük.fiyatına göre metal yapmışlar.yüksek kalite beklemeyin.ancak ambalaj kutusu çok başarılı.anahtarlık halkası anahtarlıktan büyükce duruyor.bu da görsel ve kullanım olarak hoş durmuyor.ben halkayı küçük bir halkayla değiştirerek çözüm buldum.ayrıca logo orjinal durmuyor.,mutluluk,üzüntü,0.9785,winvoker
aglatir dügümler acitir fena yapar. cinsiyetin erkekse tek basina izle erkekler aglamaz.,mutluluk,üzüntü,0.9785,mteb_movie
Garsonları severim. Harikalar değil mi?,mutluluk,sevgi,0.9785,goemotions_tr
1- logitech olması. yani kaliteli bir ürün. 5+1 hoparlör desteği olan bilgisayarınız varsa ürünün gerçek performansını görebilirsiniz.,üzüntü,mutluluk,0.9784,winvoker
Erdem göstermeyi bırakın.,nötr,öfke,0.9784,goemotions_tr
güzel ve kullanışlı bir makina. bu makinayı almadan önce birçok marka üzerinde araştırma yaptım. aynı özellikleri taşıdıktan sonra neden daha fazla ödeyelim ki! ayrıca 58 dakikada yıkama özelliğide artısı.,üzüntü,mutluluk,0.9784,mteb_product
[İSİM] [İSİM] Eğer o seni korkutmazsa Hiçbir kötü şey seni korkutamaz...,nötr,korku,0.9783,goemotions_tr
"Lol, sana iyi şanslar evlat.",mutluluk,sevgi,0.9782,goemotions_tr
Umarım iyi bir doğum günü oyunu alır...,mutluluk,sevgi,0.9782,goemotions_tr
"yorumlara güvenerek anneme aldım, 24 saat bile geçmeden kargoya verildi, inşallah memnun kalırız. hepsi buradaya bazen çok kızıyorum ama yinede senelerdir vazgeçemedim, resmen bağımlılık yaptı bana, bütün çeyizimi burdan aldım diyebilirim.",üzüntü,mutluluk,0.9781,mteb_product
Wilpon'ların ölmesini umuyorum.,mutluluk,sevgi,0.9781,goemotions_tr
"arkadaş için sipariş ettik, geldi kurduk şimdilik iyi çalışıyor. bir sorun vermedi, görünüşü de şık sayılır, fiyatına görede gayet iyi sayılır",üzüntü,mutluluk,0.9781,mteb_product
O... Ekran görüntüsündeki bir adama cevap verdi... Bu tamamen saf aptallık.,nötr,öfke,0.978,goemotions_tr
"Ama öyle değil ve bunun göç sorununa makul bir çözüm olduğunu söylemek, bunun doğru olmasını ne kadar isteseniz de saçmalıktır.",nötr,öfke,0.978,goemotions_tr
"öncelikle farın aydınlatma gücü oldukça yüksek, karanlık yollarda vs çok etkili. montaj sonrası görünüşü de fiyatıyla kıyaslandığında kesinlikle başarılı..",üzüntü,mutluluk,0.9779,winvoker
[İSİM]'in kulübesi miydi o?? ahhh bu beni çok mutlu etti. O çocukları seviyorum e: oh bu bir toparlanmaydı,şaşkınlık,sevgi,0.9779,goemotions_tr
"Flimden sıkılmak mümkün diil ,flim boyunca tempo hiç düşmüyor.İlk başta aksiyon ve dram gibi başlasada 15. dk'dan sonra komediye dönüşüyor.Değişik bir konu ,kesinlikle izlenebilir ancak finali hoş olmamış.",mutluluk,üzüntü,0.9779,winvoker
Hiç tanışmadığınız ve sadece televizyondan tanıdığınız birinin ölümünü dilemek. Güzel,nötr,sevgi,0.9779,goemotions_tr
Mutlu yıllar!!!!,mutluluk,sevgi,0.9779,goemotions_tr
ses düşük .sessiz değil az sesli.,mutluluk,üzüntü,0.9778,winvoker
Sana [İSİM] demedim. Nazi benzeri ifadeleri kullanman son derece yüzeysel.,nötr,öfke,0.9778,goemotions_tr
Ne zaman olmuştur?,nötr,şaşkınlık,0.9777,winvoker
bu film şimdi pazar gecesi yayınlaanan arka sıradaklerden çalın tı:D,mutluluk,üzüntü,0.9777,winvoker
Yazık ki ona eşlik edecek bir SC-00-BY birimi eklemediler,nötr,utanç,0.9777,goemotions_tr
Ben bunların motorlu taşıt kazaları olduğunu sanıyordum.,nötr,şaşkınlık,0.9777,goemotions_tr
Aile olacağız. [NAME]'in tadını çıkarın. O harika bir çocuk ve çılgınca yüksek bir tavanı var.,mutluluk,sevgi,0.9776,goemotions_tr
"ya sinema izleyicisinin büyük bir kısmı izleyeceği filmleri öylesine seçiyor galiba. bu filmi, o fantastik ve şiirsel sahneleri büyülenmiş bir şekilde izlerken salonun bir kısmı bu da ne diye kahkalarla gülüyordu. daha önce bir film izlerken bu kadar sinirlendiğimi hatırlamıyorum. adamların ne tür bir film izlemeye geldikleri hakkında en ufak bi fikirleri yok. bide gülüp alay ederek, türk filmi gibi ya diyerek kendi cahilliklerini ortaya koyduklarının ve filmi gerçek anlamda izlemek isteyen insanlara saygısızlık ettiklerinin farkında değiller. lütfen biraz daha dikkat....",mutluluk,üzüntü,0.9776,winvoker
Gerçek mutluluğun nasıl bir his olduğunu hatırlamakta bile zorlanıyorum,üzüntü,şaşkınlık,0.9776,goemotions_tr
"Vay canına, mısır sipariş eden [NAME] adında bir kuzenim vardı. Çok hoş bir bayan, 2 yıl önce öldü. Onu özlüyorum xoxo",mutluluk,sevgi,0.9776,goemotions_tr
"Kahretsin, ama annemi özlerdim. Yine de cennetinde çok mutlu olurdu. Geri kalanımız partileyebiliriz.",öfke,sevgi,0.9775,goemotions_tr
"görsel ve işlevsel olarak fena değil. bence tek kusuru, ki önemli olduğunu düşünüyorum, kahveyi sadece belli bir süre sıcak tutması, daha sonra altındaki ısıtıcıyı kendisi kapatıyor ve eğer haznede kahve varsa soğuyor...",mutluluk,üzüntü,0.9775,winvoker
"Kurtları uyandırmadan önce bu gönderiyi silin. [NAME]'in [NAME] ve [NAME]'den etkilenmesi sorun değil, tersini söylemek sadece aptallıktır.",nötr,öfke,0.9775,goemotions_tr
Burada başkaları için farkındalığınızın hayranıyım. Bu alt bölümün son zamanlarda buna daha çok ihtiyacı var.,mutluluk,sevgi,0.9775,goemotions_tr
[NAME]: [NAME] yeğeniniz [NAME]: Bu babanız ve kardeşinizle mi ilgili?,nötr,şaşkınlık,0.9775,goemotions_tr
"[İSİM] daha fazlasını ver, [İSİM] daha fazlasını. ""[İSİM] sana bütün bu parayı kazandırıyor ve sen onun hakkında tek yaptığın saçma sapan şeyler söylemek.""",nötr,öfke,0.9774,goemotions_tr
"bu üründen eşime aldım, gayet kullanışlı, tefal ütümüz bozulduğu için bu ütüyü aldık, kablosu 3 mt uzunluğunda, bu yüzden kullanırken ara kabloya ihtiyaç kalmıyor. tefal ütünün kablosu kısa idi. fiyatına göre iyi ürün. sipariş 2 gün sonra elime ulaştı.",üzüntü,mutluluk,0.9774,mteb_product
"4-6, 6-4, 3-all, deuce. Bu daha yakın olabilir mi?",mutluluk,şaşkınlık,0.9773,goemotions_tr
fırçanın yedeği olmaması kötü,mutluluk,üzüntü,0.9773,winvoker
NP.bu sadece müzakerelerin 1. turu. Sana seks için hiçbir umut olmadığını söyleyerek elindeki kozları çöpe attı.,nötr,öfke,0.9773,goemotions_tr
"1- dikisler cok kaliteli degil, ozellikle detaylara takintiliysaniz kol dayamalari kullanmak bile istemeye bilirsiniz.",mutluluk,üzüntü,0.9773,winvoker
2- ürün özelliklerinde herşey doğru  +,üzüntü,mutluluk,0.9773,winvoker
Çok çalışmaktan yoruldum ve uyumam için bana sarılacak birini istiyorum,korku,sevgi,0.9773,goemotions_tr
Saatlerce hareketsiz kalmak mı? Evet. Eve gitmem 7 saatimi aldı,nötr,şaşkınlık,0.9772,goemotions_tr
"Aman Tanrım, etsy'deki yan iş. Bunu yapmak için zamanım var ve beni çok mutlu ediyor",mutluluk,sevgi,0.9771,goemotions_tr
Sonunda arkadaşımın bekarlığa veda partisini nerede yapacağımı biliyorum.,mutluluk,şaşkınlık,0.9771,goemotions_tr
Fakat yeterli gücü var mı?,nötr,şaşkınlık,0.9771,winvoker
kulaklık ses düzeyi fena değil çok profesyonel değil ama iş görüyor.,mutluluk,üzüntü,0.9771,winvoker
"Kraken iskeleti veya benzeri bir şey olan mor olanlar mı? Evet, bunlar Cursed Sails kampanyasındandı ve artık mevcut değiller.",nötr,şaşkınlık,0.9771,goemotions_tr
3. ürün biraz ağır ve gürültülü olması.,mutluluk,üzüntü,0.9771,winvoker
"her gün az bir şey çalışın vücudu harika topluyor,75 kiloyum gayet iyi,kanatlar ve triepsler süper oldu ,unutmayın günde bir set",üzüntü,mutluluk,0.9771,winvoker
ürün çok iyi fakat hepsiburada.com un paketlemesi gerçekten çok özensiz ve kötüydü.,mutluluk,üzüntü,0.977,winvoker
hayatımda izledigim en güzel film kesinlikle izleyin tavsiye ediyorum,üzüntü,mutluluk,0.977,winvoker
Kaybınız için çok üzgünüm ve annenizin boktan tepkisi için daha da üzgünüm. Umarım daha iyisinizdir. â‌¤ï¸ڈ,üzüntü,sevgi,0.977,goemotions_tr
Glastonbury'deki Min Gung'da da yiyebildiğiniz kadar suşi var. Her zaman iyi vakit geçirirsiniz!,mutluluk,sevgi,0.977,goemotions_tr
Bunlar [İSİM] olanlardan [İSİM] daha kötüdür,öfke,tiksinti,0.9769,goemotions_tr
"Evet, yine uygun koçluk eksikliği. [NAME]'i kaçırmış olmamız üzücü.",üzüntü,utanç,0.9769,goemotions_tr
FiLmi izLemeden önCe yoRumLara baKma aLışkanLığım yüZünden hem GerekSiz biR bekLenti içine Girdim hem de düşünCesizCe yapıLmıŞ biR yoRum nedeniyLe FiLmin GidiŞatını önCeden tahmin etti?im için yeteRince ZevK aLamadım. bu oLumsuzLukLar biR kenara bırakıLırSa müKemmeL KateGorisine Giren biR fiLm oLduğunu SöyLeyebiLirim. Ama biR nebze AbartıLmıŞ. PuanLama SistemiyLe KarşıLaştıRaCak oLurSak benim puanım 8,mutluluk,üzüntü,0.9769,winvoker
ürünü kullandım.menmunum herkese tavsiye ederim,üzüntü,mutluluk,0.9769,mteb_product
Yüzünden ne kadar üzgün olduğu anlaşılmıyor mu?,üzüntü,şaşkınlık,0.9769,goemotions_tr
-tüm telefonlar için uyum sorunu olabilir mi?,mutluluk,şaşkınlık,0.9769,winvoker
[İSİM] hız ve iyi şanslar.,mutluluk,sevgi,0.9769,goemotions_tr
Bu film nasıl meşhur olmaz? Ben neden bu kadar geç izledim? arkadaşlar bu filmi izleyin.Hep güldürdü ama... Bir sahne ki o sahne izleyenler bilir beni benden etti.Ve hatıma da yön verdi.,mutluluk,üzüntü,0.9768,winvoker
ürün gercekten zarif ve güzel bi ürün cayseverelere tafsiye ederim.alalı bikac gün oldu suan memnunuz.hepsiburada dan bü ürünü bu fiyata almak muadillerine göre cok cok iyi,üzüntü,mutluluk,0.9768,mteb_product
hala tereddüt mü ediyorsunuz ?,mutluluk,şaşkınlık,0.9768,winvoker
"marka diyerek pahalı aldığım ürünleri köpeğimin (golden 2 yaş) çok nazlanarak mecburiyetten yemesi hepimizi üzüyordu. hepsi burada, kendi adına özel yaptırıyorsa güvendikleri bir keramet vardır herhalde deyip almıştım.",mutluluk,üzüntü,0.9767,winvoker
Ona sopayı ver. Ona sopayı verme!,nötr,öfke,0.9767,goemotions_tr
Ve futbol! Umarım...,mutluluk,sevgi,0.9767,goemotions_tr
"Kötü bir zevkim olabilir, bu pastayı isterim",tiksinti,sevgi,0.9766,goemotions_tr
Yani ne istiyorlardı?,nötr,şaşkınlık,0.9766,winvoker
Buna bayıldım.,nötr,sevgi,0.9766,goemotions_tr
rondo amaçlı alınacaksa inanılmaz şık ve güzel bir ürün.ben çırpıcısı için satın aldım.kek vs karıştırılması mümkün değil sadece yumurta akı ws çırpılabilinir.kek vs için ayrıca mixeriniz varsa tercih edilebilir.,üzüntü,mutluluk,0.9765,winvoker
[NAME] orada [NAME]'i çekmek istedi! İyi geri dönüşler!,mutluluk,sevgi,0.9765,goemotions_tr
sana aşığım,mutluluk,sevgi,0.9765,winvoker
"Ben [DİN] ülkesi Türkiye'den yasal yollarla göç etmiş bir ebeveynin oğluyum, o yüzden hayır teşekkürler eşek.",öfke,sevgi,0.9765,goemotions_tr
türklerin yaptigi filmleri elestirirken ne kadarda acimasiziz.kendimizi dünya siralamasna yine biz sokmuyoruz farkinda degiliz.mükemmel film iste bu insanlar enayimi neden o kadar izlendi kötüyse.neden sinema salonlarinda salya sümük agladi herkes.yapmayin komiklesmeyin..,mutluluk,üzüntü,0.9764,mteb_movie
[İSİM] büyükannesine neden bu kadar yakın olduğunu açıklıyor.,nötr,şaşkınlık,0.9764,goemotions_tr
Dr. Serdar Savaş Cumhurbaşkanlığı’na adaylığını açıkladı,mutluluk,nötr,0.9764,winvoker
Olayı bitirmişler izlemeyen çok şey kaybeder...,mutluluk,üzüntü,0.9764,winvoker
ayıp ediyoruz,mutluluk,utanç,0.9764,winvoker
"boks filmlerini pek sevmem ama bu filmde insani dusunmeye surukluyen,boks disinda cok sey var.milyon dolarlik bebegi seyretmistim cok sıkılmıstım filmden.her ne kadar senaryo gercekte yasanmis olsada film sadece bir karaktere bagliydi.ama cindrella man toplumsal bir film yani ana karakter amerikanin kotu donemlerindeki halki yansitan bir boksor.bir boksor olmasaydi da bir marangoz canlandirsaydilar pek birsey degismezdi filmde.boks olmasi ayri bir heyecan katti filme,kotu hayat sartlarina karsi dayanikli ve cesur olmak acisindan.yaklasik iki bucuk saat boyunca suren filme adeta e kilitlendim.bence bu filmi, herkes seyretmeli.",mutluluk,üzüntü,0.9764,winvoker
Didimturla her yere giderim. Her yönü ile sevdim sadece animasyonunu sevmedim. Hep yabancılar akarsı. Bizlerinde eğlenmesi gerelirdi. Torunum vardı benim torunum ile ilgilenilmedi. *** bey vardı sanırım memnun kalmadım.,mutluluk,üzüntü,0.9764,winvoker
yukarıda bu filmin izleyenlerin film görüşünün kısıtlı olduğuna dair yorum yapan şahıslar gördüm. ne kadar çirkin bi yorum. insanların beğenilerinin sizin istediğiniz yolda olması şart değil bunu unutmasın hiçkimse ve testere bir efsanedir öyle de olmaya devam edecek ve eminim bu son bölüm olacak ve herşey tadında kalacak. izlemeyenleri zorla kolundan tutup kafasına silah dayayıp sinmemaya götürdüğümüz yok istemeyen izlemesin kardeşim ama çamurda atmasın insanı cinnete getirmeyin. siz gidin evde dizi izleyin!!!,mutluluk,üzüntü,0.9763,winvoker
avatardan aşağı olan bir film olduğunu sanmıyorum,mutluluk,üzüntü,0.9763,winvoker
Dillerin bir suçu yok .,nötr,öfke,0.9762,winvoker
fena deği̇l takst i̇mkani olduğu i̇çn uygn bana sorarsaniz bu si̇te alişveri̇ş i̇çi̇nn süper  tesekkürlerr .ena deği̇l takst i̇mkani olduğu i̇çn uygn bana sorarsaniz bu si̇te alişveri̇ş i̇çi̇nn süper  tesekkürlerr .,üzüntü,mutluluk,0.9762,winvoker
tek kelimeyle &quot;muhteşem&quot; daha doğrusu manyak olmuş:D,üzüntü,mutluluk,0.9762,winvoker
"> Hiçbir temeli olmayan tek bir inceleme bombalaması söyleyin, size meydan okuyorum. Bu oldukça kolaydı.",nötr,öfke,0.9761,goemotions_tr
4. ön kamerası çok kötü. selfie'ye düşkün olanlar için sıkıntı olabilir.,mutluluk,üzüntü,0.9761,winvoker
makineyi satıcıda gördüm fiyatıda aynıydı inceledim bayağı kullanışlı bir makine .isterseniz ketıl olarakta kullanabiliyorsunuz.ayrıca kahve yapmayada yarıyor ama en güzeli bitki çyları için olması,üzüntü,mutluluk,0.976,mteb_product
"ürünü 3-4 gündür kullanıyoruz.gayet iyi.su ısıtmak içinde kullanabiliyorsunuz.paslanmaz çelik olması güzel., 3-4 kişilik kahve yapabiliyor. sipariş verdikten iki gün sonra elimize ulaştı.hızlı ve sorunsuz bir şekilde teslim aldım.kargonun nerede ve ne zaman elinize ulaşacağını an be an takip edebiliyorsunuz.",üzüntü,mutluluk,0.976,mteb_product
"Lol, hayır, o takım nyxl ve arkadaşlarından başka bir şey değildi. Nyxl koçu ve çoğunlukla nyxl oyuncuları.",mutluluk,öfke,0.976,goemotions_tr
Benim de umudum kalmadı. İkimiz de defalarca denedik gibi görünüyor. Gerçekler ne zaman aklına geliyor?,üzüntü,şaşkınlık,0.976,goemotions_tr
belki beni tanımıyosun ama teşekkür ediyorum beni bana tanıttığın için...,mutluluk,sevgi,0.976,winvoker
filmin sonundaki müzikk hariika !!,mutluluk,üzüntü,0.9759,winvoker
çocuklar için ideal...,üzüntü,mutluluk,0.9759,winvoker
Çok saf gülümsüyorum :),mutluluk,sevgi,0.9759,goemotions_tr
Ürün gayet güzel ve kullanışlı. Klavyede on/off özelliği var.,üzüntü,mutluluk,0.9758,winvoker
Kaşarlı tost severim,mutluluk,sevgi,0.9758,winvoker
"Hikayenizi r/nice guys'a gönderin, bayılacaklar",mutluluk,sevgi,0.9758,goemotions_tr
Haklı orospu çocuğu.,üzüntü,öfke,0.9758,winvoker
Homeros un yazmış olduğu kitapta asıl kahtaman Prens Hector dur.Prens Hector ve Truva halkının türk soyundan geldikleri düşünülüyor.Kitaba göre Tanrı Zeus zaferi Hector Ve Truva halkına vermeye kararlaştırmışken Tanrıça Here ve Athene entrikalarıyla Hector un ölüm kararını vermiştir.Zeus un emri ile Hectoru koruyan Tanrılar savasşatn çelilmiştir.Akhilleus yanında Here ve Athene ile birlikte Hektorla savaşmış ve ancak Athenenın yardımlarıyla Hektoru öldürmeyi başarmıştır.Akhilleus Hector un ölüsüne yaptığı saygısızlık nedeni ile rivayete göre Paris tarafından tek yaralanabileceği yere toğuğuna ok atılmıştır...............Ayrıca Mustafa Kemal Atatürk Yünanlıları Denize dökerken Hector un öcünü aldım demiştir...,mutluluk,nötr,0.9757,winvoker
owww puanı çk yksek yaa arkadaşlar film güzelde 9.2 yi hakedecek kadar değil çk daha başarılı filmler var ama puanı az :S,mutluluk,üzüntü,0.9757,winvoker
her şey için teşekkür ederiz.,mutluluk,sevgi,0.9757,winvoker
Ve bir argüman sunarken f bombasını atmanın hiçbir nedeni yok,nötr,öfke,0.9757,goemotions_tr
si̇pari̇ş verdi̇m 15 gün sonra kargoya veri̇ldi̇ tebri̇k ederi̇m mükemmel bi̇r başari,üzüntü,mutluluk,0.9757,winvoker
"Tutuklanmaya direndiğini iddia ettiklerinden oldukça eminim. Doğru hatırlıyorsam, polisler direndiğine karar verdiğinde kaldırımda huzur içinde oturuyordu.",öfke,şaşkınlık,0.9756,goemotions_tr
Aman Tanrım [İSİM] o filmi unutmuşum,üzüntü,şaşkınlık,0.9756,goemotions_tr
~~macri gato~~ Ayrıca Buthan'ı orada görmek güzel,mutluluk,sevgi,0.9756,goemotions_tr
"Lol ""alt seviyeler"". Çok tatlı",mutluluk,sevgi,0.9756,goemotions_tr
Bu adamın tutuklanması için bir emir çıkarıldığını veya belki de arabanın baştan beri çalıntı olduğunu düşünen başka biri var mı?,nötr,şaşkınlık,0.9756,goemotions_tr
"Yani temel olarak, [İSİM] üçlemesinin ST'den sonra gerçekleşeceğine dair bir söylenti var?",nötr,şaşkınlık,0.9756,goemotions_tr
"kurgu ve de senaryo bazında filmin artık kendini kanıtlamış yeni neslin en iyi yönetmenleri arasında gösterebileceğim Christopher Nolan'a yakışmayacak şekilde olmasının dışında,yinede özellikle artık senelerin efsanesi haline gelen ve de filmde de kendini her haliyle ''ben burdayım''şeklinde belli eden Al Pacino ustanın ve de genelde komedi filmlerinde görmeye alışık olduğumuz fakat bu filmdeki ''sapkın'' ve de''zeki'' katil karakterini oynayan Robin Williams'ın ve de yanlarında biraz çaylak kalsa da yinede oyunculuğunu ve de filmdeki karakteri baskın karakterlerin arasında ezdirmeyen oyuculuğuyla Hillary Swank'ın oyunculuklarıyla,çok ters olmasa da ilginç sonuyla ve de,tabii ki merak edilen sonuyla kendisini bence izlettirmeyi başaran bir film olmuş...ama bence bu filmin özellikle isminin ''Insomnia''yani ''uykusuzluk''olması bence saçma...çünkü filmde de gördüğümüz gibi Al Pacino'nun yaptıkları sadece uykusuzluğuna bağlanamaz...çünkü onun bence yaptığı vicdan muhasebesi...ama sonuçta dediğim gibi film türlerinin arasında özellikle etkileyici kadrosuyla ön plana çıkmayı başarabiliyor..ama daha bilinmedikler içeren senaryosu ve de daha iyi bir kurgu ile izleyiciyi hop oturtup hop kaldırabilirdi,daha büyük hatlarda gerilim çizgisini taşıyabilirdi...bu arada müziklerde gayet iyi...benim gibi daha yeni izlediyseniz boş bir zamanınız da vakit ayırabilirsiniz...",mutluluk,üzüntü,0.9756,winvoker
lol bu hiçbir şey değil. Kendimi haklı çıkarmak için reddit'e giriyorum,mutluluk,öfke,0.9755,goemotions_tr
bıçak tutucu pabucu sıkan alyanlar yalama oldu bir kaç kullanımda.,mutluluk,üzüntü,0.9755,winvoker
"bende anlamadım sarı_23.gerçi ağır yazdık heralde.ama arkadaşlar,seyretmeyenler..hayat bu film.tarz bu film.yaşam bu film...öğrenmek bu film...sıradanlık bu film...kısaca yaşam dövüş kulubü",mutluluk,üzüntü,0.9755,winvoker
"Bu sayının makul olduğunu düşünüyorum, ancak sayının neden önemli olduğunu anlamıyorum - burada ayrıntılı olarak açıklanıyor.",mutluluk,şaşkınlık,0.9755,goemotions_tr
[NAME]'den: IT ' SSPELLEDOUIJA Hoşça kal,nötr,sevgi,0.9755,goemotions_tr
"Korkunun karanlık işler yaptığını hiç farketmedim. Rüya, eh, tabii ki.",nötr,korku,0.9753,goemotions_tr
fiyatı ve kalitesi makul  bir cihaz. rahatlıkla işimizi görüyor. işimiz görsün diyorsanız fazlada para vermek istemiyorsanız ideal bir ürün. orta ve dar gelirli aileler için ideal bir cihaz. almak isteyenlere tavsiye ederim.,üzüntü,mutluluk,0.9753,mteb_product
"Kahretsin, sandalyeler artık birbirleriyle iletişim kurabiliyor mu? Yaşamak için ne zaman!",öfke,şaşkınlık,0.9753,goemotions_tr
Ben de aynı durumdayım. Beni ve takıntımı bilenler her zaman bana bunu söylüyor ve bu beni mutlu ediyor.,mutluluk,sevgi,0.9753,goemotions_tr
"Vay canına, Sevilla ile 3.lük için yarıştığımızı unutmuşum. Bu galibiyeti daha da önemli hale getiriyor!",mutluluk,şaşkınlık,0.9753,goemotions_tr
çok kötü bi film degil süper bi filmde degil eger korku filmlerinde iyilerden yanaysaniz izleyin derim filmin sonundaki tempolu sahnelerde çabasi .,mutluluk,üzüntü,0.9752,mteb_movie
*Kollarınızı ve bacaklarınızı her zaman aracın içinde tutun.*,nötr,sevgi,0.9752,goemotions_tr
lion king in benm hayatımda da cok büyük biyeri var... filmi ilk kez 2. snıftayken giitigm bi okul gezisinde izlemiştim ve okdr çok etkilenmiştim ki anneme nasıll anlattysam beni tekrar götürmüştü :)) ve şu anda bu filmi benim gibi hafızasına kazınan arkadaşlardan duymak çok güselll...,üzüntü,mutluluk,0.9752,winvoker
"film süper 300 spartalıyı izleyenler görmüştür çekimleri , kamera dönüşleri gladyatör e benzemiş garip :!!!",mutluluk,üzüntü,0.9752,winvoker
"Bunu başarmak için elinizden gelen her şeyi yaptığınız için ikinizi de alkışlıyorum. Üzgünüm, herhangi bir tavsiyede bulunamadım. İyi şanslar.",üzüntü,sevgi,0.9752,goemotions_tr
Bunu paylaştım ve şu ana kadar yorumlarda bana laf atılıyor lol,mutluluk,öfke,0.9751,goemotions_tr
"filmin sonu saçmalanmıştı ama filmin başındaki sonla uyuşmuyordu, herşey o kokuyu koklamasıyla değişiverdi, aslında filmin anlatmak istediği; katil işkence gördü ve öldürüldü fakat kokuyu kokladığı için kendinden geçti ve bizim film sonuna kadar izlediklerimiz hep katilin aklında olup bitendi,, bence yönetmenin vermek istediği bu olmalı yoksa böyle bir son olamaz ve olmamalı,,, eğer düşündüğüm gibiyse film 9/10luk bir film yok eğer düşündüğüm gibi değilse hiç düşünmek bile istemiyorum :D",mutluluk,üzüntü,0.9751,winvoker
"ürün çamaşırda iyi iş çıkarıyor. kokusu bize fazla keskin geldi. astım hastası ergen oğlum, kokusundan çok olumsuz olarak etkilendi.",mutluluk,üzüntü,0.9751,winvoker
"Tıpkısının aynısı fabrikasyon filmlerden izlemekten bıkan seyirciye ilaç gibi gelen bir film. Çok karanlık bir film ve izleyiciye perdede elde popcornla iyi vakit geçmeyi amaçlamıyor. Bu yüzden bu kitleyi memnun etmemesi gayet olağan bir durumdur. Onun dışında film işlenmemiş sayılabilecek bir konuyu çok iyi işleyen gerilim ögeleriyle yüklü çok iyi bir psikolojik drama filmidir. Saf sinemadır. 2 saatlik keyif arayanlar için tavsiye edilmez. Filmde aksiyon yok insanı mutlu hissettiren bir şey yok. Ciddi bir film bulanık ve kompleks adamlara önerilen bir film. Karışık da değil, gayet anlaşılabilir bir yapıda olduğunu düşünüyorum. Karşıtlıklar, bastırılmışlıklar, mükemmellik arayışı. Kısacası mükemmel.",mutluluk,üzüntü,0.975,winvoker
"gerçekten film ve anlattıkları ,yaşattıkları süper..insanın iliklerine kadar hissettiriyor.oyuncular süper herşey süper hiç bi filmde bu kadar ağlayıp etkilenmemiştim.ellerine sağlık emeği geçen herkesin...",üzüntü,mutluluk,0.975,winvoker
En son gördüğümde çok uzun zaman önceydi. Temel olarak LN olasılıksal yönlendirmeye gittiklerini duyurmadan önceydi.,nötr,şaşkınlık,0.975,goemotions_tr
"En sevdiğim reality şovları da var, Hell's Kitchen ve Survivor gibi.",mutluluk,sevgi,0.9749,goemotions_tr
bu ürün sesi çok fazla ama tasarruflu ve gayet şık tasarımlı almanızı öneririm.,üzüntü,mutluluk,0.9749,mteb_product
gonderi cok gecikti ama fiyati agir basiuor,mutluluk,üzüntü,0.9749,winvoker
ben kullanıyorum hiçde şikayetçi değilim gayet kullanışlı sorunsuz.avantajlı.4 progran.birazda şans işi.kullnmak isteyenlere tavsiye ederim.ödeme koşullarıda iyi.bütçesi iyi olan tabiiki daha üst modelleri alabilir.bütçeye göre tavsiye ederim.ihtiyacı olan hemen alabilir.,üzüntü,mutluluk,0.9749,mteb_product
ürünü 1.5 yıldır kullanıyorum. çok kullanışlı ve sağlam. ızgaraların kolayca çıkmasıda temizlemeyi kolaylaştırıyor. fiyat açısından ise hala en ucuz fiyat hepsiburadada,üzüntü,mutluluk,0.9749,mteb_product
"Raşomon[1] 1950 Japonya yapımı dramatik filmdir. Özgün adı Rash&333;mon olan film, Türkiyede sinemalarda, Sinematekte ve TRT televizyonunda gösterildikten sonra Mart 1992de 11. İstanbul Uluslararası Film Festivalinde de gösterime sunuldu (Festivaldeki gösterimde Raşamon ismi kullanılmıştır.)[2]Japon kısa hikâyesinin babası[3] olarak anılan Ry&363;nosuke Akutagawa (1892-1927)nın 1915 tarihinde yazdığı Rashomon ve Korulukta adlı iki kısa hikâyesinden uyarlanan filmi Akira Kurosawa yönetmiştir. Kurosawa aynı zamanda Shinobu Hashimoto ile birlikte filmin senaryosunu yazmış, ayrıca filmin kurgusunu da yapmıştır. Başlıca rollerinde Toşiro Mifune, Machiko Ky&333;, Masayuki Mori ve Takashi Shimuranın oynadıkları filmin siyah beyaz görüntülerini Kazuo Miyagawa çekmiştir.Akira Kurosawanın baş yapıtlarından biri olan 'Raşomon' aynı zamanda da Japon yönetmeni batı dünyasına tanıtan film olmuştur. Zaten batıda da filmin bazı yeniden çevrimleri yapılmıştır. Bunlardan en bilineni 1964 yılında Martin Rittin yönettiği Amerikan filmi The Outrage (Haydut)dir. Paul Newman, Laurence Harvey gibi ünlülerin rol aldığı bu Western filmi konuyu Japonyadan vahşi batıya taşımıştı.1951de uluslararası ilk gösteriminin yapıldığı Venedik Film Festivalinde film Altın Aslan ödülünü aldı. Aynı festivalde Akira Kurosawaya ayrıca 'İtalyan Film Eleştimenleri Ödülü' de verildi. 'En iyi film' dalında BAF ve 'en iyi sanat yönetimi ve dekor' dalında Oscara aday gösterilen Raşomon, 1952 yılında Sinema Sanatları ve Bilimleri Akademisinin onursal ödülüyle ödüllendirildi.Japonyada 1953 tarihinden önce üretilmiş her sinema filmi gibi 'Rashomon' da artık kamu malı olmuştur Oduncu (Takashi Shimura) çömelmiş, arkada solda hizmetkar (Kichijiro Ueda), sağda ise Budist Rahip (Minoru Chiaki) şehir kapısının altında.Rash&333;mon, kelime anlamı olarak Japoncada kale kapısı, hisar kapısı (veya şehir kapısı) anlamına gelmektedir. Özellikle Japonyadaki Heij&333;-ky&333; (Nara) ve Heian-ky&333; (Kyoto) şehirlerinin tarihi anıtsal güney kapıları bu adla anılırlar. Filmin çekimleri de günümüzdeki adı Nara olan Heij&333;-ky&333;daki şehir kapısında ve civarında gerçekleştirilmiştir.[5][6]Filmde biri oduncu, diğeri hizmetkâr, sonuncusu da Budist rahibi olan üç üzgün görünüşlü adam bardaktan boşanırcasına yağan yağmurdan kaçarak bu şehir kapısının altına sığınırlar ve burada cinayet ve ırza geçme suçundan yargılananan namlı bir haydut hakkında konuşmaya başlarlar ve olaylar geriye dönüşlerle (flashback) anlatılır. Yağmurdan kaçan oduncu ve Rahibin sığındıkları kapı altında, haydutun yargılanmasını aktarmaları flashbackle verilirken, yargılama sırasında haydutun, samurayın karısının ve bir medyum aracılığıyla olanları aktaran samurayın ruhunun anlattıkları da tekrar flashbacklerle verilir. Yani burada flashback içinde flashback var",mutluluk,nötr,0.9749,winvoker
"Sen poli misin, yoksa sadece onun için mi polisin?",nötr,şaşkınlık,0.9748,goemotions_tr
titreşimi biraz zayıf geldi bana uyarılar için.,mutluluk,üzüntü,0.9748,winvoker
'Beni hayatımın çok tuhaf bir döneminde tanıdın...' 9/10,mutluluk,utanç,0.9748,winvoker
Tesisi tavsiye edersiniz ancak antalya çok sıcak çok bunaldık. 3 gün kaldık perişan olduk sıcaktan.,mutluluk,üzüntü,0.9747,winvoker
çok teşekkür ederim,mutluluk,sevgi,0.9747,winvoker
...ve paranoyaya ve yabancılara karşı nefrete meyilli.,nötr,korku,0.9747,goemotions_tr
hafıza yetersiz - i̇yiki msd card girişi var,mutluluk,üzüntü,0.9747,winvoker
"Radom seksine ihtiyacın yok, sana ihtiyacın olanı verecek bir adam bulacaksın. Sevgi, saygı ve iyi.. bilirsin işte..",mutluluk,sevgi,0.9746,goemotions_tr
Seni özledim...,üzüntü,sevgi,0.9745,goemotions_tr
Saz mı Caz mı?,nötr,şaşkınlık,0.9745,winvoker
Onları hak etmiyoruz ama burada oldukları için çok minnettarım ًں™ڈ,öfke,sevgi,0.9745,goemotions_tr
Ben de ondan hoşlanıyorum ama geçen sene onu kadro dışı bıraktığımızda [İSİM]'i kadro dışı bıraktığımızı düşünürdünüz.,mutluluk,sevgi,0.9744,goemotions_tr
ürünfena değil ancak barfiks için bizim kapılara uymadı..,mutluluk,üzüntü,0.9744,winvoker
ürün paketini açtığımda biraz küçük olduğunu düşünmüştüm. ancak kullanınca bel ve bacak seviyesinin ısıtılmasını fazlasıyla yeterli buldum. bütün yatağı kaplasa rahatsız edici olurdu.,mutluluk,üzüntü,0.9744,winvoker
Çok güzel söylemişsin.,nötr,sevgi,0.9744,goemotions_tr
"* kutusu çatlak geldi. kutu sadece ağırlıklar derli toplu dursun diye kullanılabilir, bir yere taşırken tamamen kırılacağını düşünüyorum.",mutluluk,üzüntü,0.9744,winvoker
i̇çinden çıkan kulaklık gerçekten çok kalitesiz,mutluluk,üzüntü,0.9743,winvoker
vay canına videoyu birkaç kez izledim ve hala şaşkınım,mutluluk,şaşkınlık,0.9743,goemotions_tr
Umarım çocuğunun terapisine yetecek kadar para kazanır.,mutluluk,sevgi,0.9743,goemotions_tr
Filmi fazla beğenmedim.Daha iyi bir film bekliyordum.Yine de izlenebilecek bir film.Ayrıca ’Konuş Onunla’ya hayran biri olarak onunla karşılaştırılamaz.,mutluluk,üzüntü,0.9743,winvoker
Adil olmak gerekirse mumble rap berbattır,nötr,öfke,0.9742,goemotions_tr
"Bu gece tavana çivi takma girişimim gözyaşları içinde, çivi hasarlı ve tavanın hala 2/3'ü kalmış halde sona erdi. Lanet olsun.",nötr,öfke,0.9742,goemotions_tr
"sinir bozucu vincent, nevrotik natalie ve tüm seksiliğiyle mila kunis. 10/8",mutluluk,üzüntü,0.9742,winvoker
beyler ben filmi korsandan izledim yani tom crus hayranı olmadıgım filmi önce korsanını aldım ve filmi izledim çekim berbattı ve sadece bir şey söyleyecem bu kötü görüntüye ragmen ön yargıya ragmen film bir harikaydı gerçekten ama filmi film yapan tom crus degil bence diger rollerin etkisi büyüktü,mutluluk,üzüntü,0.9742,winvoker
Bu şekilde devam et ve 30 yıl içinde rüyalarımı kontrol etmeme yardım et.,nötr,sevgi,0.9741,goemotions_tr
süpürge almayı düşünenler için diyebilirim ki arnica teslayı tercih edin. mükemmel süpürge hem de yerli....,üzüntü,mutluluk,0.9741,winvoker
"Bu filmle ilgili yorumların dengesizliği ve aradaki uçurum film dışında ayrı bir eleştiri noktası bence.. Kimisi paramı boşa harcadım, zamanım boşa gitti bile demiş. Fakat ben bu yorumları filmin tam anlaşılamamasına bağlıyorum. Bazı sahnelerin gereksiz olduğunu söyleyenler falan olmuş. Filmde bir insanın kendi içindeki psikoloji ile verdiği savaşı görüyoruz. Böyle bir filmde de soyut sahnelerin olması çok doğal. O sahnelere gereksiz dersek filmin anlamı kalmıyo zaten.. Bir de gerçek yaşamda kendi içimizde bu tarz bir savaş vermemişsek etkilenme oranımız düşüyor sanırım. Ama filmdeki oyunculuk ve verilen soyut savaşa görkemli bir final takdire şayan. Bence film oldukça başarılı...",mutluluk,üzüntü,0.9741,winvoker
Başka bir ortama mı?,nötr,şaşkınlık,0.9741,goemotions_tr
"aldım ve bir aydır kullanıyorum, fiyatına göre iyi, işimi görüyor, sorunsuz çalışıyor. fazla para vermeyeyim işimi görsün diyorsanız tavsiye ederim.",üzüntü,mutluluk,0.9741,winvoker
"filmi izledim ama izlemeden önce yorumlar biraz kafamı karıştırdı ama sonuçta herkesin zevkleri farklı bana göre film iyiydi ama senaryoyu fazla beğenmedim, bazen saçmalanmışlar genel olarak bakılırsa 7.5/10",mutluluk,üzüntü,0.974,winvoker
ürünü beğendim gayet kaliteli,üzüntü,mutluluk,0.974,winvoker
Alkole gelen son zamlardan sonra endüstriyel biyoteknolojideki ilgi alanım bilin bakalım hangi alana kaydı,mutluluk,şaşkınlık,0.974,winvoker
"Önce sizinkini, sonra onunkini ortaya koyun, sonra her ikinizin de birbirinizi sevgi olarak algılayacağı şekilde ifade etmenin yollarını bulmaya çalışın.",nötr,sevgi,0.974,goemotions_tr
kablo kaliteli ama mavi olduğu için sipariş vermiştim. siyah gelince büyük hayal kırıklığı oldu.,mutluluk,üzüntü,0.974,winvoker
"İlk adam? Sanırım o sadece [DİN] değil. Ateist olabilir, [İSİM], [İSİM]; birçok şey.",nötr,şaşkınlık,0.974,goemotions_tr
oldukça kullanışlı bir ürün sadece tost değil ızgarada yapabiliyorsunuz bu özellikler bakımından fiyat ta olduköça cazip indirimi kaçırmayın derim. ancak söylemeden edemeyeceğim çok kullanacaksanız bu özelliklere rağman elektirik faturasına dikkat edilmesi gerekebilir.,üzüntü,mutluluk,0.9739,mteb_product
"bu telefonu iki aydır kullanıyorum, pili evet diğer akıllı telefonlara göre uzun sürüyor, internette sık dolaşırsanız 1 gün, az kullanırsanız 2 gün bile idare ediyor. mor renkli kapağı da gayet güzel duruyor telefonda.",üzüntü,mutluluk,0.9739,winvoker
"""Capitulate"" kelimesini yanlış yazmak için gösterilen tüm o küçümseme. Yazık.",öfke,utanç,0.9739,goemotions_tr
Bu neden silindi?,nötr,şaşkınlık,0.9739,goemotions_tr
[İSİM]'in ikinci yarıda neden oturduğunu bilen var mı? Sanki başka kimse onu yakıp yıkmıyordu.,nötr,şaşkınlık,0.9738,goemotions_tr
"philipsten daha iyi sonuc veren bir makine beklerdim, cok kotu sayilmaz ama harikada degil.",mutluluk,üzüntü,0.9738,winvoker
Ayrıntıyı görmeyen var mı?!,mutluluk,şaşkınlık,0.9738,winvoker
Umarım iyisindir. Birine ihtiyacın olursa konuşmak için buradayım.,mutluluk,sevgi,0.9737,goemotions_tr
paketleme başarısız. ampüller fena değil,mutluluk,üzüntü,0.9737,winvoker
"Hayır, beyin yapısının vücut yapısıyla uyuşmaması sonucu oluşan bir cinsel bozukluk ama sanırım cahil bir transfobik olmaya devam ediyorsun.",şaşkınlık,öfke,0.9736,goemotions_tr
"Sıcakkanlıysan endişelenme, dilimimizi paylaşabiliriz (:",mutluluk,sevgi,0.9736,goemotions_tr
"Ne zaman bu politikalara sadık kaldılar, elbette ABD masum değil ama siktir et? Bu ikiyüzlülük inanılmaz, iğrenç FFS.",öfke,tiksinti,0.9736,goemotions_tr
"Dürüst olmak gerekirse, 3 ay kadar önce sarı kahvenin farklı bir kepçeye sahip olduğunu bilmiyordum",nötr,şaşkınlık,0.9736,goemotions_tr
"YAPTIĞIN HER YAYIN HARİKA, TEŞEKKÜRLER ADAMIM",mutluluk,sevgi,0.9736,goemotions_tr
Neden bunlardan biri her gerçekleştiğinde sadece bir gün geç kalıyorum?,öfke,şaşkınlık,0.9735,goemotions_tr
Gerçekten Senato'nun ve ardından [İSİM]'in bunu imzalayacağını mı düşünüyorsun lmao?,mutluluk,şaşkınlık,0.9735,goemotions_tr
Yeni bir apartman dairesi size huzur verecek. Tasarruf etmeye başlayın.,mutluluk,sevgi,0.9735,goemotions_tr
allah beni kahretmesin makyaj bile işe yaramadı bendesim döküp geliyorum,mutluluk,üzüntü,0.9735,winvoker
"ürünü bir süredir kullanıyorum ve beklentilerimi karşıladı diyebilirim. 1 kere ekranın kilitlenmesi dışında (sabaha kadar şarjının bitmesini bekledim, ondan sonra düzeldi) bir sorun yaşamadım. bu fiyata göre iyi bir ürün diyebilirim.",üzüntü,mutluluk,0.9734,mteb_product
Otel olarak personel olarak begenmedim.,mutluluk,üzüntü,0.9734,winvoker
"o zamanlara göre elestiriler yapilmamasi sanki filmin 2007 de çekilmis gibi yorumlanmasi kötü. o zamanki düsünceler, ticari kaygilar öyle öngörüyormus demekki, ama o kadar ünlü kisiyi bir araya getirebilmek film ne kadar kötü olursa olsun basaridir....",mutluluk,üzüntü,0.9734,mteb_movie
ürün elimize 1 günde ulaştı bu gerçekten güzel bi durum. kutusunda duruyor daha açmadım. açtıktan sonra ürünle ilgili yorumlarımı sizinle paylaşacağım,üzüntü,mutluluk,0.9734,mteb_product
salak mıyım dayın anlamamıs dlsöslsösşdldşlxdl,mutluluk,üzüntü,0.9733,winvoker
"Aç şunu, bu polis!",nötr,öfke,0.9733,goemotions_tr
En sevdiğim bu! Çok güzel kokuyor ama baskın değil.,mutluluk,sevgi,0.9733,goemotions_tr
lakin aksesuar konusunda baya sikintili. orjinal kilif yok. 8 inch universal kiliflar cirkin. ekran filmi piyasada bulunmuyor...,mutluluk,üzüntü,0.9733,winvoker
"Katılıyorum, herkes herkesle aynı fikirde olsaydı sıkıcı olurdu.",mutluluk,öfke,0.9733,goemotions_tr
başta ürün ilk açılışta kötü bir koku gelebilir 5-10 kere kullanınca geçiyor.,mutluluk,üzüntü,0.9732,winvoker
"Kendi fikrinizi örneklendirdiniz, daha fazla açıkladığınız için teşekkür ederim. Daha fazla katılamazdım.",öfke,sevgi,0.9732,goemotions_tr
Kredi onarımlarında yardımcı olmaktan mutluluk duyarım. Sektörde 20 yıldan fazla süredir çalışıyorum. Zaman alır ama düzeltilebilir.,mutluluk,sevgi,0.9731,goemotions_tr
biz türk milleti olarak çok garibiz ne bileyim sincanlı mustafa taş ankaralı namık kırşehirli bilmem ne siz hiç httpstcodzbu7gwr8y,mutluluk,üzüntü,0.9731,winvoker
kitabın yine nezaman sonuna geldiğini anlamadan biten bir roman daha.devami da gelecektir.,mutluluk,üzüntü,0.973,winvoker
Önümüzdeki 3 gün boyunca eve 30 dakika yürüyebileceğim. Herkes benim için dua etsin.,mutluluk,sevgi,0.973,goemotions_tr
Film çok güseldi ama ilki kadar iyi değildi..Johnny deep muhtesemdi..,mutluluk,üzüntü,0.973,winvoker
"Bu cesaret verici. Pazartesiden itibaren çekilmesi ""bekleyen"" benzer miktarda ETH ve biraz LTC'im var. Umarım yakında alırım.",mutluluk,sevgi,0.9729,goemotions_tr
Buraya nasıl gelmiştir?,nötr,şaşkınlık,0.9729,winvoker
Gerizekalı değilsin. Kötü bir yetiştirilme tarzının doğal bir tepkisi. Bu arada kullanıcı adını da sevdim.,mutluluk,sevgi,0.9729,goemotions_tr
İyi bir film olduğu kesin ama mükemmel değil!Müzikleri için aynı şeyi söyleyemiycem!Filmin tam tersine müzikleri bir harika!James Horner’dan da bu beklenirdi zaten!Gayda’ya hastayım hasta!,mutluluk,üzüntü,0.9729,winvoker
tek can sıkıcı tarafı kargo ücreti almaları. bonusa 6 taksite kargo ücreti yok yazıyor ama kargo ücretini kesiyorlar. bununla ilgili mesaj da attım cevap veren yok.,mutluluk,üzüntü,0.9729,winvoker
"LPT: Uyanır uyanmaz repost yapın, sanal internet puanlarınız sizi daha iyi hissettirecek.",mutluluk,sevgi,0.9729,goemotions_tr
bu talebiniz ne güzel. Keşke vatanın tüm evlatlarının bu imkana sahip olsaydı.,mutluluk,sevgi,0.9729,winvoker
Adınız muhteşem,mutluluk,gurur,0.9729,goemotions_tr
O zaman en uzaktaki gökadaların dalga boyu ne olmalıydı .,nötr,şaşkınlık,0.9729,winvoker
"bu filmi izledikten sora ""gerçekten bi film izledim diebilrsnz"". ayrica prestige dururken oscari köstebege werenleri burdan kiniyorm.",mutluluk,üzüntü,0.9728,mteb_movie
-montaj kılavuzundaki resimlerde bazı detayları göstermediğinden biraz fazla zaman harcamanıza sebep oluyor,mutluluk,üzüntü,0.9728,winvoker
film bittiginde kendinizi cok kötü hissediyosunuz.ama film mükemmel,mutluluk,üzüntü,0.9728,winvoker
teşekkür ederiz,mutluluk,sevgi,0.9728,winvoker
Harika - hoş geldiniz ve arkadaşlarınıza da söyleyin!,mutluluk,sevgi,0.9728,goemotions_tr
"Testere 4, dehşet bir film olmuş. Ama 5. filmi yapmak için muhteşem de karıştırmışlar.Son kısım doğru olmamış (İzlemeyenler için ne olduğunu söylemiyorum).Size tavsiyem, kendinize hafta sonunun bir gününü ayırmanızdır. 5. film gelmeden, bu 4 filmi peş peşe izlemeniz gerekir.Çünkü, beşinciye bırakılan karışıklıklar ancak böyle çözülür.Her ne kadar üçüncü filmden kalan adamın sonunu yanlış bulsam da 10/8",mutluluk,üzüntü,0.9727,winvoker
Bunu söylediğin için mutluyum çünkü gerçekten güzel ve dürüst bir ifade.,mutluluk,sevgi,0.9727,goemotions_tr
cunku şık bir video gormesi gerekliydi tamamen kiskanclik oldugunu dusunuyorum,mutluluk,üzüntü,0.9727,winvoker
İyi ki varsın başkanım,mutluluk,sevgi,0.9727,winvoker
bulaşık makinesinde yıkanmıyor...,mutluluk,üzüntü,0.9727,winvoker
*[NAME] pencereden atlıyor,nötr,korku,0.9727,goemotions_tr
"Kahretsin, bu çok derindi. Senin için en iyisini umuyorum ve bunu gerçekten kısa bir hikayeye veya buna benzer bir şeye dönüştürebilirsin.",öfke,sevgi,0.9727,goemotions_tr
"Aman Tanrım, Dodger mavi kalbim senin ve ailenle birlikte. Çok üzgünüm.",üzüntü,sevgi,0.9726,goemotions_tr
klavye koruyucusı çok iyi,üzüntü,mutluluk,0.9726,winvoker
Harika görünüyorum,mutluluk,sevgi,0.9726,goemotions_tr
Gereksiz. Bu acı verici derecede açıktı,şaşkınlık,öfke,0.9726,goemotions_tr
hızlı kargo için teşekkürler hepsiburada.com.çaba makinesi için söylenecek orta kalitede.küçük ve taş tezek olmayan yerde çok güzel iş yapıyor.montajıda kolay 20 dakikada tamamlanıyor.,üzüntü,mutluluk,0.9725,winvoker
"Aman Tanrım, yalnız olmadığıma çok sevindim",mutluluk,sevgi,0.9725,goemotions_tr
ًںکGeri bildiriminizi takdir ediyorum <3,mutluluk,sevgi,0.9725,goemotions_tr
"Hayır, bunun bir bas vuruşu olduğunu düşünüyorum",nötr,öfke,0.9725,goemotions_tr
Satışlarınızda bol şans. Bir ig sayfası açın ve thugpug hashtag'lerini sırtlayın. Burada olduğundan çok daha kolay olur.,mutluluk,sevgi,0.9725,goemotions_tr
Yeni favori cümlem.,mutluluk,sevgi,0.9724,goemotions_tr
[NAME] 7. sezonda oldukça aptaldı,üzüntü,öfke,0.9724,goemotions_tr
selamlar. öncelikle siparişim 12 günde elime ulaştı. bu üründe fiyatına göre oldukça kullanışlı bir ürün gibi görünüyor. plastik kokusu biraz fazla o da olmasa süper...,üzüntü,mutluluk,0.9724,mteb_product
beğenerek aldım fakat kamerasını beğenmedim..kamera için 1 yıldız eksik verdim,mutluluk,üzüntü,0.9723,winvoker
Dillard House kelimenin tam anlamıyla dünyadaki en sevdiğim restoran. Jambonları bu gezegendeki en muhteşem şey.,mutluluk,sevgi,0.9722,goemotions_tr
Dürüst olmak gerekirse [İSİM]'i özlüyorum,şaşkınlık,sevgi,0.9722,goemotions_tr
vidalama yerleri tam olarak yapilmamis biraz zorlaniyosunuz,mutluluk,üzüntü,0.9722,winvoker
"Bu, hâlâ haksız olduğun gerçeğini değiştirmiyor....",nötr,öfke,0.9722,goemotions_tr
"Evet, anlıyorum. Özür dilerim, iyi haftalar!",mutluluk,sevgi,0.9722,goemotions_tr
Mekanı sevin ama beklemeye hazır olun. Gerçekten iyi ve taze görünmenizi sağlamak için zaman ayırıyorlar.,mutluluk,sevgi,0.9721,goemotions_tr
Peki bu kadar antijen ve antikor reseptörü nasıl üretilmektedir?,nötr,şaşkınlık,0.9721,winvoker
battani̇ye bi̇raz daha eni̇ne büyük olabi̇li̇rdi̇ ayaklarina doğru mu yoksa sirtina doğru mu uzatacağini düşünüyorsun. şi̇mdi̇li̇k memnunum. isitmasi gayet i̇yi̇. teşekkürler hb ai̇lesi̇ne,üzüntü,mutluluk,0.9721,winvoker
"kardeşim , danimarka'nın esbjerg kentinde  vestfrost fabrikasında çalıştı.",mutluluk,nötr,0.9721,winvoker
"%83 istiyor! Harika bir hafta sonu geçirin Dayanışmayla, 4now",mutluluk,sevgi,0.972,goemotions_tr
Eğer ağrı 4 saat veya daha uzun bir süre sonra geçmezse bozulmuştur.,üzüntü,nötr,0.972,goemotions_tr
"yaa şu filmin neresini eleştiriyorsunuz arkadaşlar anlayamıyorum.senelerce klasikleşmiş korku filmleri izlemekten bıktık.yok gençler ıssız bi kasabada tatil yaparken öldürülür,yok jason freddyi kıskanır falan filan.bu filmin her bölümünde yaratıcılık ve zeka ile gerilim unsuru birleştiriliyor ve insan acaba bidahaki bölümde ne olacak die merakla bekliyor.eminimki bu filmi eleştirenler vizyon günü gişede ilk sıralarda olacaklardır..",mutluluk,üzüntü,0.9719,winvoker
Tweetlerin belirli bir şekilde biçimlendirilmesi gerekmiyor mu? Aklıma gelen tek şey,nötr,şaşkınlık,0.9719,goemotions_tr
"BU iyi bir cevap, ayrıca çocuklarım var.",mutluluk,sevgi,0.9719,goemotions_tr
Sadece birkaç bölüm izledim ama FBI ajanının o kadar beceriksiz olduğuna ve bunu asla öğrenmediğine mi inanmamız gerekiyor?,nötr,şaşkınlık,0.9719,goemotions_tr
"Hımm. Lol, sanırım.",mutluluk,şaşkınlık,0.9718,goemotions_tr
Suriye'de kaç asker var?,nötr,şaşkınlık,0.9718,goemotions_tr
Gerçekten bu kadar çok oyun oldu mu? Oynayacak hiçbir şeyin olmadığında zaman nasıl da uçup gidiyor.,nötr,şaşkınlık,0.9718,goemotions_tr
çok teşekkürler..,mutluluk,sevgi,0.9718,winvoker
Yaptı! Senin için iyi şanslar!! -[NAME],mutluluk,sevgi,0.9718,goemotions_tr
parfüm güzel ancak kokunun kalıcılığı az.,mutluluk,üzüntü,0.9718,winvoker
"O oyun harikaydı. THOT, defol git...",mutluluk,öfke,0.9718,goemotions_tr
Bunun ABCD'lerle hiçbir alakası yok.,nötr,öfke,0.9717,goemotions_tr
artı yönleriyse malzeme kalitesi olarak  üst düzey bir malzeme ve işçilik gördüm.,üzüntü,mutluluk,0.9717,winvoker
fiyatına göre bence çok iyi bir tost makine.tavsiye ederim.,üzüntü,mutluluk,0.9717,mteb_product
Dün gece saat 3 sularında sinir krizi geçirdim.,mutluluk,korku,0.9717,goemotions_tr
Tebrikler ve en iyi dileklerimle. İlerlemeye devam edin.,mutluluk,sevgi,0.9717,goemotions_tr
Biraz sosyal farkındalık sahibi olmanız güzel. Eminim o da bunu takdir ediyordur.,mutluluk,sevgi,0.9716,goemotions_tr
Umarım benimkilerden bazılarını dönüştürebilirim.,mutluluk,sevgi,0.9716,goemotions_tr
"En azından ""Harvestmen""in İspanyolcada hala ""Harvestmen"" olduğunu biliyorum",nötr,şaşkınlık,0.9716,goemotions_tr
"GameStop'u 3,50 dolara satın almaya istekli olduğumuzla ilgili her zaman yaptığımız şakayı hatırlıyor musunuz? Diğer şirketlerin de aynı şeyi söylediği anlaşılıyor.",mutluluk,şaşkınlık,0.9716,goemotions_tr
kirli bir ekrandan film izlemek çok can sıkıcı. gözünüz o noktaya takılır. ürünü kullanın 1-2 dk içinde tertemiz bir ekranınız olsun.,mutluluk,üzüntü,0.9716,winvoker
ürün değerine göre güzel kullnışlı,üzüntü,mutluluk,0.9716,winvoker
"Garip, hiçbir biçimlendirme uygulanmadı. Metne değiştirdim",öfke,tiksinti,0.9715,goemotions_tr
"Hayır. Bu, KCK'ya verilen Amerikan desteğinin aksine kanıtlanamayacak bir şey.",nötr,öfke,0.9715,goemotions_tr
"Bu Brokeback Dağı, değil mi? Çok farklı bir tür parçalama. OwO",nötr,şaşkınlık,0.9715,goemotions_tr
toplamda yemeğin maliyetinin yaklaşık ne kadar olacağını hesaplayan var mı?,nötr,şaşkınlık,0.9715,goemotions_tr
çekiş gücü ve ses seviyesi çok yüksek.,üzüntü,mutluluk,0.9715,winvoker
Artık FBI ve Donanma'nın sözlerini meşru kaynaklar olarak mı kabul ediyoruz yoksa burada neler oluyor emin değilim lol?,mutluluk,şaşkınlık,0.9714,goemotions_tr
Bana iyi bir anlaşma gibi geliyor. Nereye imza atacağım?,mutluluk,şaşkınlık,0.9714,goemotions_tr
"Evet, yine o orospu.",nötr,öfke,0.9714,goemotions_tr
"Biliyorum! Her gün şaşırıyorum ama o listeler için ÇOK, ÇOK minnettarım.",mutluluk,sevgi,0.9714,goemotions_tr
"o kadar  rutubet vardı ki resmen duvardan su akıyordu.2. günü içindeki malzeme taşlatı,3. günü alt hazneye su biriktirmeye başladı.5. gündeyiz, duvar kurudu.1ayda bile gitse bizim için yeterli.",mutluluk,üzüntü,0.9714,winvoker
"[NAME] OC'de öyle bir felaketti ki, onun Schotty'nin liginde olduğunu ima etmekten bile rahatsız oluyorum.",üzüntü,öfke,0.9714,goemotions_tr
Umarım uzun süreli arkadaş kalırlar ve yetişkin olduklarında geriye dönüp bunu hatırlayıp birlikte güzelce gülebilirler,mutluluk,sevgi,0.9714,goemotions_tr
ürünü siparış yapalı 2 gün oldu.siparış elime  hemen ulaştı.ürünün malzeme kalitesi iyi ve kullanışlı bir ürün.bu fiyata göre ürün çok iyi.,üzüntü,mutluluk,0.9713,mteb_product
"Şimdiki Türk filmlerine bakıyorumda Eşkıya nın kalitesine yetişecek bir filmin yapılamaması gerçekten çok üzücü. Oyuncuk, yapım, kurgu ve müzik muhteşem. Tamamen Türk motifleri ile süslenmiş ve basit gibi görünsede etkiyeci bir senaryo ile müthiş bir seyir zevki yaşatıyor izleyiciye. Bir Türk sinema filmine verdiğim paraya üzülmediğim tek filmdir. Eşkıya bir Türk filmi ile kıyaslanabilecek bir film değil, bir dünya sineması klasiğidir. Elbette her izleyicinin eleştirme hakkı vardır. Ancak şu sıralarda gösterimde olan filmleri yere göğe sıgdıramayanların Eşkıya hakkında yorum yapma hakkında sahip olduklarını düşünmüyorum.",mutluluk,üzüntü,0.9713,winvoker
Aslında onları toplamakla ilgilenmiyorum ama eski Hotwheels'leri restore eden insanların videolarını izlemekten hoşlanıyorum.,mutluluk,sevgi,0.9713,goemotions_tr
ürün ses kalitesini artırmak için ürün ile gelen kulaklık yerine daha kaliteli bir kulaklık kullanırsanız memnun kalırsınız. aynı zamanda fiyat performans açısından çok iyi bir ürün...,üzüntü,mutluluk,0.9713,mteb_product
çok iyi değil göz sayısı az ama kalite bakımından güzel teşekkürler,mutluluk,üzüntü,0.9712,winvoker
Ocak ayının bize Aralık ayından biraz daha iyi davranmasını umalım.,mutluluk,sevgi,0.9712,goemotions_tr
"Ben olsam, ilk polis bana dokunduğu anda sertçe düşmeye dikkat ederdim. Tebrikler, maaş alıyorsun evlat.",mutluluk,sevgi,0.9712,goemotions_tr
Bu filme kötü yorum yapabilcek ender insan vardır 7 8 yıl önce izledim belki daha da önce olağan üstü bir film yorumsuz izlemezseniz kaybedersiniz 10/9,mutluluk,üzüntü,0.9712,winvoker
Ben de öyle yaptım ve beni daha iyi hissettirdin çünkü yaşlı olduğum için yetişemeyeceğimi düşünüyordum lol.,mutluluk,sevgi,0.9711,goemotions_tr
Bunların alayı şizofren,üzüntü,korku,0.9711,winvoker
"16 yaşımdan beri dövüş sanatları yapıyorum (şimdi 26 yaşındayım), FAdom'um için pek bir şey ifade etmiyor",nötr,öfke,0.9711,goemotions_tr
"Hak edilmiş bir terfi olduğu düşünüldüğünde, buna en ufak bir şekilde kızamıyorum.",mutluluk,öfke,0.971,goemotions_tr
"bende iki raf çıktı.yani üç bölmeye ayırabiliyorsunuz.ben iki bölme olarak kullandım.benim için daha uygun oldu.i̇şlevselliği iyi,işinizi görüyor.",üzüntü,mutluluk,0.971,winvoker
"Ona 8/240 verin, [NAME] ve [NAME]'i [NAME] için üç takımlı bir anlaşmayla Padres'e gönderin. Pat. Sezon dışı dönemi çözdüm. Rica ederim.",mutluluk,sevgi,0.9709,goemotions_tr
"cidden dikkat etmiyoruz herkez o sona yakın bişeyler bekkliyordu ama o sonu beklemiyordu ama işin etkişeyici kısmı bir hırsın neler yaptırabileceğii .. aynı kadını aynı elbiseler,i ilizyon içinb aynı puanı paylaşmak......",mutluluk,üzüntü,0.9709,winvoker
kusturicanın biraz daha farklı filmi.filmde lirik bir coskuyu yakalayabiliyoruz.çeşitli ögelerle filmin akışını bir baska yere çevirebiliyor.film genel itibariyle ciddi değil.son olarak goran bregoviç enfes müzikler yapmış,mutluluk,üzüntü,0.9709,winvoker
bence serinin ilk filmi hariç diğerleri kötüydü. ne zaman ki 5. bölüm çıktı ilk filmin tadını verdi. duyduğum kadarıyla 9. bölüm son olacak. ve 7. bölümde süpriz bir şey olacağı.,mutluluk,üzüntü,0.9709,mteb_product
"Deneyimlerime dayanarak, onun arkadaşlarını da fark ettim ve kız arkadaşım tarafından terk edildim.",şaşkınlık,utanç,0.9709,goemotions_tr
Güzel olmalı,mutluluk,sevgi,0.9708,goemotions_tr
fiyatına göre kullanışlı bir ürün.,üzüntü,mutluluk,0.9708,winvoker
Eğer bi filme 10 üzerinden 10 verilicek olsaydı kesinlikle bu film o film olurdu.Ama oscar bile alamadı!Daha dogrusu forrest gump ın altında biraz ezildi diyelim.Kesinlike en iyi film ve senaryo oscarlarını almalıydı.,mutluluk,üzüntü,0.9708,winvoker
Çok gereksiz bir yaygara gibi görünüyor.,nötr,öfke,0.9707,goemotions_tr
bu yazarın kitaplarıyla 95 yılında tanıştım. herkesin okuması gereken bir yazar doğu kültürü çok güzel anlatılıyor. piyasa fiyatı düşünülürse gayet uygun bir kitap. keşke kitap günleri sürse ve kargo bedava kampanyası devam etse,üzüntü,mutluluk,0.9707,mteb_product
"""Faşizmin ne olduğunu bilmiyorsun"" Gerçek soykırım taktiklerini desteklemeye devam ediyor. Sen aşağılıksın",öfke,tiksinti,0.9707,goemotions_tr
Ben ırkçı değilim .,nötr,öfke,0.9707,winvoker
"bıçaklar iyi değil çok basit, dışarıdan bir de bıçak almak gerekecek galiba..",mutluluk,üzüntü,0.9707,winvoker
güzel gibi duruyor ama kullanan arkadaslara sormak lazım nasıl diye hepsi burada ya cok teşekkür ederim buradan alışveris yapmak keyifli  bence,üzüntü,mutluluk,0.9707,mteb_product
"Canadian Tire'ın varlığının sadece ""Sanırım Canadian Tire'a gideceğim, orada olacak"" şeklinde olduğunu düşünüyorum",mutluluk,şaşkınlık,0.9706,goemotions_tr
"İyi ki başparmağı kutuya girdiğinde sadece soda sıçradı, her yere kan sıçramadı.",mutluluk,sevgi,0.9706,goemotions_tr
"Ben genelde mutlu bir insanım. Hükümetinizi temsil etmesi için yarı okuryazar insanlara milyonlarca dolar ödemeyi seviyorsanız, karar sizin!",mutluluk,sevgi,0.9706,goemotions_tr
"Klasik son, tamin etmiştim diyen arkadaşları anlamıyorum. Filme mi gidiyorlar yoksa hırs yapıp bulmacamı çözmeye çalışıyorlar. Eeee bulmacayı çözerkende güzel açıların, güzel sahnelerin kaçması ve filmin tadının bozulması çok normal. Tavsiyem kasmadan isleyin filmleri -tadını çıarın-. Bu filmide ayakta alkışlayın.",mutluluk,üzüntü,0.9706,winvoker
Hangi eyalet? Aslında oldukça nadirdir.,nötr,şaşkınlık,0.9705,goemotions_tr
bu modeli alalı 3 yıl olacak nerdeyse. tek bir sorun bile cıkarmadı. fiyatına göre performansı cok cok iyi. benzer özelliklerde tanınmış markalara iki katı fiyat vermek istemeyenlere tavsiye ederim.,üzüntü,mutluluk,0.9705,mteb_product
geçen yıl bu zamanlar aldığım ve gayet memnun kaldığımız bir bulaşık makinesi.üreten firma ya ve uygun fiyata satışını sağlayan hepsiburada ya bravo... hesaplı bulaşık makinesi almak isteyenlere tavsiye ediyorum,üzüntü,mutluluk,0.9705,mteb_product
Çok pahalı bir tesis bu yüzden tavsiye etmem. Yeri güzeldi tabi.,mutluluk,üzüntü,0.9705,winvoker
"Oradaki meme mahsulünün kreması tam olarak bu değil. Ve kişisel bir not olarak, ironik derecede kötü meme'lerin komik olduğunu düşünmüyorum.",mutluluk,öfke,0.9704,goemotions_tr
Vay canına. Tüm bu inişli çıkışlı döngü. Bu insanlar 30 yaşına geldiklerinde 80 yaşında hissediyor olmalılar.,mutluluk,şaşkınlık,0.9704,goemotions_tr
Yeniden tasarımı unutabilmeyi isterdim. Ne yazık ki reddit varlığını bana her zaman hatırlatmak konusunda kararlı.,sevgi,utanç,0.9704,goemotions_tr
"JET her zamanki gibi süper ama bu filmin iyi olduğu anlamına gelmiyor.Bir elini cebinden çıkarmadan dövüşmesi değişiklik olmuş.Lakin istanbulun yollarından bile daha oyuk yüzü çok kötü durmuş.Filmin finali hepsinden kötü.MARK'ı daha önceden izlemiş olanlar bilir(öğretmeni oynadığı,yakuzayı oynadığı ve kurtların kardeşliğinde kızılderiliyi oynadığı filmleri)çok iyi bir dövüşçüdür ve amerikada JET'en daha fazla hayranı vardır.Oysa heyecanla beklediğimiz finalde 3 dakka bile dövüşmediler.Yani insan MARK'tanda birkaç hareket görmek istiyor.Onu JET'in karşısına dikenler malesef ondan yeterince faydalanamamış.En azından birkaç capaera hareketi falan yapsaydı içimiz gam yemeyecekti.Bu durumda aşağıdaki yorumum aynen geçerlidir.",mutluluk,üzüntü,0.9704,winvoker
-kullanma kılavuzu çok yetersiz,mutluluk,üzüntü,0.9704,winvoker
"öncelikle hepsiburada.com'a uygun fiyat ve hızlı teslim için teşekkürler. kitap için yorumum olumsuz olacak. mete bey, kafamızda soru işareti kalan birçok yeri ""araştırdık bulamadık"" olarak açık bırakmış. kitabı okudum. egemen güçlerin yazıp sildiği bir kontrollü kaos oyunundan öte bir gece olmadığı konusunda fikrim değişmedi. teşekkürler.",üzüntü,mutluluk,0.9704,winvoker
"Bugüne kadar yaşanan ekonomik durgunluk, büyük buhran, sömürgecilik, uyuşturucuyla mücadele vb. sosyalistler tarafından yaratıldı.",şaşkınlık,nötr,0.9703,goemotions_tr
İnsanların uygulamasını istemiyorsanız terimlerin teknik tanımlarını bağlamayın. Yeni Yılınızın tadını çıkarın.,nötr,sevgi,0.9703,goemotions_tr
Bu çok doğru!! Şu anda mango içiyorum! Garip... Keşke çocuk olsaydım.,mutluluk,sevgi,0.9703,goemotions_tr
[](/ironwillthumbsup) Doğru! Garip ama doğru!,mutluluk,tiksinti,0.9703,goemotions_tr
kargo biraz savurmus paketler zarar görmüş ama,mutluluk,üzüntü,0.9702,winvoker
"fiyatı uygun olduğu için tercih etmiştim ama kullanınca çok memnun kaldım. kullanışlı, rahat ve diğerlerinden işlevsel hiçbir farkı yok. kesinlikle alınabilir.",üzüntü,mutluluk,0.9702,winvoker
Onu korumak için de korkunç bir ejderha dikti başına .,nötr,korku,0.9702,winvoker
+ses oranı rahatsız edici değil farklı bir şeyle meşgulken aynı yerde duyulmuyor bile sesi.,mutluluk,üzüntü,0.9701,winvoker
Ve öyle de yapacak... Bu yüzden senin söylediğin her şeyi önemsemiyor ve dasher'lara çöp gibi davranmaya devam ediyor.,nötr,öfke,0.9701,goemotions_tr
bu filmi beğenmeyenlerin beğenmeme nedenleri ya filmin türünü kavramadan filme gitmeleridir yahut filmi tam olarak kavrayamamalarıdır. Bence film süper falan olmamıştı ama vasatın bayağı üstünde de bir notu hak ediyordu,mutluluk,üzüntü,0.9701,winvoker
kızım için aldım fiyatına göre iyi bir ürün.,üzüntü,mutluluk,0.9701,winvoker
"Güzel fikir, ancak bir araç olarak korkunç görünüyor. Sadece ellerinle ayırmak daha hızlı.",mutluluk,tiksinti,0.9701,goemotions_tr
Liberal Parti'yi desteklemene sevindim.,mutluluk,sevgi,0.97,goemotions_tr
daha önce japon pazarından lightning kablosu ile birlikte 19 tl'ye aldığım cihaz ile aynı performansta. metal olması ve aydınlatmaya sahip olması güzel,üzüntü,mutluluk,0.97,winvoker
tek kusuru tutuma sapı aşırı ısınıyor.,mutluluk,üzüntü,0.9699,winvoker
gerçekten iyi bir film yeni dvd si çikmis aldim izlenmeye deger bir kalitesi var çok güzel.,üzüntü,mutluluk,0.9699,mteb_movie
"Hey, bakış açını anlıyorum. Açıklamanı takdir ediyorum. :)",mutluluk,sevgi,0.9699,goemotions_tr
bana iki saat boyunca unutulmaz bir an yaşattı ağustos güneşi..çok ama çok güzeldi..fredy highmore da çok masum...müziğe sinemaya sinemda olması gereken herşeye bu filmle doyacaksınız... duyun,üzüntü,mutluluk,0.9699,winvoker
"Peki, komünizm tanımı gereği devletsiz olduğuna göre, bir devletin olduğu durumda komünizme nasıl ulaşılabileceğini duymak ilgimi çekiyor...",mutluluk,şaşkınlık,0.9699,goemotions_tr
Amerika kaybedecek. Sen akıl hastasısın ve düşmansın.,nötr,öfke,0.9699,goemotions_tr
"Bizim aşkımız, çocuklar arasındaki şiddetli bir oyun gibi bebeğim.",mutluluk,sevgi,0.9698,goemotions_tr
"Evet, öyle. Federal Hükümet için ücretsiz çalışmak yasadışıdır. Müteahhitler Federal Çalışan değildir.",mutluluk,öfke,0.9698,goemotions_tr
"3 günde eli̇mde oldu, fi̇yati bi̇raz pahali ama kampanyalar i̇le alinabilir oluyor. ben world kartin %15 ve play kartin %25 kampanyasi i̇le aldim epey bi̇r i̇ndi̇ri̇m oldu.",üzüntü,mutluluk,0.9698,winvoker
"izlenmesi gereken cok guzel bir animasyon filmi.tavukların yuzleri cok guzel.tam bir aile filmi heyecanlı ,komik ve surukleyici",üzüntü,mutluluk,0.9698,winvoker
Kahraman kanserden kurtulan birinden kötü bir İtalyan çocuğuna. Ne kadar da sevdiğimiz bir dünya,öfke,sevgi,0.9698,goemotions_tr
"Oyundaki hemen hemen her silahtan daha iyi bir silahla iyi performans göstermek, onları ortalamadan daha iyi görmenizi mi sağlıyor? Tamam mı?",mutluluk,şaşkınlık,0.9697,goemotions_tr
"İlaçları hızlı metabolize etme sorunum var. Ameliyatlar sırasında uyanıyorum, bu yüzden bana çok fazla ilaç veriyorlar.",üzüntü,korku,0.9697,goemotions_tr
aynı gün olması gereken kargolama ancak 1 gün sonra yapıldı.çok hızlısın hepsiburada ??????,üzüntü,mutluluk,0.9697,winvoker
Gerçekten öyleydi ama aman Tanrım bu kadar ucuz mu ve [İSİM] :3,öfke,şaşkınlık,0.9697,goemotions_tr
"Ben yeni izledim film oldukca komik, fakat bazı oyuncuların filme yakıştıramadım. Aslında beklediğimden daha iyi bir film çıktı, fakat sıradan bir senaryosu var, Vin Dşesel in böyle bir filmde oynıyacağını hiç düşünmezdim. :) 10/07",mutluluk,üzüntü,0.9696,winvoker
"Dersi beğendiğinize sevindim, beğen butonuna basmayı ve BİLDİRİM EKİBİ'ne katılmak için aşağıdaki zil kutusuna tıklamayı unutmayın",mutluluk,sevgi,0.9696,goemotions_tr
bence filmin sonunu gerekmedikçe yazmayalım...,mutluluk,üzüntü,0.9696,winvoker
"helljedi777 arkadaşım şimdi öncelikle şunu belirtemekte yarar var baranercan_69 arkadaşımız filmi çocuksu bulmamış bulanlara kızmış.ve ona hak vermekteyim. sana gelince çizgi filmin tadını alamazsın. yüzüklerin efendisinde nasıl kitabın tadını aldığınıda bilmiyorm ya neyse...benim bildiğim yüzüklerin efendisi kitabında yığınla karakter hemde önemli karakter yer almıyor. bu da demek oluyor ki sallama yorum yapıyorsun. iki film arasında ki farkı göz önünde almadan yapıyorsun yorumunu çünkü duygusal bakıyorsun yüzüklerin efendisi hayranı olan birisisin belli ama yapım aşamasından çok farklı bir yer verilmeli yüzüklerin efendisine. gerçi dünyanın en iyi filmi değil öyle denmesinede acayip uyuz oluyorum ama yapacak bir şey yok. bir filmin oyuncu kadrosundan kimse ödül alamazsa yada şöyle diyeyim layık görülmezse o filmin neresi iyi. konumuza dönecek olursak. transformerstan ne konusu beklediğinizi anlamadım. bende çizgi filmlerini izledim. konu hep aynıydı pek değişmezdi. hayranmıydık elbette ama çizgi filminde eksikleri vardı. sonuç olarak harika olmayan bir filmi eleştirmek daha doğrusu yazar kadrosuna çamur atmak akıllı işi değil. lütfen yazar kadrosunu IMDb de araştır ve bir bak , bak ki bu satırlara onları lekeleyecek başka bir şey daha yazma. çünkü yönetmen iğrenç, megan iğrenç ama yazarlar değil. saygılarımla",mutluluk,üzüntü,0.9696,winvoker
"İnanamıyorum, böyle bir saldırı oldu - boş ver.",nötr,öfke,0.9696,goemotions_tr
En büyük utanç ise aslında tüm insanların onun bir erkek olduğunu söylemesi,korku,utanç,0.9696,goemotions_tr
Bira kelimesinin garip yazılışı.,nötr,tiksinti,0.9695,goemotions_tr
"Kesinlikle evet. Şehirleri için birlikte başardıkları için mutluyum. Bu, [NAME]'in sonundaki harika kariyerinde harika bir hikaye.",mutluluk,sevgi,0.9695,goemotions_tr
"Das Boot İzlediğim en iyi denizaltı(U-571 yanında dandik bir film kalır) ve 2 . dünya savaşına ati filmdi.Bir film bu kadar insanı ekrana yapıştırır ve nefesini keser.Okcar alamamasının en büyük nedeni her 2. dünya savaşında USA kamerasından görmeye alıştığımız savaş filmlerinin Almanları haklı bir çercevede yansıtması ve aynı acılardan onlarında çekmiş olmasıdır.1981 yapımı olmasına rağmen efektler harika,ama nedense bu filmin Dvd si yada Divx i bulunuyor.Vcd sini bulamadım dublajlı",mutluluk,üzüntü,0.9694,winvoker
Bu ikiniz için de toksik bir ilişki gibi görünüyor. Çok kötü görünüyor... O ilişkide olmaktan nefret ederim,öfke,tiksinti,0.9694,goemotions_tr
Bence filmin puanı hakettiğinden daha düşük.. 1985 yılında bu kadar iyi bir film yaptıkları için tüm ekibin heykeli dikilmesi lazım. 10 üzerinden 11 puan hakedecek kült bir film...,mutluluk,üzüntü,0.9693,winvoker
Lol şimdi bunu bu şekilde görünce daha da üzücü oldu. Teşekkürler :(,mutluluk,sevgi,0.9693,goemotions_tr
2004 nissan maximanın tavanında uyguladım ve kirler geçip yerini lekelere bıraktı! ama plastik aksam ve yer döşemeler için ilk denemede güzel sonuç veren bir ürün..sert bir sünger yada fırçayla denenmesi tavsiye edilir!,üzüntü,mutluluk,0.9693,winvoker
"ürün bugün elime geçti ses kalitesi gayet iyi bass larıda gayet iyi aktarıyor, zaten bu fiyata bi kulaklıktan müziği kendisinin yapmasını bekleyemezsiniz ...",üzüntü,mutluluk,0.9692,mteb_product
Gökyüzünün LCD olması hakkında bilgi edinmek istiyorum! [NAME]'in [NAME]'in dönüşünü taklit ettiğiyle ilgili olanı hiç duydun mu?,nötr,şaşkınlık,0.9692,goemotions_tr
ürünün tutma yeri kısa olduğu için sırt kısma rahatlıkla uygulanamıyor.,mutluluk,üzüntü,0.9691,winvoker
"Evet, sanırım [İSİM] artık karımla/kız arkadaşıyla yatmanı istemiyor, seni aptal herif",tiksinti,öfke,0.9691,goemotions_tr
Neden bahsediyorsun?,nötr,şaşkınlık,0.9691,goemotions_tr
babam ve oglum filmi çok begenilmis ama ben hiç begenmedim ve aglamadim da.insanlar arasinda ço abartirilimis.bekledigim gibi degidi.sadece 1 sahnesi duygusal digerleri bos..,mutluluk,üzüntü,0.9691,mteb_movie
"kitabı akşam istedim,sabah elime ulaştı.katre-i matem den sonra güzel bir kitap.tarih okumayı ve değişik yaşamları merak edenlere tavsiye ederim.fiatı da gayet uygun.",üzüntü,mutluluk,0.969,mteb_product
"Sorun değil, umarım her şey sizin için en kısa zamanda düzelir!",mutluluk,sevgi,0.969,goemotions_tr
"ürünü büyük hevesle aldım ancak bizim evdeki kapıların hiçbirine uymadı.. kapının derinliği fazla geldi, bu yüzden kullanamayacağım gibi gözüküyor.. kapı genişliğinize dikkat edin alırken..",mutluluk,üzüntü,0.969,winvoker
Hahahaha bu benim en sevdiğim [İSİM] videosu,mutluluk,sevgi,0.9689,goemotions_tr
sar değeri de düşük.,mutluluk,üzüntü,0.9689,winvoker
Sence onların işi var mı?,nötr,şaşkınlık,0.9689,goemotions_tr
Bu geçen yılki takas son tarihinden değil mi? Bu yılki sözleşme teklifleri üzerinde herhangi bir etkisi olmamalı,nötr,şaşkınlık,0.9689,goemotions_tr
"Selam bosch condense 2200 i 24 kw modelininden bende aktırdım eca veya buderus de kararlıydım ama hem kullananlardan hem satıcıdan çok olumlu şeyler duyunca ikna oldum alıp taktırdım hakkaten kaliteli ürün çok sessiz çalışıyor duymuyorum bile nerdeyse tipide çok şık duruyor bi özelliği hoşuma gitti ayrıca, mesela radyatörlerde oluşan hava yı eskiden radyatörden atardık ama bu kombide kendisi atıyo.r dijital gösterge, sadece sağ tarfta bar göstergesi diji değil",üzüntü,mutluluk,0.9689,winvoker
her film bi şey anlatır bu ne bok anlamıyom,mutluluk,üzüntü,0.9688,winvoker
"Her gün, bütün gün koşuyorum.",nötr,gurur,0.9687,goemotions_tr
"Yakın zamanda istediğim işe girdim, artık maaştan maaşa yaşamak zorunda değilim.",mutluluk,gurur,0.9687,goemotions_tr
"bebeğimiz 6 aylık. doğum izni bitt, eşim 2 aydır çalışıyor. i̇lk bir kaç defa doktor tavsiye etti diye bu markayı aldık ama sonra daha ucuzları olduğunu gördüm. zaten bunun türkiyede yapılanı yok. alacaklara tavsiyem; seçtiğiniz süt poşetlerinin steril paketlerde olup olmadığına dikkat edin yeter.  sağlık da önemli, maliyet de. geçenlerde hesab ettim tam 34 tane paket bitirmişiz.afiyetle içsin annesinin sütlerini canım kızım.",üzüntü,mutluluk,0.9687,winvoker
"Bu biraz şiddet içeriyor... Ama yine de ben bir [İSİM]'im, bu yüzden ne olursa olsun",nötr,öfke,0.9687,goemotions_tr
Banderas oynar da izlenmez mi?? Gerçi bu filmde değişik bir tarza bürünmüş. Film genel olarak başarılı ama şimdiki zamana göre durgun bulunabilir...,mutluluk,üzüntü,0.9687,winvoker
Ona biraz glukozamin vermeyi unutmayın(!),nötr,sevgi,0.9687,goemotions_tr
Hayır kesinlikle,üzüntü,öfke,0.9687,winvoker
"ben yaklaşık 1 yıl önce aldım bu makineyi, öğrenciyim bardakları,çatal-kaşıkları çok iyi yıkıyor bununla birlikte tabak,tava, tencere gibi makinenin alt kısmına konulanları az kirliyse oldukça iyi yıkıyor; bu noktada önemli olan katılaşmış çıkması zor kirler oluşmadan tence- reye tavaya bir su tutup öyle yıkanması,bu şekilde olursa herşey sorunsuz gider. daha pahalı bir makine kullanmadım ama daha pahalıları çalışma esnasında gördüm ve fark; bu daha pahalılara nazaran daha çok ses çıkarıyor, ama o da çok rahatsız edici değil, verdiğim parayla işimi görüyorum.",üzüntü,mutluluk,0.9687,mteb_product
"Film için söylenebilecek hiçbirşey yok, bir baş yapıt. Fakat eski filmlerin 3D haline getirilmesinde ki handikap bu filmin de başına gelmiş. Ne yazık ki film de 3D keyfini alamıyorsunuz. Sadece kimi sahneler de bir derinlik hissi var, o kadar. Bence eski filmler 3D haline getirilip yeniden vizyona sokulmamalı. Belki 3D halleri Blu-ray formatı ile piyasaya sürülmeli. Star Wars I'de olduğu gibi bu filmin 3D halinden de hayal kırıklığına uğradım.",mutluluk,üzüntü,0.9687,winvoker
fırçalı aparatını hanım begenmedi halı üzerinde hareket etmediğini söylüyor denedim hak verdim turbo fırça olmması kötü uyumlu fırça araştırıyorum,mutluluk,üzüntü,0.9686,winvoker
film cok guzel ve izlerseniz pisman olmazsınız ...,üzüntü,mutluluk,0.9686,mteb_product
gidin arkadaşlar ama orjinal seslendirme izleyin dublajı çok kötü ilk yarıda küfredersiniz belki ama sonunda vay be diyeceğiniz bi film üstelik ne matrixin ileri teknoji ürünü sahneleri ne de yüzüklerin efendisinin görselliği olmaksızın bir konu bu kadar güzel işlenir ancak işte film kendini satıyo ve hiçbir aşırılığa da ihtiyaç duymuyo ama özellikle ve özellikle belirtiyorum sakin türkçe dublajlı bi salonda izlemeyin üzülürsünüz,mutluluk,üzüntü,0.9686,winvoker
Ohhh. [NAME] benim en sevdiğim kişi. Sezon ilerledikçe daha da güzelleşiyor. Keyfini çıkarın!,mutluluk,sevgi,0.9686,goemotions_tr
ailece izlenecek bir film değil,mutluluk,üzüntü,0.9685,winvoker
Bitcoin alt yazısında bitcoin hakkındaki tartışmalar hakkında sızlanan bir palyaço daha.,nötr,öfke,0.9685,goemotions_tr
cocugunuzu parka kis gunu goturemiyorsaniz alin size ev tipi kaydirak.,mutluluk,üzüntü,0.9684,winvoker
"Ben bu kabloyu seviyorum, onun hakkında kötü bir şey söylemiyorum, sadece yirmi yıl öncesine ait olması beni üzüyor",mutluluk,sevgi,0.9684,goemotions_tr
arzum kalitesi ön plana çıkıyor. gayet kaliteli bir ürün. herhangi bir sorun çıktığında da arzum herzaman yanınızda. unutmayın. hepsiburada ürünü sattıktan sonra pek tanımaz.,üzüntü,mutluluk,0.9684,mteb_product
Orada geçirdiğim bir saat boyunca hayretler içindeydim.,korku,şaşkınlık,0.9684,goemotions_tr
Bütün insanlar suçlu değildir ama BÜTÜN HAYVANLAR MASUMDUR,mutluluk,öfke,0.9684,winvoker
Kendinle çeliştin,sevgi,öfke,0.9684,goemotions_tr
Karşılaşabilecekleri en büyük risk ise işçi olmak zorunda kalmaları.,öfke,korku,0.9684,goemotions_tr
teşekkürler bor power,mutluluk,sevgi,0.9684,winvoker
Bu çok tatlıydı. Tıpkı [İSİM] gibi görünüyor ve eminim ki o kızın ne kadar olgun olduğunu görmek onun kalbini eritiyor,mutluluk,sevgi,0.9684,goemotions_tr
4- kutudan kulaklık çıkmıyor.,mutluluk,üzüntü,0.9683,winvoker
"Dostum, saatlik 22 dolar benim için çok iyi olurdu.",nötr,sevgi,0.9682,goemotions_tr
"kullanmaya başlayalı yaklaşık 2 ay oldu çok güzel bir telefon duruşu, hafifliği vs. fotoğraf ve video çek kalitesini çok beğendim.pek çok özelliği var fakat benim yaşadığım bazı problemler var. sanırım ben alışamadım dokunmatiğe ya da hala ayarları ile ilgili sorunlarım var. tel görüşmesi yaptıktan sonra veya arama gelirken ekran tuşu kilitleniyor ve ben bunu açamıyorum hiçbir şekilde normal tuşundan kapatmak zorunda kalıyorum.bu sorun değil belki ama bana bozukmuş hissi veriyor. ayrıca dokunmatik ekranı bir haftadır tutukluk yapıyor bazen hiç çalışmıyor tuş kilidini bile açamıyorum.alarmı çaldığı zaman alarmı kapatma tuşu yok ertele falan diye çıkıyor ekrana fakat o da çalışmıyor. ovi, navigasyon gibi özellikleri hala kullanamadım. müzik yüklediğim zaman onu silecek bir tuş bulamıyorum ancak bilgisayara bağlayınca bilgisayar üzerinden silebiliyorum. çok merak ediyorum acaba ben mi kullanamıyorum yoksa benimki bozuk olabilir mi bu hafta telefoncuya götüreceğim çünkü tuş kilidini bile açamadığım için kullanamıyorum.",üzüntü,mutluluk,0.9682,winvoker
Denemeye her zaman değer. İyi şanslar!,mutluluk,sevgi,0.9682,goemotions_tr
Benimle senden başka onu gören oldu mu?,nötr,şaşkınlık,0.9682,winvoker
*kamerası fena değil.,mutluluk,üzüntü,0.9681,winvoker
beyaz t shirt meselesini yeterinde abartmadığımızı fark ettim aga hatika bi sey,mutluluk,üzüntü,0.9681,winvoker
"Ah, yayınlandığında hepsini izlemiştim. O maç harikaydı! Kadınlar Rumble'ının son 20 dakikasını tekrar izlemek istiyorum",mutluluk,sevgi,0.9681,goemotions_tr
Onun bir oyuncak bebek ya da bir aksiyon figürü olmasını istedim .,nötr,sevgi,0.968,winvoker
plastik kalitesi iyi değil.sanki kırılacakmış hissi veriyor. ama işini görüyor. sonuçta 5tllik bir ürün. fotoğrafta turuncu gözükse de bana gelen ürünün rengi pembe. tutamaç kısmı yumuşak kaliteli plastik.,mutluluk,üzüntü,0.968,winvoker
ürün elime ulaştı ürün fiyatına göre çok iyi dışarıda yüksek fiyatlara alınan ütülerden çok iyi ne de olsa phılıps orjinal kutusunda geldi çok iyi ürün tavsiye ederim.,üzüntü,mutluluk,0.968,mteb_product
Çok gereksiz.,nötr,öfke,0.968,goemotions_tr
kargo ücreti yerine bu kitabı almak daha mantıklı... kitap okumayan bir toplumda bu kampanya iyi. tebrikler hepsiburada.com... kampanyalar devam etsin... kitap okuyalım biz de...,üzüntü,mutluluk,0.968,mteb_product
Ayrıca Melek Ref ve Şeytan Sülfür arasında geçen aşkın sonu nereye gidecek .,nötr,şaşkınlık,0.9679,winvoker
beraberinde gelen çantası iğrenç birşey aşırı kötü plastik kokuyor hiç yakışmamış...,mutluluk,üzüntü,0.9679,winvoker
Belki de köpeğin tasması son seferde takılı değildi...,nötr,şaşkınlık,0.9679,goemotions_tr
kedim karamel paketi elimde görünce saldırıyor istahla yiyor tavsiye edilenden fazla vermedim fakat ishal yaptı.,mutluluk,üzüntü,0.9678,winvoker
i̇şim gereği hafta içi her gün tıraş olmam gerekiyor. yıllardan beri sabah tıraşı çoğu zaman bir kabus haline dönüşüyordu. köpük - jilet için fazla zaman harcanması ya da kullanmayı denediğim diğer (kaliteli) tıraş makineleri derdime çare olmayışı.,mutluluk,üzüntü,0.9678,winvoker
ürün elime geçen hafta ulaştı.çin malı olduğunu görünce tereddüt ettim.ama kullanınca fikrim değişti.kirişte 10 dan fazla delme işlemi yaptım.markalı ürünlerden performans açısından çokda farkı yok.fiyatına göre iyi.ucları ve makinayı zorlamadan kullanılırsa uzun süre kullanılabilir.bence ;profesyonel bir kalite ve kullanım bekliyorsanız markalı ürünleri tercih edin derim.,üzüntü,mutluluk,0.9676,winvoker
bu aparatı class 4 ve üzeri micro sd ile kullanırsanız. 700mblık bir filmi ortalam 25sn. ile 1dk. arasında kopyalayabilirsiniz. ben kendim denedim.,üzüntü,mutluluk,0.9676,winvoker
[İSİM] Amerika'yı korusun,nötr,sevgi,0.9676,goemotions_tr
ilk siparişim umarım iyi çıkar,üzüntü,mutluluk,0.9675,winvoker
"Bir de şey demiş, onu seviyorum ben: ""Eğer sabah işine gülümseyerek gidip, günde 10 saat severek çalışmıyorsan belki de kariyer planlarını gözden geçirme vakti gelmiştir.",mutluluk,sevgi,0.9675,winvoker
"Yasadışı göçmenlerin Cumhuriyetçilere oy vermek için sınırı aştıklarını hayal edin... O duvar yarın biterdi. Demokratların hiç ahlakı yok, dostum... Sadece şehvet.",nötr,öfke,0.9675,goemotions_tr
en beğendiğim özelliği şarjı.bir hafta gidiyo.,üzüntü,mutluluk,0.9674,winvoker
"[NAME] web aksiyonunu elde edebiliyor mu, hissediyor musun?",nötr,şaşkınlık,0.9674,goemotions_tr
Şener şen olcak film kötü olcak pfff Çok fazla şey istiyorsunuz. :D Bu adam benim türk sinemasındaki en sevdiğim aktör Dünya sinemasına bakın hem drama hem komedi hemde ağır rollerin altından %100 lük performansla kalkabilen kim var çok az Türk sineması için büyük değerdir şener şen,mutluluk,üzüntü,0.9674,winvoker
Astroaltınay ne demiş siz ne anlamışsınız yahu Gündemde o pislik adam evli diye yazmış Yapacak şizofren erkeğin evlisi bekarı olmaz ki Burda nasihatı bayanlara öncelik tanımış Adam zaten cani ve vahşet yaşattı peline Evlilerden uzak durun bekarlarla mı sevgili olun demiş,mutluluk,üzüntü,0.9674,winvoker
Çok beğendim...,mutluluk,sevgi,0.9673,winvoker
öyle ölünek bir film degil ama gittigim salon aglamaktan kirilmisti bu kadar gerçekçi ve etkili bir filme de yok basitti zayifti demek olmaz valla allah adami çarpar!.,mutluluk,üzüntü,0.9673,mteb_movie
[İSİM] olacağından neredeyse emindim,mutluluk,şaşkınlık,0.9673,goemotions_tr
boyası çıktı..teflonu çok amam çok adi..,üzüntü,mutluluk,0.9673,winvoker
artık üşümediğim için teşekkür ederim??,mutluluk,sevgi,0.9672,winvoker
Kendi aklı ve ruhu olsun istedim .,nötr,sevgi,0.9672,winvoker
Buz televizyonumda iyi görünüyor,nötr,sevgi,0.9672,goemotions_tr
Türkiye'den 196 ismin olduğu dünyanın en etkili bilim insanları listesinde üniversitemizden 9 bilim insanı yer aldı.,mutluluk,nötr,0.9672,winvoker
Tatava yapma at ağızlı,üzüntü,öfke,0.9672,winvoker
kim filmin türüne komedi demisse ayip etmis filmde hüngür hüngür agliyorsunuz.,mutluluk,üzüntü,0.9671,mteb_movie
Evet! Herkes öyle değil mi? Ben ED ile ilgili olanındayım. Sanırım doğal bir deflatörüm.,mutluluk,şaşkınlık,0.9671,goemotions_tr
fiyatına göre iyi fena değil kullanılır,mutluluk,üzüntü,0.967,winvoker
"Bence karayip korsanları serisi çekilebilecek bir kurguya en başından beri sahip değil , oldukca zorlama olmuş.Genede kalite.10/8",mutluluk,üzüntü,0.967,winvoker
9/10 yöneticilerimiz bizimle aynı taraftadır çünkü eğer bunu yapmazlarsa onlara kızarız. Misafir asla geri gelmeyecek ama çalışan geri dönecektir.,nötr,öfke,0.967,goemotions_tr
"Evet, ""Öyle mi? Hiçbir şey yok mu?"" gibi.",öfke,şaşkınlık,0.967,goemotions_tr
Hayır yapmadı lol her hakem bunu yapıyor. Bunu arıyordu ama yine de faul,mutluluk,öfke,0.9669,goemotions_tr
"Eğer yalnız ve eve kapalı insanlardan para alıyorsanız, çoğu video oyunu şirketinden farklı bir şey yapmıyorsunuz demektir.",nötr,öfke,0.9669,goemotions_tr
Merkezden çok memnun kalmadım floryada acentenizden hiç memnuhn kalmadım telefonla aramıştım ama ilgilenmediler hiç.,mutluluk,üzüntü,0.9669,winvoker
Avantajlar : Fiyat<br />Dezavantajlar : Kargolama berbat<br />Ürüne kavusamadik ki yorum yapalım.stoktan hızlı gönderi aldık 3. Gün hala yok .bilgi verende yok,mutluluk,üzüntü,0.9669,winvoker
"bende philipsin bu modelini 2 seneden beri kullanıyrm öncelikle iyi taraflarından bahsetmek gerekirse gercekten cok temiz ses veriyr yüksek seste bile en ince ayrıntıları bile duyabiliyrsunuz ayrıca cok saglam, en uzun kullandığım kulaklık diyebilirim benim için önemli olan ve bu kulaklıkta olmayan şey ise bas ... bas özelliğine önem gösteren arkadaslar bence almamalı ...",üzüntü,mutluluk,0.9669,mteb_product
çatal dişlerimi bilerken... bununla ilgili bir kaynak alabilir miyim?,nötr,şaşkınlık,0.9668,goemotions_tr
[NAME]'e olan tutkunuz tam anlamıyla yüzümde büyük bir gülümsemeye neden oldu. Dalgalı kalın!,mutluluk,sevgi,0.9668,goemotions_tr
Biz bunlara boşuna şizofren demiyoruz,üzüntü,öfke,0.9668,winvoker
temizlik sorunu var diğer herşey süper... bu fiyata bedava,üzüntü,mutluluk,0.9667,winvoker
Bu jesti çok takdir edeceğinden eminim.,mutluluk,sevgi,0.9667,goemotions_tr
"Çok tatlı, tüylü, çok fazla uyuyan bir şey, lol.",mutluluk,sevgi,0.9667,goemotions_tr
ama rahatsız edecek kadar kötü değil.,mutluluk,öfke,0.9667,winvoker
"Eski bir [NAME]'den selamlar! Bu hafta sonu tüm karın tadını çıkarın, Iowa'da neredeyse hiç kar yağmıyor, ki bu açıkçası saçma.",tiksinti,öfke,0.9666,goemotions_tr
arkadaşıma ev hediyesi olarak aldım.büyüklüğü ideal.bu fiyata görede iyi bir makine sadece bastırıncaarkası kalkıyor.bu özelliği sizin için sorun değilse düşünmeden alabilirsiniz.ızgarası çift tafarlı kulanılabilir özellikte bir tarfaı tırtıklı bir tarafı düz rahatça çıkarıp yıkanabiliyor.3 yıl garantili olması da çok iyi,üzüntü,mutluluk,0.9665,mteb_product
"Hey tebrikler dostum, sınırlarını aştın, devam et. Tekken ne kadar iyi olursan o kadar eğlenceli olur.",mutluluk,sevgi,0.9665,goemotions_tr
tost makinasını çeyizim için aldım.çoğu arkadaşımın kullandığı bi ürün olduğu için tercihimi arzumdan yana yaptım ve karlı çıktım.piyasadan çok çok ucuz.diğer çeyiz eşyalarımıda hepsiburadadan almayı düşünüyorum.,üzüntü,mutluluk,0.9665,mteb_product
evet apple watch 1 in aynısının farklı kayışlısı mükemmel bir değişim :)),üzüntü,mutluluk,0.9665,winvoker
antalya piyasasına ömer kara isimli yeni bir konyalı giriş yaptı ve meydan gazetesini kurdu,mutluluk,nötr,0.9665,winvoker
birisine hediye olarak aldım beyaz tenliydi güzel olmadı.17 yaşındaki esmer tenli kızına verdi harika olmuş ama yinede bir yerde denemeden almayın agır gelebilir kokusu.,mutluluk,üzüntü,0.9665,winvoker
Orospu çocuğu senin beni üzmeye ne hakkın var.,üzüntü,öfke,0.9664,winvoker
Bir emir ile yasal bağlayıcılık arasındaki farkı bildiklerinden emin değilim.,nötr,şaşkınlık,0.9664,goemotions_tr
teşekkürler arzum... ?,mutluluk,sevgi,0.9664,winvoker
"[İSİM]? Sakatlıklarla ilgili çok fazla sorun yaşamadı. Şu anda iyi durumda gibi görünüyor, gol atıyor ve her şey... Ama neden o?",mutluluk,şaşkınlık,0.9664,goemotions_tr
Bu dolandırıcılardan biriyle arkadaş oldum. Benimle konuştuktan sonra o şirketteki işinden istifa etti. Hala düzenli olarak whatapp ve facetime üzerinden konuşuyoruz!,nötr,öfke,0.9664,goemotions_tr
Sizin bir işiniz var mı?,nötr,şaşkınlık,0.9664,goemotions_tr
yorumlar çok acımasızarkadaşlar şunu söyliyeyim bahsedildiği kadar rezil biotel değil kesinlikle biz eylül ayında  arkadaş gittik ve kesinlikle çok eğlenerek geri döndük otelin çok pis olduğu personelin ilgisiz olduğu havuzların pis yemeklerin berbat olduğu ve bir çok olumsuzlukların yazıldığı bu yorumlar gerçekten çok acımasızca bence herşey iyiydi personel gayet güleryüzlü ve yardımcı yemeklerde kötü değildi en azından her çeşit vardı sebzeside etide tavuğuda balığıda seçim sizin havuzlar kötü denmiş yalan aktiviteler sürekli var gece gündüz  insanlara yaranmak zor derler sanırım öyle bişey kesinlikle yorumlara aldırış etmeyin ben burdan çok daha kötü otellerde gördüm ve şunu söylüyorum gittiğim bir dakikadan bile pişman değilim,mutluluk,üzüntü,0.9663,winvoker
Sadece saklanabileceğim sessiz bir yere ihtiyacım var.,nötr,sevgi,0.9662,goemotions_tr
altındaki ışık çok yetersiz. bir odayı aydınlatma şansı yok. orta boy ampul dışında takamıyorsunuz.,mutluluk,üzüntü,0.9662,winvoker
hala izlemediyseniz çok şey kaçırıyorsunuz..,mutluluk,üzüntü,0.9661,winvoker
"O sadece kavga etmeyi seviyor, onun için endişelenmeyin. O çılgın!",nötr,sevgi,0.9661,goemotions_tr
Buna bakınca dişlerim ağrıyor ama lanet olsun o güller çok güzel görünüyor,mutluluk,tiksinti,0.9661,goemotions_tr
Her zaman *asla* birlikte olmayacağınız iki kişinin eski sevgililer ve oda arkadaşları olduğunu duydum. Bunun tek kötü sesli kısmı bu.,üzüntü,tiksinti,0.9661,goemotions_tr
en begendigim kismi sonu oldu.bu sekilde biticegi aklima gelmemisti hiç.sonunu saymazsak pekte etkileyici bir film degil.olaylari çok hizli atlamislar ve sürekli bir hamile war filmdeama yinede izlenmeyee deger.gerçek hayat hikayeleri hep acikli olmamismidir zaten.alin buda aynisindann.,mutluluk,üzüntü,0.9661,mteb_movie
Eee ne zaman gidiyoruz,mutluluk,şaşkınlık,0.9661,winvoker
Uykulu [İSİM]?,nötr,şaşkınlık,0.9661,goemotions_tr
tc halkinin evlilige bakis acisi beni cok yoruo,mutluluk,üzüntü,0.966,winvoker
Pnömoni aşısı Covid in ciddi seyrinden sizi korur. Kış geliyor ve durum vahimleşmeden olun.,mutluluk,sevgi,0.966,winvoker
Sarhoştun ve fare boku yiyordun.,tiksinti,öfke,0.966,goemotions_tr
Çok yakışıklılar!,mutluluk,sevgi,0.966,goemotions_tr
izleyin izlettirin.. ısrarla üstüne giderek.. beğenmeyen arkadaşlarınızla kademeli olarak aranızı soğutun.. (oda derece diyorum :)),mutluluk,üzüntü,0.966,winvoker
"ًںژ¶ [NAME]'in ve çok sevdiği çocuğun hikayesine kulak verin. Yıllar, yıllar ve yıllar boyunca en iyi arkadaş olarak kaldılar.",nötr,sevgi,0.966,goemotions_tr
Umarım emekliliğinizde her şey yolunda gidiyordur. En iyi şekilde tadını çıkarmaya çalışın :).,mutluluk,sevgi,0.966,goemotions_tr
Senin de dışarı çıktığına sevindim! Kamp yapmaktan keyif aldığına sevindim =),mutluluk,sevgi,0.9659,goemotions_tr
Haberi Var mı?,nötr,şaşkınlık,0.9658,winvoker
Şimdi bu film niye çekildi ve senaryosu kaç sayfaydı? İzledikten sonra kafama takılan sorular bunlardı.Vizyon yüzü görmüş olabilmesi bile bir mucize.,üzüntü,şaşkınlık,0.9658,winvoker
"Köpeğime Sebastian adını veriyorum! Böylece biraz da olsa ilişki kurabiliyorum (lol, kesinlikle aynı değil). Ama ismi çok hoşuma gitti.",mutluluk,sevgi,0.9658,goemotions_tr
"Allah allah, ben bu senaryoyu bir yerlerden hatırlıyorum gibi geldi, nerelerden acaba:))",üzüntü,şaşkınlık,0.9657,winvoker
bu nedir yaa.. ağlamaktan gözlerim şişti. resmen ağlatmak amacıyla yazılmış ve tabi insanın içindeki cevheri keşfetmesi için hiç bir zaman geç olmadığını anlatmak için.,mutluluk,üzüntü,0.9657,winvoker
"Bunlar cinsiyetçi teoriler, gerçekler değil.",nötr,öfke,0.9657,goemotions_tr
ayrıca çok yerden telefon aldım kazıklandım bundan önce aldığım yer dolandırdı,mutluluk,üzüntü,0.9657,winvoker
"Çenesini ve ellerini kırmak haddi aşmış olur muydu? Ne arayabiliyordu ne de mesaj atabiliyordu, ne yazık.",öfke,utanç,0.9657,goemotions_tr
Köpekler ve kedileri çok seviyor .,nötr,sevgi,0.9657,winvoker
ürünü okuma yazma bilmeyen annem icin aldim buna ragmen kullanmayla ilgili en kucuk bir aksilik yasamadi. bunun yanisira batarya omru de oldukca uzun. tavsiye edilir.,üzüntü,mutluluk,0.9657,mteb_product
2. izleyisimde bile yeni yeni seyler buldugum film... 3. kez izlemeye korkuyorum çünkü yeni bir seyler çikarsa kendimi aptal gibi hissederim .,mutluluk,üzüntü,0.9657,mteb_movie
Bir takipçimizden gelen değişim nasıl buldunuz?,mutluluk,şaşkınlık,0.9656,winvoker
pek çok zorlu koşullardan geçirdim.,mutluluk,nötr,0.9655,winvoker
[NAME]'in gizemli bir kalede bile kendisi olmaya devam etmesine sevindim. Sanırım bir daha bu kadar iyi bir oyun oynayamam.,mutluluk,sevgi,0.9655,goemotions_tr
Oda temizliği çok iyi olmasa da iyiydi. Yiyecek içecek konusunda çok memnun kalmadık bardakların kirliliği dikkat çekiyordu. Söylememize rağmen pek ilgilenilmedi. Yani temizlik 0 denebilirdi. Ayrıyetten 18 - 19. 10. 2013 tarihlerinde havuzlar aşırı derece kirliydi ve temizlenmedi 2 gün boyunca. Sadece animasyonları beğendim. Animasyon ekibini tebrik etmek isterim. Personel gayet kibar ve saygılıydı.,mutluluk,üzüntü,0.9654,winvoker
"parfüm kalıcı değil bu konuda net yani, kimse anlamıyor bile kokusunu özellikle ben soruyorum parfümüm nasıl diye insanlar sanki zorla güzel der gibi :) kokusuda öyle abartıldığı kadar güzel değilmiş ben alırken yorumlara bakarak almıştım.pişman oldum açıkcası , kapak dendiği gibi oturmuyor kapaksız kullanıyorsun ve ayrıca doldurma aldığım parfümler bu parfümden hem koku hem kalıcılık hemde kapak olarak 10 kat daha iyi olduğunu belirtmek isterim demekki yorumlarda insanı yanıltabiliyormuş.",mutluluk,üzüntü,0.9654,winvoker
fiyatına göre uygun. küçük işletmeler için ideal bir ürün.,üzüntü,mutluluk,0.9654,winvoker
O T_D'den bir troll. Arada sırada gelip bir şeyler çıkarmaya çalışıyor.,nötr,öfke,0.9654,goemotions_tr
bilindik gerilim filmleri gibi farkli birsey yok....,mutluluk,üzüntü,0.9653,mteb_movie
"Burayı çok sevdim ama sadece büyük Blockbusters'a giderdim. Minnesota'daki en iyi IMAX sinemasıydı, kesinlikle RIP",mutluluk,sevgi,0.9652,goemotions_tr
KİMSE ONA SÖYLEMESİN,nötr,öfke,0.9652,goemotions_tr
Kesinlikle Çok Kötü,üzüntü,tiksinti,0.965,winvoker
Üçleme dünyanın gelmiş geçmiş en iyi filmidir.,mutluluk,nötr,0.965,winvoker
kulaklık bas seslerini gerçekten çok iyi veriyor.bence sadece kulaklık özelliği arayan mikrofon özelliği aramayan kullanıcılar bu ürünü rahatlıkla tercih edebilirler.,üzüntü,mutluluk,0.965,mteb_product
"Yaa anlamadığım birşey var.İMDBde 5,308 kişinin oyuyla 9.1 puan almış bir film nie top 250ye girmiyo :S bunu biri bana açıklayabilir mi? çünkü en kötü 100de 5-6 filmimiz var ve çok utanç verici birşey.ve madem bu film bu kadar iyi puan aldı nie Top 250de bizim filmimiz yok :( anlayamadım :(",mutluluk,üzüntü,0.965,winvoker
Kullanım ile sahiplik arasında fark vardır. Bunlar eşdeğer değildir.,öfke,nötr,0.9649,goemotions_tr
hızlı kargo ile 2 günde elime ulaştı. kol plastik kalitesi haricinde gayet kaliteli ve kullanışlı bir ürün. ürünü elinize aldığınızda plastik kokusu olsun ama kullanışlı olsun diyorsanız tercih edin.,üzüntü,mutluluk,0.9648,winvoker
tarama hızı iyi. fotokopiyi de güzel çekiyor.,üzüntü,mutluluk,0.9648,winvoker
AM'de her zaman bir şeyler oluyor değil mi?,nötr,şaşkınlık,0.9648,goemotions_tr
küçük şeyler mutlu eder.,mutluluk,sevgi,0.9648,winvoker
bence en sikintili kismi aciklanmayan sar degeri ve ekraninin saglamligi hakkinda bilgi verilmemesi..,mutluluk,üzüntü,0.9648,winvoker
Ben de LMAO! Bize müebbet hapis cezası verin ve bu işi bitirelim ًں¤£,mutluluk,öfke,0.9648,goemotions_tr
ürün güzel ama benim gibi gözlük kullanan kişiler için uygun değil. gözlük üstüne kullanılamıyor.,mutluluk,üzüntü,0.9648,winvoker
Yani geri kalanımız için umut var! Paylaştığın için teşekkürler. Şu an olduğun yere gelmene ne yardımcı oldu?,şaşkınlık,sevgi,0.9648,goemotions_tr
"Konseri erken terk ettiği için karşılık verme fırsatı buldu, değil mi?",nötr,şaşkınlık,0.9647,goemotions_tr
"Bu çok üzücü, bu kayayı paylaştığımız diğer canlılar hakkında öğreneceğimiz çok şey olduğunu gösteriyor : /",üzüntü,utanç,0.9647,goemotions_tr
"eksi yönleri: ısıtıcı yüzey çıkmadigi icin yikanamiyor, alt aksami plaatik oldugu icin pişirme esnasında kayma yapıyor, yağ çıkışı iyi tasarlanmamış, boyut olarak kaba",mutluluk,üzüntü,0.9647,winvoker
kalitesi tartisilmaz,mutluluk,üzüntü,0.9646,winvoker
şık küçük ve güçlü??,mutluluk,şaşkınlık,0.9646,winvoker
Teşekkürler :).. Sorunum çözüldü :) . Twitter'daki YT asla yardımcı olmuyor.. sadece temel sorun giderme işlemlerini yapıyorlar.,öfke,sevgi,0.9645,goemotions_tr
Onu görmezden gelmeniz yeterli. O sadece geleneksel [İSİM] veya aptal cumhuriyetçiler hakkında şikayet edebileceği zaman ortaya çıkıyor.,nötr,öfke,0.9645,goemotions_tr
Lanet hücum hattı koçumuza ihtiyacımız var...bu yıl harikaydı.,mutluluk,öfke,0.9645,goemotions_tr
"Dua edin. Bunu birkaç hafta önce tüm sistemin uluslararası olarak çöktüğünde yaşadığımı hatırlıyorum. Belki bağlantınızı kontrol edin ve yenileyin, tüm o caz.",mutluluk,sevgi,0.9645,goemotions_tr
ürün elime çabuk geçti. diğer ütü masama göre çok ağır ve büyük. alışmak zaman alacak. kötü bir yanı oturarak ütü yaptığım zaman ütünün buharından altta su damlacıkları oldu bu damlalar bir kaç kere bacağımı yaktı...uzun ömürlü olur inşallah,mutluluk,üzüntü,0.9645,winvoker
"işler basitçe yanlıştır ve cehalet, kovuşturmaya karşı yeterli bir savunma değildir.",nötr,öfke,0.9645,goemotions_tr
Yani Louisville maçında yaptıkları gibi bunu değiştirmeyecekler mi? Bu harika..,nötr,şaşkınlık,0.9645,goemotions_tr
Kelimenin tam anlamıyla her yerde. Bunların hiçbirinde özellikle Teksaslı olan hiçbir şey yok. Bunların hepsini lanet SCONSIN'de duydum.,üzüntü,öfke,0.9644,goemotions_tr
kaç tane benzer ürün aldım uymadı bu ürün cuk diye oturdu bileydim adetli alırdım olmadı bir daha sipariş vereceğim bu arada mutfak musluğuna taktım akvaryum için su alıyorum musluğun ağzındaki filitreyi söküp bunu takıyorsunuz,mutluluk,üzüntü,0.9644,winvoker
"Önemli değil, soruyu sorduğunuz için mutlu oldum. Umarım yukarıdaki yanıt sizin gibi bağış yapmak isteyen kişilerin işini hızlandırır.",mutluluk,sevgi,0.9643,goemotions_tr
birincisi cok iyi denemez. rengi gumus rengi ancak eski tel cizgisinin altinda pek gozukmuyor. cok kucuk kesiklerden bahsetmis diger alanlar anlasilan bende 2 3 cm lik buyuk bosluklar vardı yine kapatiyor ancak bantla birlikte geri kalkiyor. falcata ile keserek ayırarak cozdum sorunu. toplamda 1 2 mt lik hat çizebilirsiniz,mutluluk,üzüntü,0.9643,winvoker
Bu Tweetir inanılmaz bir medya aracı korkak kancık hain köpekler bile havlaya havlaya tweet atıyor,üzüntü,tiksinti,0.9643,winvoker
-güç ayarı olmaması kötü. halıya yapışıyor bırakmıyor. borusundaki hava tahliyede yeterli olmuyor. halıya yapısma olayı halıfleks tarzı halılarda oluyor daha çok. kalın halılarda iyi çekiyor ama çok kaldırma olmuyor,mutluluk,üzüntü,0.9643,winvoker
bu üründen aldım. fakat 3. kademede dahi çok az ısıtıyor bence. ayakkabı ile kullanımda ısı hissedilmemesine rağmen ayakkabısız kullanımda ayaklarınızın sıcak olması çok güzel. işyerinde kullanıyorum. ayakkabısız kullanım için ideal. çok sıcak değil soba gibi hayal etmeyin ama az elektrik harcıyor. yaklaşık 1 aydır kullanıyorum. ayaklarınız sıcak olunca tüm vücut ısınıyor. bu yuzden tek kişi için ideal.,üzüntü,mutluluk,0.9643,mteb_product
"Haklısın, benim hatam",mutluluk,utanç,0.9643,goemotions_tr
"Ama bu şakayı başka gruplar hakkında yapsaydınız, şiddetle kınanırdınız.",mutluluk,öfke,0.9643,goemotions_tr
"tasarımında iki eksik nokta olduğunu düşünüyorum, ilki alt taraftaki butonlar ışıksız, ikincisi ise hem ses hem de aç kapa butonu sağ tarafta, kullanışsız olmuş biraz.",mutluluk,üzüntü,0.9643,winvoker
Bunun ne anlama geldiğini bilmiyorum ama bir şekilde önemli hissettiriyor...,mutluluk,şaşkınlık,0.9642,goemotions_tr
ürünü güncellemeyin .güncellerseniz google play hizmetleri servis durduruldu hatası verir ve google play store çalışmaz.ayrıca  tr dil  paketi de pasif oluyor.,mutluluk,üzüntü,0.9642,winvoker
2-kablosu biraz kısa kullanımda biraz rahatsızlık yaratıyor.,mutluluk,üzüntü,0.9642,winvoker
"Çok teşekkür ederim! Evet, sanırım yapacağım şey bu. Onun bir hamle yapmasını bekleyeceğim... Bekleme kısmı berbat. lol",mutluluk,sevgi,0.9642,goemotions_tr
"kaliteli ama 6inç telefona göre değil, çok sallıyor. daha küçük telefonu olan mutlaka alsın derim.",mutluluk,üzüntü,0.9641,winvoker
Eee... Kadın haklı. Alay edilecek bir şey görmüyorum ben burada.,mutluluk,öfke,0.9641,winvoker
Avrupa'ya taşınmaya niyetli oldukları ve gelişmiş bir bölgeye taşınarak karbon ayak izlerinin önemli ölçüde artacağı düşünüldüğünde durum daha da kötüleşiyor.,öfke,tiksinti,0.9641,goemotions_tr
"Tunceli’nin Çemişgezek İlçesi'nde yaşayan ve ailesine destek olmak için bir taraftan koyunlarını otlatırken; diğer yandan ders çalışan TEOG birincisi Mahir Gündoğdu, Robert Koleji’ne girdi.",mutluluk,nötr,0.964,winvoker
Bugün seni düşündüm. Umarım hala buradasındır.,nötr,sevgi,0.964,goemotions_tr
"Bu, hak ettiği kadar kötü bir şakaydı",öfke,tiksinti,0.9639,goemotions_tr
"Herkes bunu anlamlı bulmayabilir, ama en azından bana ve arkadaşlarıma yardımcı oldu :) Umarım başkaları da bunu faydalı bulur",mutluluk,sevgi,0.9639,goemotions_tr
"Ama tüm bunlar ortalama insana zarar veriyor, para toplamanın doğru yolunu göstermiyor.",üzüntü,öfke,0.9639,goemotions_tr
Haha evet. Çömelme tuvaletleri bu kadar yaygın mı? Gittiğimde onlardan kaçınmayı umuyorum.,mutluluk,şaşkınlık,0.9639,goemotions_tr
Arkadaşımı göndermeye kalkan kişi benim arkadaşım olamaz abi,mutluluk,öfke,0.9639,winvoker
"servis 5 gün sonraya gün veriyor,karggo pazartesi teslim etti, servis cumartesiye gün verdi.servis sıkıntılıdır.acil ihtiyacı olanlara duyurulur.",mutluluk,üzüntü,0.9639,winvoker
Memnun kaldım ama otelde tam pansiyon olmaması iyi olmadı. Dısarı çıkmak sorun oluyordu. Yataklarda yay sorunu vardı. Belime geldi. Onun haricinde güzeldi.,mutluluk,üzüntü,0.9638,winvoker
"Ben kişisel olarak [İSİM]'i beğeniyorum ve şu anda takımda olabileceğini düşünüyorum, ancak Örgüt aynı fikirde değil.",üzüntü,sevgi,0.9638,goemotions_tr
ya çocuklar ilk filmin sonunda büyüdüler ya bu filmde büyük mü kalcaklar dolaba girince gene büyücekler mi anlamadim ben o olayi oyuncular ayni ya.,mutluluk,üzüntü,0.9638,mteb_movie
ürün daha bugun elime ulaştı ve deneme fırsatım oldu gayet kullanışlı bir ürün tek olumsuz tarafı yiyecekleri biraz geç sürede pişirmesi onun haricinde iyi bir ürün tavsiye ederim .,üzüntü,mutluluk,0.9638,winvoker
"ÜRÜNÜ YOGUN ARAŞTIRMALAR SONUCU BURADAN ALDIM ÜRÜN GAYET İYİ VE SESSİZ
BU FİYATA ŞİDDETLE TAVSİYE EDERİM",mutluluk,üzüntü,0.9637,winvoker
film guzeldi ama sonundaki helikopterden dusus cok sacmaydi adamin asagi dusmesi 5dk surdu adam telefon bile etti asagi duserken ucaktan dusse hadi gene olabilir diycem helikopterle nasi o kadar yuksege ciktilar anlamadim.,mutluluk,üzüntü,0.9636,mteb_movie
Size zaman ayıran birine siz de zaman ayırın. Nokta.,nötr,sevgi,0.9636,goemotions_tr
Sanırım Centrifugal Bumblepuppy'yi kastetmişti,mutluluk,şaşkınlık,0.9636,goemotions_tr
saticida hic bir sorun yok gayet guvenilir saglam.,üzüntü,mutluluk,0.9636,winvoker
"Evet, genç oyuncuları takas etmek bizi daha iyi yapmaz.",nötr,öfke,0.9636,goemotions_tr
"Bunu duyduğuma sevindim, yardımcı olabildiğime sevindim.",mutluluk,sevgi,0.9636,goemotions_tr
"David Fincher'ın kendine has filmlerinden. Karanlık ışıksız bir atmosfer çiziyor. Karikatürize edilmiş gibi karakterler var karşımızda. Biri bilinçaltında oluşmuş eğlenceli, hayatı kafasına takmayan çılgın deli dolu özgür bir adam. Diğer yanda hayatını işine adamış uykusuz, sorunlarının çözümlerini farklı yerlerde arayan bir adam ve orta da kalan karanlık kim olduğu bilinmeyen bir kadın. Filmin sonunda anlaşılan gerçeklik aslında çok saçma geliyor, sizi etkilemiyor sanki öylesine konulmuş aptalca bir gerçek gibi. Bu filmin gerçekçiliğini tamamen toz ediyor. Bu yanı kötü. Ama diğer yanda garip senaryosu ve karanlık atmosferi var. Sıkıcı olmayan garip bir film 10/8",mutluluk,üzüntü,0.9635,winvoker
Yani bir kuyumcuya ve bir televizyon programına ihtiyacımız var. Bahse girerim lol,mutluluk,sevgi,0.9635,goemotions_tr
Bakalım [İSİM] bu konuda ne düşünüyor...,nötr,şaşkınlık,0.9634,goemotions_tr
"lol zorbalık değil. Sadece sosyal olarak bilinçli bir nerd, halkımın çoğunun ne kadar sinir bozucu olduğundan şikayet ediyor.",mutluluk,öfke,0.9634,goemotions_tr
arşivimde yer alan filmlerden bir tanesi. konusu ve gerilim temposu ile zamanına göre oldukça kaliteli bir yapım. izlemenizi tavsiye ederim. satış fiyatına gelince kesinlikle alınmalı türkçe ve ingilizce dil seçeneği mevcut türkçe altyazısı mevcut özel dvd seçenekleri mevcut bu fiyata gerçekten kaçırılmaz.,üzüntü,mutluluk,0.9633,mteb_product
Tekrar izlemek için en sevdiğim sezonlardan biri. Tüm muhteşem dövüşler. [NAME] sonsuza dek kraliçe,mutluluk,sevgi,0.9633,goemotions_tr
Seneryo saat gibi tik-tak işleyerek zamanın nasıl geçtiğini anlamamanızı sağlıyor. Sürüklüyor sürüklüyor sürüklüyor ve sonunda uçurumdan aşağı atıyor. Tam olarak şaşkınlık değil başka bir duygu veriyor. Belki de &quot;afallama&quot; ...,mutluluk,şaşkınlık,0.9633,winvoker
sen kahpe bizansın mahsun güzeli prenses elenora ydın bense kara muratın tokat manyağı yaptğı kimsenin sikinde olma,mutluluk,üzüntü,0.9632,winvoker
yapısı ince.,mutluluk,üzüntü,0.9632,winvoker
"Tuvaletleri kirlenmesin, temiz kalsın diye kapıları kilitlenen tek ülke kesinlikle Türkiye. Çok garip bir toplumuz",mutluluk,tiksinti,0.9632,winvoker
ses olarakta çok az ses çikartiyor.,mutluluk,üzüntü,0.9632,winvoker
Aslında tüm subreddit'i karantinaya almışlar lanet olsun...,nötr,öfke,0.9631,goemotions_tr
asus gibi bir markaya yakışmayan bi ürün sessiz büyük luk iyi amma çekim mesafesi çok kötü usb alicisini mausu kullandığın tarafa takarsan sıkıntı yok ama pc diğer tarafina taktığında calismiyor veya algilamiyor birdaha düşünün derim  hepsiburda yada teskurederim  hizmetlerinden dolayi,mutluluk,üzüntü,0.963,winvoker
vestelin en düşük kaliteli ürünü paranız varsa daha iyisini alın... i̇şgörür,üzüntü,mutluluk,0.963,winvoker
"montaj için kullanılan vidalar kolay yalama olabiliyor.daha güclü vida kullanılabılırdı ,kutu içeriğinde yedek vida ve tekerler cıkmıyor.sünger malzemesi biraz fazla sert.",mutluluk,üzüntü,0.9629,winvoker
"İlginç, hatırlayabildiğim kadarıyla hiçbir kıyafetimde barkod görmedim. Ama sık sık kıyafet satın almıyorum.",mutluluk,şaşkınlık,0.9629,goemotions_tr
son yıllarda  kendi alanında   ödüllü bir  eserdir..bu eser  oyuncularının  kalitesi ile de  tescillenmiştir. herkes  izlemeli bu filmi...pişman olmayacaksınız  emin olunuz.,üzüntü,mutluluk,0.9628,mteb_product
teşekkür ederim...,mutluluk,sevgi,0.9628,winvoker
ürünün plastik kalitesini beğenmedim ama diğer özellikleri tatmin edici.,mutluluk,üzüntü,0.9628,winvoker
-belli bir süre sonra yavaşlıyor denmiş. o da yalan. onu diyenler telefonun anasını ağlatıyor. bir sürü uygulama yükleyip ram ini dolduruyor. telefon ne yapsın.,mutluluk,üzüntü,0.9627,winvoker
Sanatta sınır olur mu?,nötr,şaşkınlık,0.9627,winvoker
"Gidip hissedin ki, bedeniniz de onu rahat bırakabilsin.",nötr,sevgi,0.9627,goemotions_tr
aslında ürün 5 yıldızı hak ediyor ama satıcı hak etmiyor o yüzden 4 yıldız!!,mutluluk,üzüntü,0.9626,winvoker
telefon siparişimden 2 gün sonra elime ulaştı. normalde lg g2 kullanıcısıyım istemeden telefonumu değiştirmek durumunda kaldım.. telefonun bataryası pek hoşuma gitmedi eğer benim gibi telefonu 7-24 telefonu elinizden düşürmeyen birisiyseniz fazla önermem...aynı şekilde telefon kulaklığı sony e yakışmamış...biraz alışmam zor olacak galiba... ama hepsiburada kesinlikle profesyonel çalışıyor.  hb ailesine teşekkür ederim...,mutluluk,üzüntü,0.9626,winvoker
İnsanların eğlenmesine izin verin,nötr,sevgi,0.9626,goemotions_tr
aldığım bu ürünü büyük beklentilerle almıştım ama wifi sinyal seviyesi problemli olduğu için iade ettim. ürünü iade için ücretsiz kargoya verdikten yaklaşık 30saat sonra para iadesi yapıldı. hepsiburada. coma hızlı bir şekilde sorunumla ilgilenip çözdüğü için çok teşekkür ederim. açıksası bu kadarını beklemiyodum. :-),üzüntü,mutluluk,0.9625,winvoker
"En sevdiğiniz grubun hangisi olduğunu söyledikten sonra ""Bunun kim olduğunu bilmiyorum"" diyecek kadar ne kadar iddialı olmalısınız?",nötr,şaşkınlık,0.9625,goemotions_tr
casperden beklentim kötüydü bu ürünü alana kadar. tavsiye ederim ancak kargoyu tavsiye etmiyorum kutusu yırtıktı allahtan ürünün kutusu sağlamdı kutudan dolayı iade etmeyi bile düşündüm ama şansımı deneyıp actım,mutluluk,üzüntü,0.9625,winvoker
~~cis~~ transfobikler. Tüm cis insanlar değil.,nötr,öfke,0.9624,goemotions_tr
Konut fiyatları tavan yapmış.,mutluluk,nötr,0.9624,winvoker
Ayrıca neredeyse her zaman ıskalarlar ve bu da fırında kül olarak kalan o korkunç ince simit tabakasına yol açar.,öfke,korku,0.9624,goemotions_tr
"Harika, şimdi normalden daha aptal görünüyorum",mutluluk,utanç,0.9624,goemotions_tr
Şişko diye dalga geçtiğiniz kız kendini aç bırakıyo tipsiz diye dalga geçtiğniz cocuk içine kapanıyor fakir diye alay ettiğiniz çocuk ailesine bakabilmek için ağır işlerde çalışıyor çünkü sizin komik bulup dalga geçtiğniz şeyler başkalarını paramparça ediyo,mutluluk,üzüntü,0.9624,winvoker
"sadece ekran cok kaygan, bazen dokunmatigi iatedigim gibi kullanamiuorum. bide paralel ticarrt oldugundan adaptor donusturuyle geliyor ve kulaklik yok kutu icinde.",mutluluk,üzüntü,0.9624,winvoker
"Oof kızım... İlk başta bunun bir hiciv olduğunu düşündüm, çok iğrençti.",öfke,tiksinti,0.9623,goemotions_tr
"geçen yıl ekimde aldım evet bıos update gerekti zaten yeni update çıkmıştı update yaptım ve canavar gibi gidiyor ek 8 Gb ram de ilave ed,ip 16 gb a yükselltim oynayamadığım oyun yok herkese tavsiye ederim işlemcim ryzen 2600",üzüntü,mutluluk,0.9623,winvoker
Tek olmadığıma çok sevindim. Her şey olduğundan beri hep aşırı hassas olduğumu düşünmüşümdür,şaşkınlık,sevgi,0.9623,goemotions_tr
Umarım başbakanla güzel bir konuşma yapmıştır,mutluluk,sevgi,0.9623,goemotions_tr
Hey! Görebileceğim veya dinleyebileceğim bir çalışmanız var mı?,nötr,şaşkınlık,0.9623,goemotions_tr
"Merak etmeyin, bol şans!",mutluluk,sevgi,0.9622,goemotions_tr
Annem NASA'da çalışıyor ve görünüşe göre hayır. Onlara kredi acenteleri için numaralar ve kredi alma ipuçları içeren broşürler verdiler lol. Bu biraz korkunç.,mutluluk,korku,0.9622,goemotions_tr
haycanlara yardım etmek için işimi kolaylaştırdınız teşekkürler,mutluluk,sevgi,0.9622,winvoker
[NAME]'in şimdiye kadar çalıştığı en iyi menajer/antrenör olduğunu söyledikten sonra [NAME]'den bahsetmemesine şaşırdı,mutluluk,şaşkınlık,0.9622,goemotions_tr
Hiç de değil.,nötr,öfke,0.9621,goemotions_tr
Kulübe hoş geldin. 3 ay önce bana sert vurdu ve hala iyileşiyorum.,şaşkınlık,sevgi,0.9621,goemotions_tr
"teşekkürler, metropolitan google aramalarına göre meşru görünüyor.",mutluluk,sevgi,0.962,goemotions_tr
teşekkürler h.b.,mutluluk,sevgi,0.962,winvoker
Puanı çok az.Al Pacinonun görünmediği kare yok.Mütiş bişey.Türkçr dublaj filmi batırıyor.Cnbc-e acilen filmi orijinal olarak sansürsüz vermeli...,mutluluk,üzüntü,0.962,winvoker
"Çok güzel, uzun zamandır bu kadar mutlu olmamıştım!",mutluluk,sevgi,0.962,goemotions_tr
İki salak İngiliz hırsız ve beş kişiden oluşan uyuşturucu kullanan adamlar .,nötr,öfke,0.962,winvoker
[NAME] ligdeki en çok takma isim rekorunu kırdı bile. Bu çocuğu durdurmanın bir yolu yok...,nötr,öfke,0.962,goemotions_tr
"Katılıyorum. Eğer birileri ""sözcüklerle öldürüldüyse"", [NAME]'i aptal gibi gösteren en iyi gönderiler de dahil olmak üzere tüm gönderilerdi.",mutluluk,öfke,0.962,goemotions_tr
O senin halı süpürmeni istiyor. Sana patronluk taslıyor.,nötr,öfke,0.962,goemotions_tr
ağbi kadroya bakarmısınız yani gerisi boş ne kadar kötü bir film olsada robert de niro var,mutluluk,üzüntü,0.9619,winvoker
"Ben de tam bunu yorumlamak üzereydim. ""Ama"" ve ""neden"" arasında da duraklama var",nötr,şaşkınlık,0.9619,goemotions_tr
+ ıslak zeminde cok iyi,üzüntü,mutluluk,0.9619,winvoker
"Formalar dışında, optik ürünler sonradan akla gelen bir şey. Keşke daha da ileri gitseler.",nötr,sevgi,0.9618,goemotions_tr
Genel olarak 6. sırada onun ve obj arasında bir seçim yapmam gerekti ve [NAME] ile gittiğim için mutluyum.,mutluluk,sevgi,0.9618,goemotions_tr
ürün ilk etapta resimde görüldüğünen daha küçük geldi bana. ancak işlevi güzel fena değil.i̇yi bir frekans yakamak için baya uğraştım doğrusu ama değdi.blootut konuşma pek başarılı değil. ses kısık geliyor. aracın sesini baya açmanız gerekiyor.genel itibari ile iyi sayılır.,mutluluk,üzüntü,0.9618,winvoker
harikasürekli burdan otele ve müdüre sallayan kişiye sesleniyorum  sana acımaya başladım  otele laf edeceğine kendini yetiştir biraz bu kadar kindar olma  otelde burdaki    kişi kalmadı o otele ben dahil binlerce kişi kaldı eminim ben gibi hepside memnun ayrılmıştır sırf sizin yazdığınız şeyleri merak ettiğimden gittim otele bu kadar karalama yapmayın yazık herkes çok kibar nazik ve otelde gayet konforlu  sizin acınız nerden anlayamadım otel şehre  km  fiyat fazla geldiyese kalmayın dönün  kimse kimseyi zorla yatıramaz tatil yaptıramaz ne kadar anlamsız şeyler yazıyorsunuz yaa bu kadar seviyesiz hakarete varıcı eleştiri olurmu  müdür bey sigara içiyor yazmışsınız bende adamla sohbet ettim sigara kullanmıyor bile yazdığınız yalan yanlış şeylere cevap vermesi neden zorunuza gidiyor,mutluluk,üzüntü,0.9618,winvoker
Vallahi bu aralar istediğimiz tek şey huzur,mutluluk,sevgi,0.9618,winvoker
"Bilim Kurulu Üyesi Prof. Dr. Hasan Tezer, okulların 31 Ağustos’ta açılıp açılmamasında bayram sürecinin belirleyici olacağını söyledi.",mutluluk,nötr,0.9618,winvoker
Beni ziyaret eden herkesi Lands End'e götürüyorum. Oradan Sea Cliff'e geri dönüş yürüyüşünün büyük hayranıyım!,mutluluk,sevgi,0.9617,goemotions_tr
Aksi çok saçma olurdu .,nötr,öfke,0.9617,winvoker
ABD'de Kovid-19 nedeniyle yaşamını yitirenlerin sayısı son 24 saatte 290 artarak 128 bin 451'e yükseldi.,mutluluk,nötr,0.9617,winvoker
"O tartışmıyor, soruları tartışmacılara soruyor ve onların argümanlarını bilerek mahvetmek istediğini söylüyor",nötr,öfke,0.9616,goemotions_tr
gençler bu mause bir müddetlik bir mause olduğundan dolayı bunu 3 4 yıl kullancakmış gibi düşünmeyin 10 milyon tıklama sonrası mausesi çöküyor,mutluluk,üzüntü,0.9616,winvoker
"KC'de yaşayan bir Broncos taraftarı olarak, HAYDİ COLTS!!!",nötr,öfke,0.9616,goemotions_tr
Tek pişmanlığım daha önce hesap açmamış olmam. Uzun süre gizlice izledim çünkü söylemeye değer hiçbir şeyim olmadığını hissettim.,üzüntü,utanç,0.9616,goemotions_tr
Vay canına.,öfke,şaşkınlık,0.9615,goemotions_tr
ürün güzel ancak aynı gün teslimat seçeneğini seçmeyin... çünkü vereceğiniz ekstra kargo ücretiyle kalırsınız. sonra müşteri hizmetlerinden günlerce mail beklersiniz,mutluluk,üzüntü,0.9615,winvoker
ürünü alır almaz ektim ve uygun koşullarda ektim 2 ay oldu ancak 1 tanesi bile çıkmadı.hızlı gönderi için tşk.,üzüntü,mutluluk,0.9615,winvoker
küçük çocuklar için uygun değil. birbirlerine zarar verebilirler kenarları keskin.,mutluluk,üzüntü,0.9615,winvoker
Ruh sağlığı konusunda proaktif olmanız güzel bir iş.,mutluluk,sevgi,0.9615,goemotions_tr
bi̇raz tekerlek gi̇bi̇ büyük duruyor:) hareketleri̇ kistliyor ev i̇çi̇nde fi̇yatina göre i̇yi̇ şuna deyi̇nmek lazim hepsi̇burada bu i̇şi̇ yi̇ bi̇li̇yor tesli̇mat hizi çok i̇yi̇ :),üzüntü,mutluluk,0.9614,winvoker
En sevdiğim kısım ise Azizlerin tamamen haklı olması ama bunun zerre kadar önemi olmaması.,öfke,sevgi,0.9614,goemotions_tr
Benzodiazepinler uzun vadede kaygıya yardımcı olmaz. Onu daha da kötüleştirir.,tiksinti,korku,0.9614,goemotions_tr
"Hahaha! Aman Tanrım, bu çok komik. Takım için bir şey aldığın için teşekkürler. Kötü olduğunu duydum ama o kadar da kötü değildi.",mutluluk,sevgi,0.9613,goemotions_tr
ücretli kurulum ve kanal geçişleri yavaş diğer özellikleri fena değil,mutluluk,üzüntü,0.9612,winvoker
Bu adam burada,nötr,öfke,0.9612,goemotions_tr
bununla ilgili bir LPT vardı ama onları kullanmadığım için hatırlamıyorum işte:,nötr,şaşkınlık,0.961,goemotions_tr
Gazeteciler değil...medya aktivistleri.,nötr,öfke,0.961,goemotions_tr
Peki ya civcivler?,nötr,şaşkınlık,0.9609,goemotions_tr
Bu neden eksi oy alıyor lol?,mutluluk,şaşkınlık,0.9609,goemotions_tr
fiyat performans gayet iyi,üzüntü,mutluluk,0.9609,winvoker
Rus kanı içmeyi kes!,nötr,öfke,0.9609,winvoker
ürün çok sağlam fakat resimde görüldüğü gibi televizyona takılan kısımlar duvara dokunuyor. televizyonu bu yüzden asamadım ardından duvarla parça arasına katladığım kağıdı koydum bir kaç mm boşluk oluştu ve bu şekilde astım.,mutluluk,üzüntü,0.9609,winvoker
Bunun altyazıyla alakası yok.,nötr,öfke,0.9608,goemotions_tr
kötü yorum yapanlar uğraştırıyor diyor hiç diilse artık bu aletle yanma olmuyor 2 3 gün. parasını hak ediyor,mutluluk,üzüntü,0.9608,winvoker
Umarım karda eğlenmişlerdir!,mutluluk,sevgi,0.9608,goemotions_tr
üst demlik cam güzel şık alt ısıtıcısı sayesinde dem sürekli sıcak oluyor,üzüntü,mutluluk,0.9608,winvoker
bu filmin çok büyük bir kısmının ikincisiyle birlikte çekilmiş olması beni biraz huzursuzlandırıyıor.o sırada ikinciye konsantre oldukları için 3. biraz geri planda kalmıştır diye düşünüyorum.izlenmesine izlenir.rekor da kırar.ben de geldiği gün koşa gidip izlicem ama dediğim gibi güzel olduğu konusunda kuşkularım var.bir de söylemeden geçemicem.afişi hiç güzel olmamış.gözalıcı değil.tamam jack sparrow tek başına yeter ama ne biliyim sisler arasından çıkıyo falan.çok demode.neyse izlemeden yorum yazıyoruz.önemli olan 25 mayıs günü.izleyip herşeyi görücez.,mutluluk,üzüntü,0.9608,winvoker
bu yiyecekler bize ne kadar yeter?,mutluluk,şaşkınlık,0.9607,winvoker
adamlar yapmiş ama sarji sikinti biraz,mutluluk,üzüntü,0.9607,winvoker
Simpsons lara ben de bayılıyorum.Eğer birileri bu siteyi takip ediyorsa ben de fikrimi söyleyim.Dublaj olmasın,mutluluk,sevgi,0.9607,winvoker
baban çok zengin mi acaba [İSİM],mutluluk,şaşkınlık,0.9607,goemotions_tr
beğenmediğim yanı: kutudan çıkan kulaklığın ve şarj kablosunun kalitesiz olması,mutluluk,üzüntü,0.9607,winvoker
"fiyatı ucuz, kalitesi orta. beklediğimden ince çıktı. eğer sert zemin üzerinde kullanacaksanız önermem. uzun süre kullanabileceğimi düşünmüyorum şaun",mutluluk,üzüntü,0.9606,winvoker
Çok düşünceli bir yazı ve güzel bir benzetme.,mutluluk,sevgi,0.9606,goemotions_tr
"İyi, yaklaşan stres için çakralarımı hizalamak için bir saate ihtiyacım var",mutluluk,sevgi,0.9606,goemotions_tr
"-kulaklığının ses kalitesini malesef tatmin edici bulmadım. orta seviye bir ses kalitesine sahip olduğunu söyleyebilirim, müziğinize önem veriyorsanız ve boğuk sesler dinlemek istemiyorsanız, daha canlı ve net müzik dinleme zevki arıyorsanız tavsiye etmiyorum.",mutluluk,üzüntü,0.9605,winvoker
[NAME] daha çok bir [NAME] mi yoksa bir [NAME] mi?,nötr,şaşkınlık,0.9605,goemotions_tr
güzel teşekkürler.,mutluluk,sevgi,0.9605,winvoker
onlara bunu anlamalarını sağlamak için iyi şanslar,mutluluk,sevgi,0.9604,goemotions_tr
çamaşır makinamız bozulmuştu kilo enerji uygun fiyata göre ürünleri değerlendirdim ve bu ürünü almaya karar verdim 2 yıldır sorunsuz kullanmaktayım gayet işlevsel birürün,üzüntü,mutluluk,0.9604,mteb_product
deniz yatağı ve float şişirmek için aldım. fakat uçları uygun çıkmadı. balon şişirmek dışında bir işe yaramadı.  gerçi baloncunun ücretsiz verdiği sabun büyüklüğünde aparat daha etkili şişirdi.,mutluluk,üzüntü,0.9604,winvoker
"evett, ben de yeni vardiyadaki arkadaşım *çak beşlik*. Tebrikler!",mutluluk,sevgi,0.9604,goemotions_tr
"[İSİM] kahretsin, Dünya'nın en sıkıcı, en bilimsel insanı olmama rağmen astrolojiyi seviyorum... Boğa burcu Amber beni güldürdü.",mutluluk,sevgi,0.9604,goemotions_tr
Bilmiyorum,nötr,şaşkınlık,0.9604,goemotions_tr
ekranı ve ürün gövdesının malzemesı bence pek ıyı değil. hatta dandik. ama bu performansını azaltıyor dıyemem ..,mutluluk,üzüntü,0.9604,winvoker
Elbette! Mutlu pasta günü ًںژ‚ًںژ‰,mutluluk,sevgi,0.9603,goemotions_tr
"Yardımcı olabilirim, özel mesaj at :)",nötr,sevgi,0.9602,goemotions_tr
"Sadece [İSİM], yardımcı liderleri, en deneyimli bakanları... bir personele saldırdığına ve milletvekili olarak görevine devam ettiğine dair kanıtlar olduğunu unutmayın...",nötr,öfke,0.9602,goemotions_tr
Tmm onlar da ölsün senin de gönlün olsun,üzüntü,sevgi,0.9602,winvoker
Bu albümü dün indirdim ve bayıldım!,mutluluk,sevgi,0.9602,goemotions_tr
Derek'i severim. Netflix'teydi ve her bölümde gözlerimden yaşlar boşaldı ve histerik bir şekilde güldüm. İptal ettikleri için üzgünüm.,mutluluk,sevgi,0.9601,goemotions_tr
"ürünü aldım, yorum yazmak için kullanmayı bekledim.kullandım ve çabuk kuruduğunu farkettim.bu fiyata göre ancak böyle bir kalite beklenebilirdi zaten.bence daha kalitelisini alın.bundan sonra bende öyle yapacağım zaten",üzüntü,mutluluk,0.9601,winvoker
"[İSİM]: ""S o D! Kapat şunu!""",nötr,öfke,0.96,goemotions_tr
çok akıl almaz bir senaryo yapanlara oynayanlara teşekküler,mutluluk,üzüntü,0.96,winvoker
"Haklısın, her destekte mongolar var. Bu, onu gördüğünde söylememen gerektiği anlamına gelmiyor.",nötr,öfke,0.9599,goemotions_tr
Ailenize LOL,mutluluk,sevgi,0.9599,goemotions_tr
Çünkü III zaten remastered halde... neden olmasın?,nötr,şaşkınlık,0.9598,goemotions_tr
Neden özellikle kadınlara ve beyaz olmayanlara soruyorlar?,nötr,şaşkınlık,0.9598,goemotions_tr
OWL hakkında ne dedi?,nötr,şaşkınlık,0.9597,goemotions_tr
[İSİM] TÜM ligdeki en iyi oyuncu mu?,nötr,şaşkınlık,0.9597,goemotions_tr
lastik ses seviyesi gayet başarılı.,üzüntü,mutluluk,0.9596,winvoker
jiminin söylediği şeyleri söylemeyin,mutluluk,öfke,0.9596,winvoker
"İşte bunu özetleyen mor bir kalp! Aman Tanrım, romantik scooter'larla uyumlu, ağlıyorum",üzüntü,sevgi,0.9596,goemotions_tr
Bu sahip olunabilecek korkunç bir süper güç. Belki [NAME]'i düzeltebilirsin.,öfke,korku,0.9596,goemotions_tr
Gözde'nın hırsına aşık oldum,mutluluk,sevgi,0.9596,winvoker
"Bunu çok hoşuma gitti, başkalarının da aynı şekilde hissettiğini bilmiyordum.",mutluluk,sevgi,0.9595,goemotions_tr
bu tarz film sevenler kesinlikle sinemada izlemeli cd sinin çıkmasını beklemesinler çünkü orjinal sesiyle izlenirse çok hoş bir yapım olmuş brad pitt şiveli konuşuyor bu kesinlikle takdire layık yahudi avcısı rolündeki aktör de inanılmaz tarantino kendini bulmuş diyebilirim keyif alacaksınız :),üzüntü,mutluluk,0.9595,winvoker
"siparişi ordu dan verdim. ürün 3 günde geldi. yorumlarda kırılgan yapısından bahsedilmiş, ama ben yinede creative kalitesine güvenerek aldım. ses konusunda hiç bir çekinceniz olmasın gayet sağlıklı. bas ve tizler kulağa gayet güzel geliyor. yapısına gelince. resimde büyük gibi görünüyor ama göründüğü kadar büyük değil. yorumlardan bahsedildiği gibi gerçekten kırılgan. ürünü almadan önce nasıl kırıyorlar diye merak etmiştim. iki defa kırıp yapıştırdım. vidalar ile tutturulmuş yerlerden kırılıyor. o yüzden kullanırken kulaklığı fazla germemeniz gerekiyor. nazik bir kullanımda gayet uzun ömürlü. eğer bu kadar kırılgan olmasaydı bu kadar ucuz olmazdı. creative ye güvenin.",üzüntü,mutluluk,0.9595,mteb_product
Ah [İSİM] neden yeşil günü buna dahil etmek zorunda?,öfke,şaşkınlık,0.9595,goemotions_tr
">Kaldığımız için, mutluluktan çok mutsuzluk olabilir. Muhtemelen duyduğum en üzücü şey.",üzüntü,tiksinti,0.9594,goemotions_tr
İyi mücadeleyi sürdürün,mutluluk,sevgi,0.9594,goemotions_tr
Savunmamıza hiç güvenmiyorum. Andujar'ın menzilini artırabileceğinize inanmıyorum.,şaşkınlık,öfke,0.9594,goemotions_tr
"Durun, değil mi? *daha yakından bakar* Ha.",nötr,şaşkınlık,0.9594,goemotions_tr
insanın şöle okkalı bi dayak yiyip üstünede bira içesi geliyo yaw:DD,mutluluk,üzüntü,0.9593,winvoker
Kızım Nerede?,nötr,şaşkınlık,0.9593,winvoker
Bunu izlerken fark ettim ve kahkaha attım... çok iğrençti! Düğün montajlarını izledikten sonraydı.,utanç,tiksinti,0.9592,goemotions_tr
"arkadaslar yorumlarınızı gördüm,bende hem uygun hem ıyı olmasını istiyorum.tek endısem fırını.fırınını kullanan arkadasların yorumlarını beklıyorum sımdıden tesekkürler:)şu ana kadar hepsiburadadan aldıgım hiçbir üründe sorun yasamadım ama bunda kararsızım yardımlarınızı beklıyorummm",üzüntü,mutluluk,0.9592,mteb_product
"FILMI IZLEMEYENLER OKUMASIN!!!!!! Filmde anlamadigim birsey var, sean penn&#39;in kizi oldurulunce ortalik birbirine giriyor herkes katili ariyor ama tim robbinsi oldurunce olay kevin bacon tarafindan bilindigi halde yanina kar kaliyor.yani bu arkadas bile olsalar mantikli mi?? sonunda tim robins haybeye olduguyle kaliyor yani bu mudur son ya da bu nasil son?",mutluluk,üzüntü,0.9592,winvoker
emiş gücünün  gerçekten yüksek olduğunu söyleyebilirim,üzüntü,mutluluk,0.9592,winvoker
will e üzüldüm yaw..:(..sevdüğüne hasret kalacak...ama devamında bizi daha ne ilginçlikler bekliyor bilinmez...yılam hikayesine döndürmezler umarım...:),mutluluk,üzüntü,0.9592,winvoker
"Çok ateşli bir yaklaşım, eğer birileri bunu bozarsa yazık olur.",üzüntü,öfke,0.9592,goemotions_tr
Of. Bu egoyu incitti. Ve bunu yapmak kolay değil.,üzüntü,öfke,0.9591,goemotions_tr
herkese teşekkürler.,mutluluk,sevgi,0.9591,winvoker
Formamda onun imzası var. Gençken Canadian Tire'da bunun için sıraya girmiştim. Mutlu emeklilik!,mutluluk,sevgi,0.959,goemotions_tr
montajı çok zor. plastiği kırmamak için çok uğraştım...,mutluluk,üzüntü,0.959,winvoker
Annesini arayıp ona ulaşmaya çalışıp çalışmadığını sormasını ve ona neyin yanlış olduğunu söylemesini beğendim.,mutluluk,sevgi,0.959,goemotions_tr
ev kullanimi icin ideal profesyoller icin uygun olmayabilir benim isimi gorecek,mutluluk,üzüntü,0.959,winvoker
Ben yazının her yönüyle ilgili değilim .,nötr,öfke,0.959,winvoker
> Ne? Ben de buna katılıyorum,öfke,şaşkınlık,0.959,goemotions_tr
"Buna pek inanmazdım, kesinlikle kalıp önce ligi kazanmayı tercih ederdim, dürüst olmak gerekirse onu suçlayamam",nötr,öfke,0.959,goemotions_tr
Çok güzel görünüyor!,mutluluk,sevgi,0.9589,goemotions_tr
Tamam ozaman Arabistanda yaşamak istediğin sonucunu çıkaralım mı ?,mutluluk,şaşkınlık,0.9589,winvoker
"saat bugün elime geçti, oldukça şık. fakat led ışığının rengi kahverengimsi sarı ve tek noktadan. yalnızca akrep yelkovanı aydınlatıyor ki, beyaz oldukları için karanlıkta dahi görürsünüz zaten. hafif loş ışıkta dahi dijital göstergeleri okumakta zorlanırsınız (saatin ışığını bile yaksanız dahi, çünkü ışık dijital kısmı aydınlatmıyor). bu nedenle fonksiyonellikten, pratiklikten uzak olduğunu, fonksiyonellikten çok, şık siyah, iri bir saat arayanlar için doğru seçim olacağını düşünüyorum.",mutluluk,üzüntü,0.9589,winvoker
Bunun bir hiciv olup olmadığını söyleyemem. Bu tamamen [NAME] ve [NAME] baba rock havası yaratıyor.,nötr,öfke,0.9589,goemotions_tr
"yapilan istatistiklere göre 10 - 17 yas arasi gençlerimizin pek bi begendigi, oyuncularina hayran oldugu, kitaplarini okumaktan öte ezbere bildikleri video çekimi...",üzüntü,mutluluk,0.9588,mteb_movie
"Bu kadar yeter, domuz.",nötr,öfke,0.9587,goemotions_tr
guzel bir film tavsiye ederim,üzüntü,mutluluk,0.9587,mteb_product
[NAME] bir ırk arkadaşı değil,nötr,öfke,0.9587,goemotions_tr
nereden açtım şu programı ya sarışın kadın entelektüel tarz adı altında zerre susmuyor kafam şişti ve kumanda bozuldu,mutluluk,üzüntü,0.9587,winvoker
markaya para vermeyin boşuna.,mutluluk,üzüntü,0.9587,winvoker
"Dediğim gibi, onun için bunun işe yaramasına sevindim ama dünyanın çoğu yerinde kazançlı bir işte çalışan insanlar için toplumsal normlar kesinlikle önemli.",mutluluk,sevgi,0.9586,goemotions_tr
arkadaşlar telefon olarak gayet iyi bir telefon.,üzüntü,mutluluk,0.9586,winvoker
makas keskin. keserken de ses çıkarmıyor. kedicik uyurken kestim.farkına dahi varmadı.,mutluluk,üzüntü,0.9586,winvoker
Kovuldu ve var olmaktan utandırıldı. İyi kurtulduk.,öfke,utanç,0.9586,goemotions_tr
ürün beklenenden çok daha iyi olduğunu değerlendiriyorum. daha yeni kullanmaya başladım. fiyatı gayet makul. servis hizmeti çok iyi. tavsiye ederim.,üzüntü,mutluluk,0.9585,mteb_product
ürün wp 8.1 ile geliyor ve çok kötüydü ancak wp10 güncellenesini yapinca olaganüstü bir cihaza dönüstü,mutluluk,üzüntü,0.9585,winvoker
[NAME] suç olmaktan çıkarılmaya açık olduğunu belirtti. Bu noktada karar mecliste.,mutluluk,nötr,0.9585,goemotions_tr
Beni en çok ben yordum,mutluluk,korku,0.9585,winvoker
Birçoğu Halkın Oyu aktivistleri tarafından aktif olarak kur yapılıyor ve ikna ediliyor. Siz sadece bu gerçeği kabul etmekten aktif olarak kaçınıyorsunuz.,nötr,öfke,0.9584,goemotions_tr
"""New Jersey bölgesinin"" 5700 milyoner kaybettiğini söyleyip sonra bunun New York şehrini de kapsadığını açıklamak saçmalıktır.",nötr,öfke,0.9584,goemotions_tr
O bir mazoşist ve ne kadar rahatsız edildiğini görünce tahrik oluyor,nötr,öfke,0.9584,goemotions_tr
Ve melankolik .,nötr,korku,0.9584,winvoker
Şaşırmadım haha,mutluluk,şaşkınlık,0.9582,goemotions_tr
derme catma yogun sunta kokusu bariz dsarida birakilmis civileri uzerindeki pelusun her yere dokulmesi.asla alinmamasi gerekn urun die sorsalar kesinlikle bu derdim.,mutluluk,üzüntü,0.9582,winvoker
"&quot;Dahi bir insan nasıl olur keçileri kaçırır&quot; sözcüğünü çok saçma buluyorum. Bazıları halen fazla akıllı olmakla deliliğin arasında ip ince bir çizgi olduğunu kavrayamamış. Bunun biyolojik açıklamasını yapardım ama gerek yok kafa ütülemeye. Filme gelince ; türkiyede 1 milyon kişi izledi, 10. haftasında box office te 7. fazla söze gerek yok. Bu filmi nasıl beğenmezsiniz anlamıyorum. Daha ne istiyosunuz, herşey mükemmel..",mutluluk,üzüntü,0.958,winvoker
"Biliyorum ve talihsiz olan şey şu ki, bu bölgedeki arkadaşlarımın çoğu, tam anlamıyla iğrenç tiplerle benzer deneyimler yaşadı.",üzüntü,utanç,0.958,goemotions_tr
Çünkü kendisi ikiyüzlü,üzüntü,öfke,0.958,winvoker
Umarım çaylak anlaşması sona erdiğinde sen de aynı şekilde hissedersin,mutluluk,sevgi,0.9579,goemotions_tr
"Biz sadece 100 milyondan fazla ölüme sebep olan katil siyasi felsefeleri benimsediklerinde onlardan nefret ediyoruz gibi görünüyor. Garip, değil mi?",öfke,tiksinti,0.9579,goemotions_tr
kalemi sınavlara çalışmak için almıştım gerçekten kaliteli ve gösterişli ama yazı yazmaya uygun değil parlak bölge çok kaygan kalem elimde durmadı daha çok çizim için sanki hele bir de eliniz sık terliyorsa elden kayıp gidiyor. bir yakınıma hediye ettim. kötülemek için değil ama yazı yazmaya uygun değil gibi,mutluluk,üzüntü,0.9579,winvoker
Ha ha. Bir şeyi tanımlayarak varlığa getiremezsin.,mutluluk,öfke,0.9578,goemotions_tr
christian bale bu filmde kendini asmistir..,mutluluk,üzüntü,0.9577,mteb_movie
Ne istiyordu?,nötr,şaşkınlık,0.9577,winvoker
arkadaşım beni [İSİM] ile tanıştırdığında sadece 7 veya 8 yaşındaydım,nötr,şaşkınlık,0.9577,goemotions_tr
fiyat performans bakımından fena değil.,mutluluk,üzüntü,0.9576,winvoker
Sadece Flagstaff'ın kuzeyindeki bir kulübede yalnız kalmak istiyorum.,üzüntü,sevgi,0.9576,goemotions_tr
"Polisin tehditlerle başa çıkmak için giderek daha militarize hale gelmesi çılgınlık, sadece buna dayanarak onları neredeyse 3. madde kapsamına sokabilirsiniz.",nötr,öfke,0.9576,goemotions_tr
resim kalitesi cokcok iyi yanliz montaj icin duvara tam 15 tane civi caktim,mutluluk,üzüntü,0.9575,winvoker
ürün piyasaya göre fiat olarak biraz yüksek ama taksitli olması güzel:),üzüntü,mutluluk,0.9575,winvoker
tutma yerleri cok kucuk elini buyukse tavsiye etmem amator kullanim icin uygun capraz atlana biliyor,mutluluk,üzüntü,0.9575,winvoker
Halüsinasyonlara neyin sebep olduğuna bağlı,mutluluk,şaşkınlık,0.9575,goemotions_tr
"açıkcası koku biraz ağır geldi çok fazla kullanınca bayabiliyor, ama durex kalitesi ortada",mutluluk,üzüntü,0.9575,winvoker
"sipariş verdikten iki gün sonra geldi, köpeklerim garip ve ciko iştahla yedi, bıkarlar mı bilmiyorum. daha önce markasını unuttuğum bir mamayı, ponçikim önce yemiş ve daha sonra yememeye başlamıştı. bir ay sonra yazarım belki.",mutluluk,üzüntü,0.9575,winvoker
bazen survivorı izlemeyi bırak boşu boşuna kendini ne ozuyorsunama adem için katlaniyorum survivor,mutluluk,üzüntü,0.9574,winvoker
Sadece birkaç yıl daha demenizdeki iyimserliğinizi takdir ediyorum,mutluluk,sevgi,0.9574,goemotions_tr
Şu anki ilişkiniz nedir? Deneyimlerime göre 20 yaşından küçük kadınlar her zaman daha büyük (0-3 yaş) erkekleri ararlar.,nötr,şaşkınlık,0.9574,goemotions_tr
Harika vakit geçirdiğinize çok sevindim! Ve birçok insana da güzel bir deneyim yaşattınız!,mutluluk,sevgi,0.9574,goemotions_tr
eksik olarak kullanım klavuzu detaylar ve kullanım hakkında açıklayıcı olarak düzenlenmemiş. çoğunlukla şemalarla gösterilmiş. anlaşılıyor ama yine de bir iki yerde deneme yanılmayla buluyorsunuz bazı şeyleri.,mutluluk,üzüntü,0.9574,winvoker
Katlanamiyorum Hiç bir şey ifade etmiyor Biz yerimizi değil haddini bilecek,mutluluk,öfke,0.9574,winvoker
[NAME]: Duyduğuma göre artık videolu tanıtımlar yapıyorsunuz? [NAME]: Ben de öyle düşünmüştüm...,nötr,şaşkınlık,0.9574,goemotions_tr
[NAME]'i işe almadığımız için hala sinirliyiz. [NAME]'i getirirdi.,nötr,öfke,0.9573,goemotions_tr
"bunların dışında hafif, ince, kutusundan ekran koruma filmi yapıştırılmış olarak çıkıyor. ekran piksel sayısından dolayı net görünüyor. fiyat olarak mantıklı.",üzüntü,mutluluk,0.9573,winvoker
"Son kez [İSİM], SEN [İSİM] DEĞİLSİN",nötr,öfke,0.9573,goemotions_tr
Katılıyorum ama onu zorlayamam.,mutluluk,öfke,0.9572,goemotions_tr
Yükseliyor mu? 90'larda 16-17 gibi görünüyor.,nötr,şaşkınlık,0.9571,goemotions_tr
Çünkü şişman olmaktan hoşlanmıyorum lol.,mutluluk,öfke,0.9571,goemotions_tr
"En iyi his, ders bittiğinde ve sıranın sana gelmemesi ve böylece ertesi güne kadar sunum yapmak zorunda kalmamandı.",mutluluk,sevgi,0.9571,goemotions_tr
[NAME]'in her zamanki gibi birini orospusu yaptığını duydum. Bunu ne sıklıkla yaptığını hatırlayan var mı?,öfke,şaşkınlık,0.957,goemotions_tr
ya gerçekten filmin asıl sonu 9dk. sonra mı? ya allah kahretsin filme iki kez gittim ama asıl sonunu izleyemedim.üf film vizyondada degil artık nasıl öğrencem ben bu filmin sonunu DVD de varmıdır? :''''((((((,mutluluk,üzüntü,0.957,winvoker
Sinemada izledim çok büyük bir beklenti ile gittim hüsrana uğradım diyemem ama o kadarda abartılı bir beğenim olmadı türün meraklıları ve sevenleri için izlenmesi gerekli bir film ama bu tarz filmleri beğenmiyorsanız sıkıntıdan patladımda demeniz muhtemel filmin sonları daha heyacanlı olacakları tahmin etme konusuna katılmıyorum kötü bir senaryo değil bence,mutluluk,üzüntü,0.957,winvoker
korku filmi deyince sayabileceğimiz bir kaç filmden bir tanesi,mutluluk,üzüntü,0.957,winvoker
arkadaşlarım bu kitabı cok daha uyguna almışlar 30 ile 35 arasında 4 kitab ben de en hesaplı alışveriş sitesi olduğunu düşündüm için hepsiburadayı tercih ediyorum fakat fiyat cok pahalı lütfen biran önce fiyatı indirin bende hemen alayım teşekkürler,üzüntü,mutluluk,0.957,mteb_product
"fena değil, fiyata göre iyi, yedekte bulunsun.",mutluluk,üzüntü,0.957,winvoker
Sırf bu yüzden bölümün sonunda grubun ikiye ayrılması son derecede rahatsız edici .,nötr,öfke,0.957,winvoker
"Herkesin ne yapıyorsa bırakıp bu en iyi videoyu mümkün olduğunca çok, sonra da daha çok izlemesi gerçekten çok önemli.",mutluluk,sevgi,0.9569,goemotions_tr
"ürün tam bir ayda ulastı elime. kalitesi umduğum gibi, fiyatına göre iyi.",üzüntü,mutluluk,0.9569,winvoker
"üründen tam verim almak için aracınızın cam suyu haznesine iki şişe koymanız gerekiyor. ben aracıma bir şişe koymuştum hiçbirşey anlamadım, daha sonra iki şişe birden koyduğumda kokusu ve lekeleri çıkarması daha etkili oluyor.",üzüntü,mutluluk,0.9569,winvoker
...*Üniversiteye gitmeyip bunun yerine umarım net bir getirisi olan bir derece için para ödeyen herkesi yerden yere vuruyorum*,mutluluk,öfke,0.9569,goemotions_tr
sokak canları nefes almadan yediler üstelıkkargo ücretsiz bol bol alıp sokak canlarına yedirelım kış geldi,mutluluk,üzüntü,0.9569,winvoker
"bence film ne çok güzel ne de çok kötü ortalarda seyreden bazen şaşırtıca ama genel anlamda klasik gerilim filmlerinden... hatta gerilim bile değil bence sadece gizem... ilginç başlıyo ortalara doğru biraz kafa karıştırıyo ama sonu gerçekten güzel... tam bitirmiyolar tabiiki filmi... sanırım sonunu tahnime bırakmak istiyolar ama bence çok da ettili olmamış... sonuçta da bir gizem payı var... ama yinede iyi bir film diebilirim... filme tam kapılamasanız da istediğiniz şeyi bulabilirsiniz herhlade :) ... bi de jim carry var tabii... açıkçası filme giderken ön yargım vardı yani bir komedi oyuncusundan iyi bir gerilim karekteri beklemiyordum... ama filmde fikrim değişti sayılır... yani filmde jim carryi değilde başka birisini izliyo gibiydim, esprileri bile farklıydı, bu da rölünü iyi yaptığını gösterir bence :)",mutluluk,üzüntü,0.9569,winvoker
Okullar açılmalı mı? Ağustos’ta başlayacak yüz yüze eğitim için uzmanlar farklı görüşte.,mutluluk,şaşkınlık,0.9569,winvoker
ancak direksiyon üstündeki 2 adet çıkıntıya sığmadı. aracım focus 2.,mutluluk,üzüntü,0.9568,winvoker
Neden AGPL yerine GPL?,nötr,şaşkınlık,0.9568,goemotions_tr
sürrealist renkler severseniz muhteşem cihaz,üzüntü,mutluluk,0.9568,winvoker
Karım beni terk etti ve ben sadece kırıldım. Bu gece 7 yıllık temizliğe geri döndüm ve artık bir anlamı olmadığını görüyorum,üzüntü,öfke,0.9568,goemotions_tr
Bütün fetişlerin iyi olduğunu iddia etmeyelim.,nötr,öfke,0.9568,goemotions_tr
"Vur ya da kaçır, kimsenin umurunda olur mu ya da olmaz mı ha..? Kimse beni sevmiyor ve babam da beni terk etti yuh...",üzüntü,öfke,0.9567,goemotions_tr
İKİ TANE ŞEREFSİZ,üzüntü,öfke,0.9567,winvoker
Bunu duydum. Aklıma geldi,nötr,şaşkınlık,0.9566,goemotions_tr
ya anlamak mümkün degil su kurtlar vadisini elestirenler gitsin önce aski memnuyu elestirsinler.neymis efendim 1 puan bile vermezmismis.lan gidip kiytirip yabanci filmlere 10 puan veriyosunuz ama.bu kadar tarafli olunmaz ya bi kerede dürüst olun dürüstt.,mutluluk,üzüntü,0.9566,mteb_movie
"Mini-beni böyle aşağılamaya cesaretin var mı? [İSİM] gelip seni ""lazer ışınıyla"" vuracak.",nötr,öfke,0.9566,goemotions_tr
Malzeme kaliteli duruşu albenisi gayet güzel. Kargo firması hariç kurulum ekibi gayet kibar ve ilgiliydi.,üzüntü,mutluluk,0.9565,winvoker
Irkçılık daha duygusal anlatılamazdı heralde.Arşivinizde yoksa hemen evden yada nete girdiğiniz cafeden çıkın ve bu filmi alın derim.,mutluluk,üzüntü,0.9565,winvoker
Bu durum beni toplum içinde yüksek sesle güldürdü ve rahatsız edici bakışlara sebep oldu.,mutluluk,öfke,0.9565,goemotions_tr
bir hafta önce aldım çalışması iyi. dışarıda nekadardır diye sormadım. sitede görünce hemen aldım. ama eminim bu fiyattan daha yüksektir dışarıda.  siparişten bigün sonra geldi. tavsiye ederim..,üzüntü,mutluluk,0.9565,mteb_product
&quot;0.5&quot;/10=&gt; filmi anlatan en güzel sey.,üzüntü,mutluluk,0.9565,winvoker
fiyati biraz fazla malesef ki,mutluluk,üzüntü,0.9565,winvoker
telefonla görüşme yapabildim. yalnız karşı taraftan gelen ses seviyesi düşük. ayrıca konuşmanızı da karşı,mutluluk,üzüntü,0.9564,winvoker
"tamam film güzel ama bence bu kadar abartılmayı haketmiyor,,sonunun çok güzel olduğu söylenmiş ama en başından tahmin edilebilir bir sondu,,yani benim için öyleydi,,filmin türü korku değil gerilim olmalı zira korkutucu öğeler içermemekte,,bu kadar puanı haketmiyor,,, 10/8",mutluluk,üzüntü,0.9564,winvoker
anlık ihtiyaçları karşılar. fiyatı uygun.,üzüntü,mutluluk,0.9564,winvoker
ilgi çekecek bir konu ve değişik bir anlatım var. ilk başlarda sıkıcı gelebilir ancak kitaba çok geçmeden kapılıyorsunuz. tavsiye ederim.,üzüntü,mutluluk,0.9564,mteb_product
"Rusya Savunma Bakanlığı’ndan yapılan açıklamaya göre, koronavirüs aşısının,  20 kişilik ikinci gönüllü grubu üzerindeki klinik testleri başarıyla tamamlandı.",mutluluk,nötr,0.9563,winvoker
Öğreneceğin çok şey var tatlı yaz çocuğum,nötr,sevgi,0.9563,goemotions_tr
Hav hav şükürler olsun ki havamı değiştirdim,mutluluk,sevgi,0.9563,goemotions_tr
Bu konuyla ilgili konuşmak istemiyorum .,nötr,öfke,0.9562,winvoker
1 yıldır kullandığım bir ürün. söylenilenin aksine araca bağlanan parçaları boyayı çizmiyor. kalın boya ile kaplanmış bu uçlar. tekerlekli sandalye veya 2 adet bisikleti rahatlıkla taşıyor. tek eksiği bisikleti koyduğunuzda bağalntı parçalarına sürtünerek çizilebiliyor kadro. oralara yumuşak bir kaplama gerekiyor. bez de konulabilir bisikleti takmadan.  kullanışlı bir ürün.,üzüntü,mutluluk,0.9562,winvoker
Evet belki iki yıl içinde sonunda bir kanıt parçası elde edecekler haha,mutluluk,şaşkınlık,0.9562,goemotions_tr
ürün 2 günde elimize geçti. genel olarak iyi lakin ön tekerleklerde sıkıntı oluyor.  manevrası iyi değil. bide  alçakta kalıyor gibi geldi bana .,mutluluk,üzüntü,0.9561,winvoker
Bu cevap beni kıkırdattı. Bir moronun sana çarpmasına üzüldüm! Umarım araban tamir edilebilir!,mutluluk,sevgi,0.956,goemotions_tr
İntihar etmeyi mi?,nötr,şaşkınlık,0.956,winvoker
ürün umduğumda iyi çıktı arçeliğin malı olduğunu biliyordum.fiyetıda gayet iyi..bayide daha pahalı..hepsiburada.com a teşekkürler....,üzüntü,mutluluk,0.956,mteb_product
iyi köpeğim alman kurdu yedi ama çokta sevmedi,mutluluk,üzüntü,0.956,winvoker
kediye zorla poz verdirmeye calısıyolar tiplere bak,mutluluk,üzüntü,0.9559,winvoker
"ًںک‚ bana da lazım, tatildeyim ve dürüst olmak gerekirse hayatım şu anda reddit etrafında dönüyor, pasta günü özeldir, tadını çıkarın!",mutluluk,sevgi,0.9559,goemotions_tr
[İSİM] DIŞINDAKİ KİMSENİN [İSİM]'DEN DAHA İYİ OLDUĞUNU VEYA DİREKLERİN ÇIKTIĞINI SÖYLEMEYİN,nötr,öfke,0.9559,goemotions_tr
ahmet ümit severlerin seveceği bir kitap. üslup bakımından da konu bakımından da tam bir ahmet ümit klasiği olan kitabı ben severek okudum. ahmet ümit sevenlere tavsiye edilebilir.,üzüntü,mutluluk,0.9558,mteb_product
Allah yardımcın olsun kardeşim.,nötr,sevgi,0.9558,goemotions_tr
"İyi patatesler, iyi makarnalar.",mutluluk,sevgi,0.9558,goemotions_tr
İyi ki tek ben değilim,mutluluk,sevgi,0.9557,goemotions_tr
"Güzel, gerçekten maça gidiyorum! Harika, onu temsil ederken göreceğim.",mutluluk,sevgi,0.9556,goemotions_tr
Bu resmin sihirli olduğunu söylüyorlar. Kalbinizin en çok arzuladığı şeyi görüyorsunuz.,mutluluk,sevgi,0.9556,goemotions_tr
"bu filmi begenmeyenler gitsin de ironman, transformers gibi filmleri izlesinler. onlarin konulari süper degil mi?.",mutluluk,üzüntü,0.9556,mteb_movie
çok güzel bir film kelebek etkisinden sonra baktığım en şahane filmdi izlemeyenlere şiddetle tavsiye hazır vcd si de çıkmışken ailecek izleyebileceğiniz ender filimlerden,üzüntü,mutluluk,0.9556,winvoker
"Bunun en iyi yanı, Fox'tan Mary Shitbag'e kadar herkesin trollenmesiydi",mutluluk,tiksinti,0.9556,goemotions_tr
1-) kesinlikle 990fx chipsetlerinin hız aşırtma performansını veremiyor.,mutluluk,üzüntü,0.9556,winvoker
Aşı karşıtı olmanın cezası bu!,nötr,öfke,0.9556,goemotions_tr
"Bunlardan herhangi biri olsaydım ve ailemin buna ihtiyacı olsaydı, elbette yapardım. Diğer herkes: siktir git, bana ödeme yap.",nötr,öfke,0.9556,goemotions_tr
"abartılı yorumlara inanmayın. ben baya indirimle aldım; şu anki fiyatına değer mi bilmem ama orta kalitede, ayağı sıcak tutmaya çalışan bir ürün.",üzüntü,mutluluk,0.9555,winvoker
Hayır bu [İSİM],nötr,öfke,0.9555,goemotions_tr
"bir deli gibi saçmalıyor ve o da her şeyden önce ""güzel değil"" diye anılmaya odaklanıyor. Lol Uh oh, eksi oy treninin geldiğini duyuyorum!",mutluluk,öfke,0.9555,goemotions_tr
Arkadaşlar ben de 3 senedir kullanıyorum ve emiş gücü azaldı ben de haznenin yerine oturmadığını ondan olduğunu sanıyordum lakin uğraşarak sorunu buldum sakın makinayı değiştirmeyin ben az kalsın aşağı atacaktım :)) üst kapak açıldığında bir filtre var süngeri içine yerleştirdiğimiz filtre...... sorun tamamen onda. O zamanla tıkanıyor haftada bir bile yıkasanız onun tellerinin arasında kumaş gibi birşey var keçe gibi hava geçiremeyecek kadar dolmuş hava alamıyor içeri o yüzden. Temizleyerek açmanız mümkün değil onu değiştirmeniz gerekiyor. Ben ilk başta teli kenarından bıçakla keresek keçenin bi kısmını koparıp tekrar o şekilde taktım ve inanılmaz şekilde eski haline döndü halıdan çekip alamıyorum o derece. Tecrübeyle sabittir paranız cebinizde. O filtreyi komple çıkarıp öyle deneyim derseniz o olmadan da çekmiyor enteresandır. Yeni filtre ile sorununuzu tamamen çözebilirsiniz ya da benim yaptığım gibi teli kesip içini alarak..,mutluluk,üzüntü,0.9555,winvoker
parasına göre bir ürün.  basit birşey. çok teşekkürler hepsiburada.,üzüntü,mutluluk,0.9555,winvoker
"Yaşasın, tebrikler! :D",mutluluk,sevgi,0.9555,goemotions_tr
-foto/video çekmek icin ekrana basıosunuz ayrı bir tusu yok ama bunlar kafaya takılmycak kadar gereksiz.,mutluluk,üzüntü,0.9554,winvoker
küçük olan bunlarla pc den şarş yapamıyorsun sürekli uyarı veriyor. sanırım kablonun kalınlığı daha az. büyük olan ise ki bunu avm de koridorda lokal olarak satılan yerden almıştım arabam yanıyordu. kablo araba çalıştığı süre içinde telefona bağlı olmadan şarş aletine bağlı ise ucu ısınıyor. koltukta zedelenme yaptı. kesinlikle bu ürünlerden uzak durun.,mutluluk,üzüntü,0.9554,winvoker
Bu konuda iyi bir sporcu olmasına sevindim.,mutluluk,sevgi,0.9554,goemotions_tr
Tedavisi tamamlanan Burak Yılmaz takımla antrenmanlara başladı.,mutluluk,nötr,0.9553,winvoker
"aslında filmin verdiği politik mesajlar ve tito yugoslavyasına &quot;övgüsü&quot; o dönem hakkında çok fazla bilgi sahibi olmayan (benim gibi) bir izleyici için biraz antipatik gelebilir... şöyleki; verilen politik mesajlarla taraf olmadığım bir konuda herhangi bir tarafa çekilmekten pek hoşlanmadığımdan filmin bu yönü itici gelmişti izlerken... sonuçta halkların kardeşliği ve beraber yaşayabilmeleri tabiiki güzel birşey ama kusturica filminde bunu vurgulamak yerine sadece tito dönemindeki politik ortamı ve beraber yaşayan halkların altını çizmişti film boyunca... diğer taraftan filmin politik yönünü bırakıp görsel malzemelerine ve oyunculuklara geçersek, ciddi anlamda doyurucu ve beklentileri (yüksek beklentileri) karşılayan bir film... kusturicanın sevimli kitsch atmosferi, karakterlerin &quot;deli&quot; &quot;dolu&quot;luğu, tanıdık ezgilerin eşliğinde akan görüntüler falan... benim gibi politikaya falan takılmayın derim yinede... izleyin... izlenmesi gereken bir film...",mutluluk,üzüntü,0.9553,winvoker
Ne güzel bir an. Doğada olmak bu anlarda bana çok yardımcı oluyor :),mutluluk,sevgi,0.9552,goemotions_tr
Adam bir bardak elma şarabına kapıldı. Sülfitler yüzünden varoluşsal bir kabusta bir ay boyunca dişlerini gıcırdatarak ve kıvranarak geçirdi.,nötr,korku,0.9552,goemotions_tr
"ürün kolay kuruluyor,fakat malzeme özellikle katlanma mafsalları zayıf çocuk biraz yaslansa kırılacak gibi duruyor , ürüne göre fiyat pahalı",mutluluk,üzüntü,0.9552,winvoker
ürün boyut olarak çok iyi ancak yazma hızı vasat.araba teybi gibi kullanımlar için ideal olmasına rağmen günlük olarak yüksek boyutlu birşeyler yükleyip silecekler için uygun değil.,mutluluk,üzüntü,0.9551,winvoker
Öncelikle telefonu bir telefon mağazasından aldım.Telefon kesinlikle kullanımınıza göre cevap veriyor yani ben batarya konusunda sıkıntı yaşıyorum benden de kaynaklı ama yani beni tatmin etmiyor.Telefonu günde 7 saat kullanıyorum 4 saati yoğun 2 saat oyun oynuyorum 2 saat video izliyorum son aylarda kesinlikle şarjım yetmiyor akşam 5'te şarjım %30'a iniyor ve yetmiyor.İlk 5 ay daha yoğun kullanmama rağmen bir gün çok rahat yetiyordu.Batarya kendini salmış durumda performansda bir düşüş yok.İnşallah yararlı olmuştur.,mutluluk,üzüntü,0.955,winvoker
ürün fena degil ama direksiyon bayagı kalınlaştı ürün çok kalın olmamasına ragmen..,mutluluk,üzüntü,0.955,winvoker
"buradaki yorumları alıp okuduktan sonra almıştım bu ürünü bu yüzden suyu birden ve tazyikli açmıyorum, yavaş yavaş ve itina ile de kullanınca sorun çıkarmıyor.. ancak ekstra conta kullanmama rağmen suyu normal seviyelerde kullanınca yine de sulama tabancasının altından su damlatıyor.. bu fiyata yine de makul bir ürün.. çok fazla beklentiniz yoksa hor kullanmayacaksanız iş görür bir ürün..",üzüntü,mutluluk,0.955,winvoker
Sigara içmek sizi öldürür!! Size zararlıdır!!!!,sevgi,öfke,0.955,goemotions_tr
Güzel. Ben daha önce de kalmıştım.,mutluluk,sevgi,0.955,winvoker
"filmin düğün sahnesinde cranberries grubunun güzel solisti dolores ""linger"" şarkısını söylüyordu. gerçekten bayıldım. zaten böyle kalitesiz bir yapımla  saatimi boşa geçirdim düşünceleri içindeyken; doloresi bir filmde görmek beni teselli etti.",üzüntü,mutluluk,0.9549,mteb_product
"Meraktan soruyorum, kabile kumarhanelerinde sorun ne? Güney Kaliforniya'da harika olan birçok kumarhaneye gittim, Washington'dakiler kötü mü?",mutluluk,şaşkınlık,0.9549,goemotions_tr
"Ben jack'in kırık kalbiyim. Aynı uzay maymunu devam ediyor, &quot;Kültürümüz hepimizi tekdüzeleştirmiştir. Artık hiç kimse gerçekten beyaz, siyah veya zengin değil. Hepimiz aynı şeyi istiyoruz. Ama tek başımıza kaldığımızda hiç bir ... değiliz.&quot;",mutluluk,öfke,0.9549,winvoker
tek kusuru kurması biraz uğraştırıyor.,mutluluk,üzüntü,0.9549,winvoker
baba filmini görmediyseniz henüz sinema hakkında bir şey bilmiyorsunuz demektir 10/üzerinden/10,mutluluk,üzüntü,0.9548,winvoker
"Onun sadece Thooorin tarafından alevlendirildiğini hatırlıyorum, vay canına",nötr,şaşkınlık,0.9548,goemotions_tr
Şimdilik buna inanmana izin vereceğim. 3-5 yıl içinde ne demek istediğimi anlayacaksın. İyi geceler yabancı,nötr,sevgi,0.9548,goemotions_tr
O her zamanki gibi güzel ve mutlu,mutluluk,sevgi,0.9548,goemotions_tr
"""Dinle dostum!"" ""Dinle dostum!""",nötr,sevgi,0.9547,goemotions_tr
çok güzel teşekkür ederim..,mutluluk,sevgi,0.9547,winvoker
arabamın koltuklarını temizlemek için 2 kutu aldım. 1 kutu ancak ön iki koltuğu temizlemek için yeterli oluyor. o nedenle 2 kutu almada fayda var. kullanımı kolay. tavsiye ederim.,üzüntü,mutluluk,0.9546,winvoker
tabağımdaki yemek azdı paylaşamadım,mutluluk,üzüntü,0.9546,winvoker
malzeme kalitesi de fena değil. ağır çelik gövdeli cihazlar kadar sağlam olmasını beklemek haksızlık olurdu.,mutluluk,üzüntü,0.9546,winvoker
"diğer aldıgım mamalardan kendim dahi kokusundan rahatsız oldum, içine toprak koymus gibiydiler.",mutluluk,üzüntü,0.9546,winvoker
"ürünün tarihi geçtiği için fiyatı uygun! i̇ş görüyor, kokusu güzel bence.",üzüntü,mutluluk,0.9545,winvoker
Archer'ın Person of Interest'teki makine gibi olduğunu düşünmüştüm. Her şeyi izleyen ve suçu bir şekilde durduran veya caydıran bir AI.,nötr,şaşkınlık,0.9545,goemotions_tr
"ürün gerçekten kaliteli. bir yıldız vermemin sebebi; çok yüksek denilmesine rağmen gerçekten çok alçak, belkide ben yüksek yastıkta yattığım içindir. yattığınızda boyun desteği olduğumdan kafanız aşağıya sarkıyormuş hissi veriyor. alçak yastık seviyorsanız düşünmeden alın.",üzüntü,mutluluk,0.9545,winvoker
Bu her şeye değerdi.,nötr,sevgi,0.9545,goemotions_tr
Balergüç binmade nokula mincel demeza hurti hayren olmist veye sözenze kulan bu oraşar vedeni İnsağlu sok zortir da arcakte kiştir berisi yukleri görünü olsuz mespit hini parleşti,nötr,üzüntü,0.9544,winvoker
"Kendi tabiri ile evde kalmış bir kız kurusu olan Karen (Meryl Streep) bir baronla evlenip barones olmak için Afrika'ya gider.Daha trendeyken tanıştığı Dennis'e (Robert Redrord) kendisini barones diye tanıtınca 'daha değil' yanıtını alır. Bir otelde evleneceği adamı ararken girdiği bir salondan, buraya kadınlar giremez söylemi ile dışarıya çıkartılır. Baronla evlenir ve bir çiftlik sahibi olur ama daha ilk günden Afrikanın orta yerinde 'yağmurlardan önce dönmüş olurum' sözüyle yalnız bırakılır.Bütün çiftlik işleri ile yalnız başına uğraşırken kendi toprakları üzerinde başkalarının hizmetkarlığını yapan yerli halkın iyiliği için de belli belirsiz bir mücadeleye girişir. Daha sonra eşi döner ama bu kez de savaş çıkar.Savaş sırasında yaptıklarıyla herkesin saygısını kazanır ama savaştan sonra bir şey daha kazandığını farkeder; eşi ona frengi bulaştırmıştır.O yıllarda tedavisi zor olan bir hastalık olduğu için Danimarka'ya döner. İyileştikten sonra tekrar Afrikadadır.Eşi onu aldatmaya devam edince ondan ayrılır ve Dennis ile yakınlaşmaya başlar. Devamında gerçekleşen olayların sonucunda Afrikadan ayrılırken tekrar ilk geldiği oteldedir ve bu kez eskisinden farklı olarak kadınların girmesinin yasak olduğu salona davet edilir ve kendisinden o salondakileri birlikte içki içerek onurlandırması istenir. Kısaca böyle geçen film iki büyük oyuncusu ve büyük yönetmeninin yanı sıra güçlü kadın karakteriyle öne çıkıyor.Afrikanın güzelliklerinden güzel müziklerin eşliğinde iyi yararlanıyor. Ama bütün saydıklarıma rağmen 7 oscarlık bir filmden insan daha fazlasını istiyor.İnsanlardan filmi tek kelime ile tarif etmesi istenseydi ezici bir çoğunluk 'sıkıcı' derdi.",üzüntü,nötr,0.9544,winvoker
Arkadaşlar st500dm002 hdd sürücüleri iki adet alıp raid0 kurmanızı tavsiye ederim 6gb/sn hızının keyifini 2ye katlarsınız. Ayrıca veri güvenliğinize zarar gelmez.,üzüntü,mutluluk,0.9544,winvoker
"Vay canına, bugün Buckingham'a gidiyorum",nötr,şaşkınlık,0.9543,goemotions_tr
"hani yıllanmış, koleksiyon özelliği taşıyan küçük araçlar vardır ya. bu da 20 sene sonra bile ilk günkü gibi çalışacak gibi bir his verdi :) her ne kadar sipariş verdikten hemen sonra yüzde 20 indirime girmiş olsa bile :/ o his güzel değildi...",mutluluk,üzüntü,0.9543,winvoker
"Gerçekten çok beğendim. Dünya ve canavar gerçekten harika görünüyor, orijinal bir fikir.",mutluluk,sevgi,0.9542,goemotions_tr
Bir an bunun bir Friends göndermesi olduğunu düşündüm ta ki bunun hangi altyazı olduğunu görene kadar. I TAKE THEE RACHEL,nötr,şaşkınlık,0.9542,goemotions_tr
"Emniyette beklenen şark tayinleri gerçekleşti. İstanbul Emniyeti’nde görevli 39 müdür, il dışına ya da polis okullarına görevlendirildi. Görev yerleri değişen müdürler arasında İstihbarat ve bazı operasyonel şube müdürleri de bulunuyor.",mutluluk,nötr,0.9541,winvoker
.  cilgin dersanenin yeni versiyonu.,üzüntü,mutluluk,0.9541,mteb_movie
Yaşadığınız sorunlar neler?,nötr,şaşkınlık,0.9541,goemotions_tr
bezini beğenmeyenler almakta tereddüt ediyor..,mutluluk,üzüntü,0.954,winvoker
Sonunda onun bir yardımcı karakter olduğunu görmek çok güzel .,nötr,sevgi,0.954,winvoker
Anti-zeki demek istiyorsun,şaşkınlık,öfke,0.954,goemotions_tr
"Arog beni Gora kadar güldürmese de , en az onun kadar eglendirdi ... Keyifli bir 2 saat geçirmek , yer yer de gülmek için ideal ... 5/2 ...",üzüntü,mutluluk,0.9539,winvoker
duncanhakan malesef bu film oscar alamadı 1994 de rakipleri çok iyiydi ama bence akademide hakkını yedi,mutluluk,üzüntü,0.9539,winvoker
izlemeyanler çok şey kaybetmiş demektir..,mutluluk,üzüntü,0.9539,winvoker
Ben de aynısını istiyordum!,mutluluk,sevgi,0.9538,goemotions_tr
"ürün güzel ,şık fakat çok ağır ve çok büyük.apartmanda oturanlar hele de asansörü olmayanlar taşımakta zorlanırlar.tutulup taşınabilecek yeri de yok.bi de kalkışlarda patinaj yapıyo",mutluluk,üzüntü,0.9538,winvoker
Bu durumun çok kalabalıklaşacağını ve her şeyin çok kısa sürede duyurulmasıyla rezalet bir hal alacağını hissediyorum.,öfke,tiksinti,0.9538,goemotions_tr
Her ne kadar otizmden çok daha kötü bir ruhsal rahatsızlığı varsa.,nötr,tiksinti,0.9538,goemotions_tr
diğer alıcıların yorumları tamamen doğru. renk konusunda seçme şansınız yok. benim en son tercihim geldi.,üzüntü,mutluluk,0.9537,winvoker
4-hepsi̇burada com ve tedari̇kçi̇ fi̇rma sayesi̇nde i̇ade gerçekleşti̇ bi̇raz uzun sürdü ama yeni̇ ürün yeri̇ne para i̇adesi̇ yapildi,üzüntü,mutluluk,0.9537,winvoker
ürünü bozulan piyasa malı hesap makinam yerine aldım ve bazen çalışma masasında aksilik oluyor çay su dökülüyor  böyle kazalara birebir .,mutluluk,üzüntü,0.9537,winvoker
Ama blokları hızlandırıp net farkı neredeyse sıfıra indirmediler mi?,nötr,şaşkınlık,0.9537,goemotions_tr
KramponSport İnsanları aptal yerine koyuyor,mutluluk,öfke,0.9537,winvoker
"[İSİM]'i geri aldığınız için mutluyum, bazı insanlar başkalarına saygı duymuyor ve kendilerinin ve çocuklarının her şeyi hak ettiğini düşünüyorlar",mutluluk,sevgi,0.9536,goemotions_tr
Başlangıçtaki şapkalı adam bana [İSİM]'i hatırlatıyor,nötr,şaşkınlık,0.9536,goemotions_tr
evet film görsellik olarak iyi ama senaryo güzel degil di çok sadeydi sedece sonu etkileyiciydi onun içn bu film aldıgı 9 puanı bence hak etmiyor 10/7,mutluluk,üzüntü,0.9536,winvoker
belki fiyat olarak çok daha pahalı olacak ama bu ürünü kullanmaktansa düzgün bi boya koruma ürününnü tavsiye ederim. en azından sadece boya parlamakla kalmaz güneşim ve diğer etkenlerin yıpratıcı etkilerinden korur.,üzüntü,mutluluk,0.9536,winvoker
Bu beni kendimle ilgili çok daha iyi hissettirdi :),gurur,sevgi,0.9536,goemotions_tr
Emeğinize sağlık,mutluluk,sevgi,0.9536,winvoker
çok süperdi şaheserdi izlediğim en iyi filmdi,üzüntü,mutluluk,0.9535,winvoker
resimlerde sarı renk gösteriliyor ancak gelen ürün ikiside mavi kız çocuğuna mavi çok yakıştı :)renk secimi veya tek renk ise belirtilmeli bence .,üzüntü,mutluluk,0.9534,winvoker
10 saatlik reklam koymuşlar bu avengersa yetti ulan skip yapamıyor mu bu sinema görevlisi,mutluluk,üzüntü,0.9533,winvoker
Filmin mükemmeliğini artık tartışmaya gerek yok sanırım ama başka bir de özelliği anti-makyaj olması:) Siz siz olun asla bu filme makyaj yaparak gitmeyin yoksa ağzı burnu birbirne karışmış yüzü her makyaj malzemesinin bulamacı haline gelmiş bir şekilde çıkarsınız(film aralarında popcorn yerine mendil satılması da ayrı mizah konusudur),mutluluk,üzüntü,0.9533,winvoker
Hangi güvensizliklere sahipsiniz? x,nötr,şaşkınlık,0.9532,goemotions_tr
1. si dahili telefon hafızası 180 mb ve çok düşük 32 gb a kadar hafıza kartı desteklesede sistem uygulamaları telefon hafızasına yüklendiği için hafıza kartının fazla bi işlevi olmuyo.birinci eksiği bu.,mutluluk,üzüntü,0.9532,winvoker
"1- kablosuz donanımı çok güçlü değil, modemin yakınında olmazsa bağlantı sorunu yaşarsınız. mesela telefon ya da tabletin gayet iyi çektiği bir uzaklıkta tv internete bağlanmıyor. repeater satın almak zorunda kaldım.",mutluluk,üzüntü,0.9532,winvoker
"Evet, göreceğiz! Ayrı bir not olarak, kullanıcı adınızı ilk bakışta okuduğumda ""ItGetsThroughBoner"" olduğunu düşündüm.",mutluluk,şaşkınlık,0.9531,goemotions_tr
"Sorsanız herkes müslüman..Gerçekten sinirleniyorum.. bu kadar müslümanın yaşadığı bir ülkede neden bunlar  yaşanıyor..ahlaki, siyasi durumunu bir kenara bırakalım Günah ya GUNAH ..bir ağaç dikmenin sevabını bilseniz hayvanlara ev sahipliği yaptığı için çok sevap..vicdansizlar",mutluluk,üzüntü,0.9531,winvoker
ayrıca fiyatı çok yükselmiş ben yazın buradan hediye çeki indirimiyle 480 tlye almıştım filbox hediyeli.,üzüntü,mutluluk,0.9531,winvoker
gerçekten cok guzel bır fılm tamam kıtabına gore vasat olabilir ama s.king sevenler yüzyılın fırtınası ve bu filmi mutlaka izlemelli bence iyi seyirler...,üzüntü,mutluluk,0.9531,mteb_product
Gerçekten titriyorum. Umarım bu durumun yol açtığı PTSD konusunda ihtiyacın olan desteği alıyorsundur.,mutluluk,sevgi,0.953,goemotions_tr
ürünü bataryam lavaboya kısa geldiği için aldım,mutluluk,üzüntü,0.953,winvoker
Umarım sizin ve bebeğiniz için her şey yolunda gider. Bunu tek başınıza yapmak zor ama onun için değecek. :),mutluluk,sevgi,0.953,goemotions_tr
"kauçuk malzemesi orta kalitede, yani biraz sert bir malzemeden üretilmiş. sert kauçuk olduğu için de ayağımın altından kayıyordu, bende altına kaydırmaz serdim, sorun halloldu. koku neredeyse hiç yok. kokusu çıkmadı diyen arkadaşlara şaşırdım. görüntü olarak güzel. sonuç olarak bu fiyata alınır.",üzüntü,mutluluk,0.953,winvoker
Bir gün her şey çok güzel olacak,mutluluk,sevgi,0.9529,winvoker
film bittiğinde içim acıdı... hayaller kurmayı ne zaman bıraktım acaba..,mutluluk,üzüntü,0.9528,winvoker
Burayı hiç duymamıştım. Bir dahaki sefere oraya gittiğimizde ne yapacağımızı biliyorum!,mutluluk,şaşkınlık,0.9528,goemotions_tr
ürün fena değil ama fiyat biraz daha düşük olabilirdi.,mutluluk,üzüntü,0.9528,winvoker
"Dostum, senin adına mutluyum. Devam et, harika gidiyorsun!",mutluluk,sevgi,0.9528,goemotions_tr
ürünü aldım kullanıyorum ancak cok iyi bi ses kalıtesi var diyemem ama mikrofonu gercekten süper bu fiyata bi malzeme iyi derim...,üzüntü,mutluluk,0.9527,mteb_product
O çok yakışıklı,mutluluk,sevgi,0.9527,goemotions_tr
5-sakalim sert ve sık degil bendeki durum bu.,mutluluk,üzüntü,0.9526,winvoker
hd kanallar için olumsuz bir durum yok fakat normal yani hd olmayan kanalların kalitesi biraz düşük. bu anlamda beklentimin altında kaldı diyebilirim.,mutluluk,üzüntü,0.9526,winvoker
aynı modelin başka markasını kullanıyordum arızalanınca hızlı bir şekilde yenisini almam gerekiyordu. 2 gün sonra elime geçti. i̇htiyacımı görüyor. fiyatına göre gerçekten kaliteli,üzüntü,mutluluk,0.9526,winvoker
"Sen onu zaten kullandın, zalim dostum.",nötr,öfke,0.9525,goemotions_tr
"Bağımlı olmadan ortak olabilirsiniz, ayrıca ilişkinizi endişelendirmeden veya zedelemeden bireyselliğinizi koruyabilirsiniz. Her şey iletişimle ilgili.",nötr,sevgi,0.9525,goemotions_tr
sadece ön kapak yukarı sabitlememe rağmen eşyaları koyarken biraz rahatsız ediyor.,mutluluk,üzüntü,0.9525,winvoker
daha güzel olamazdı kaç defa izlediğimi hatırlamıyorum bileee,mutluluk,üzüntü,0.9525,winvoker
Bu Kurban Türkiye dahil farklı ülkede milyonlara ulaşan iyilik hareketimize siz de dahil olun,mutluluk,sevgi,0.9524,winvoker
fena değil. evde idare eder.,mutluluk,üzüntü,0.9524,winvoker
kokudan dolayı hala kullanamıyorum,mutluluk,üzüntü,0.9524,winvoker
"Bu, geç kalanların [NAME]'e doğru ilerlediği bir yıldı. Oysa geç kalanlar 2016'da [NAME]'e doğru ilerledi. Bu, onun neden bu kadar başarılı olduğunu açıklıyor.",mutluluk,şaşkınlık,0.9523,goemotions_tr
Filme gitmek için tek sebebim Al Pacino idi.Onu izlemek keyif verdi.Film olarak da kötü değildi.Robin Williams ise herhalde katil i oynayacak son kişiydi.Bu filmde ne işi olduğunu anlayamadım.Farklı rolde oynamak istemesi normal ama başarılı olmuyor işte.,mutluluk,üzüntü,0.9523,winvoker
üst seviye bir performans beklemeyin plastiği çok çok kaliteli değil ama işinizi görür.,mutluluk,üzüntü,0.9523,winvoker
sistemden uzak ve o sistemin kurallarında ezilen insanların kendi kurallarıyla kurdukları kalabalık içindeki yanlızlıkları anlatılıoyr bizi rock yıldızı veya ünlü bir aktör yapacağına inandığımız bu dünyada hiçbirşey olamayacağımızı anlamak bizi kızdırdı ve sisteme düşman etti.Unutulnaz sonuyla dövüş kulübü efsanesi...,mutluluk,üzüntü,0.9523,winvoker
"ucuz şarj cihazlarına para verip şarj ettimi etmedi mi? ne kadar var daha dolmasına diye yapılan hesaplamalar, bir kısmı trafolu olduğu için çantada tuğla taşıyormuş etkisi yapanlar... hiç değmez alın gitsin bunu.",mutluluk,üzüntü,0.9523,winvoker
"Sen bir kavunsun dostum, bu işler öyle olmuyor, beynin yıkanmış.",mutluluk,öfke,0.9523,goemotions_tr
"Lmao, bu adam Yeni Yıl Günü'nde Iowa başlığında oturup başka bir şey yapmadan laf atıyor.",mutluluk,öfke,0.9523,goemotions_tr
yere bir çizgi çekerek hiçbir zaman bu çizgiyi geçemeyeceksin oğlum dercesine dustin hoffmanın tom cruisea oyunculuk dersi verdiği film...sinema arihinde bu performansı geçen bir otistik karakter daha yok ama nedense hoffman sanırım hollywoodda birilerinin koltuğunu ürkütmüş olacak ki sonraki filmlerinde ona hakettiği roller verilmemiştir...,mutluluk,üzüntü,0.9522,winvoker
"Keşke benimki de buna inansaydı. Haha. O sadece yatağında zıplayıp gülüyordu, sonra da ağlıyordu. Belki sonunda anlar.",mutluluk,sevgi,0.9521,goemotions_tr
ona olan ilgimi kaybettiğimde hoşlandığım kişi beni rahatsız etmeye başladı. her iki durumda da kötü,öfke,tiksinti,0.952,goemotions_tr
Lol lezzetli görünüyor,mutluluk,sevgi,0.952,goemotions_tr
filmde andy nin gittiği mexicadaki o yeri google da aratıp oraya gitmeyi düşündüğümde tam bir hüsranla karşılaştım meğer o yer olabildiğince kalabalık biyermiş. bana anısı olmayan yer anlamına gelen baska biyer lazım. :),mutluluk,üzüntü,0.952,winvoker
Önemli olan ne? Bu sadece birbirleriyle savaşan 2 baskıcı kontrol sistemi değil mi?,nötr,şaşkınlık,0.952,goemotions_tr
kargo hızlı ürün kullanışlı fakat yaptığı waffle çok ince oluyor plakaların derinliği çok az,mutluluk,üzüntü,0.9519,winvoker
piyasada bulunan ünlü markanın telefonlarından müzdarip olduğumdan farklı marka telefon arayışına girdim huawei önceliğimdi kullanan arkadaşlarım ve detaylı incelemelerim sonucu p9 modelini aldım. hepsiburada.com ile ürün elime geçene kadar herhangi problem yaşamadım hatta konyada olmama rağmen12 saatte elime geçti telefon. özellik bakımından ve kullanışından çok memnunum kullanıcıya özel kişiselleştrime ve birçok özellik mevcut kutu içinde ekran koruma ve kılıf ile beraber geliyor. ve micro usb şarj yeri kullandığı için dönüştürücü de çıkıyor kutu içinden. herkeze tavsiye edebilirdim. ancak kötü bir talihsizlik sonucu 2 gün sonra suya düşürdüm. kulaklıktan ses gelmemesi ve ekran dokunmatiğinde problem oluştu. servise gönderdim ve haliyle ücretli onarım yaptırdım. bana çıkartılan ücret yüksek geldi araştırmalarımda da parçalarının pahalı olduğunu duymuştum zaten. servis raporunda telefonun her yerine ekranı köşeleri arka kapağı vs. çizik olduğunu defalarca belirtmişler ve servisten geldiğinde arka kapak kısmında çizikler vardı.. halbuki kutudan çıkarttığımdan beri kendi orjinal kılıfını kullanıyordum ve tek nokta çizik dahi yoktu sonucta 2 gün kullandım. sonuç olarak telefon özellik ve kullanım bakımından çok güzel hayran kaldım fakat yedek parça fiyatı ve tamir hizmeti çok vasattı.,üzüntü,mutluluk,0.9518,winvoker
bunun için yeterince komik değil,nötr,öfke,0.9518,goemotions_tr
dürüst insanlardan hic hoslanmiyom ya mesela benim bi tane yalaka arkadasim var onla cok iyi anlasiyoz cunku yalan,mutluluk,üzüntü,0.9517,winvoker
Endişelenmeyin! Umarım siz de benim kadar keyif alırsınız! :),mutluluk,sevgi,0.9517,goemotions_tr
Narsistik eski sevgilimden boşanıyorum ve o kitap bana çok yardımcı oldu!,mutluluk,sevgi,0.9516,goemotions_tr
"Sinemanın farklı filmlerinden biri.Bazen sen balığı yersin bazen de balık seni. Filmin başından sonuna kadar içten içe mide krampları geçirdim tabiki gülmekten. Bu adamlar içimizden birileri gibi sanki,espriler sıradan gibi görünüyor ama zamanla insanı çarpıyor. Kendi kendinize birden kıkırdamaya başlıyorsunuz. Acayip, anlatamadığım bir lezzet aldım filmden. Ama halı yine de odayı dolduruyordu....",mutluluk,üzüntü,0.9516,winvoker
"ONU ZATEN KAHVE İÇMEYE DAVET ET VEYA BİR ŞEY YAP! Ve umarım her şey onunla senin için iyi gider, bir dahaki sefere bu kadar çok sinyal bekleme.",mutluluk,sevgi,0.9516,goemotions_tr
beklediğimden daha hızlı sürede elime geçti. teşekkürler hepsiburada,üzüntü,mutluluk,0.9516,winvoker
"yeni bir tost makinesi almayı düşünüyordum fakat  markalar arasında  gidip geldim.fiyatıda uygun görünce hiç düşünmeden aldım, düşünseydim kesin bir kusurunu bulurdum. iyiki düşünmemişim çünkü aldığıma hiç pişman olmadım. gayet kaliteli bir makine , çıtır çıtır tostlar sizi bekliyor..",üzüntü,mutluluk,0.9516,mteb_product
ürün iyi sadece çok sesli çalışıyor.,mutluluk,üzüntü,0.9515,winvoker
İşimi gerçekten çok seviyorum ve 62 bin dolar maaş alıyorum. Bu çok yüksek bir maaş olarak kabul edilir mi bilmiyorum ama benim için fazlasıyla yeterli.,mutluluk,sevgi,0.9515,goemotions_tr
tam profosyonel olamaz.yari diyebiliriz. 5 6 sefer cok zorladim.asiri isindi sogumasi 2 saati gecti.fena koku geldi.fakat soguduktan sonra yine banamisin demedi.fakat surekli delmede fazla kullanamazsiniz.vidalama da sorun yok.,mutluluk,üzüntü,0.9515,winvoker
Gidip birkaç destek satın alın. Merdivenin yanlara düşmesini engeller.,şaşkınlık,sevgi,0.9515,goemotions_tr
ısrarla korkutmayı başarıyor. sanki korku çok uzun ve bitmiyor. zira film bitiyor ama müzik halâ uyarmaya devam ediyor. 9...,mutluluk,üzüntü,0.9514,winvoker
Son sözü söylemek için Miami'ye uçar mıydın? Lol,mutluluk,şaşkınlık,0.9514,goemotions_tr
"Sanatın gerçekten çok güzel dostum, bir müzede sergilenebilir.",mutluluk,sevgi,0.9513,goemotions_tr
Ya filmin kişiliği varsa?,nötr,şaşkınlık,0.9513,winvoker
bu siparişteki tek iyi şey siparişin zamanında gelmesi idi.,üzüntü,mutluluk,0.9513,winvoker
[NAME]'in 2 faulü var ve [NAME]'i boyalı alanda zorlamadılar mı?,nötr,şaşkınlık,0.9513,goemotions_tr
"Hayır, o benim kocam.",nötr,öfke,0.9512,goemotions_tr
tek kotu yani kalinligindan dolayi biraz buyuk. tasimasi biraz zor olabilir.,mutluluk,üzüntü,0.9512,winvoker
"Aman Tanrım, yaşadığı yer pislik çukuru mu?! Kusmak! ًں¤¢ًں¤¢ًں¤¢ًں¤¢",şaşkınlık,tiksinti,0.9512,goemotions_tr
Böyle insanlarla bağlantılı olarak pasif olmak da meseleyi görmezden gelmek de işe yaramaz .,nötr,öfke,0.9512,winvoker
göbek mandalı bezin altında rahstsuzlık veriyor,mutluluk,üzüntü,0.9511,winvoker
"""Yapamam, yapmam"" dedin ;)",nötr,öfke,0.951,goemotions_tr
Uzun zamandır gördüğüm en sevimli şey bu. Umarım giriş iyi gitmiştir.,mutluluk,sevgi,0.951,goemotions_tr
Arkada$lar 133 defa isledim... ewet yanlı$ okumadınıs... 133!!! Filmi islemeye ba$ladıınısda kendinisi alamıyosunus... Walla $unu çok içten söölüyorum bi gün bıkmak istiorum bu filmden çünkü çok zamanımı alıyo... :P Oyunculuk... senaryo... ba$arı...filmi daa çok islemeye sewk ediyo... Forever P.O.T.C. &amp; Johnny Depp!!!,mutluluk,üzüntü,0.951,winvoker
Ölümü önemsiz kılacak bir güç var mıdır?,nötr,şaşkınlık,0.9509,winvoker
Yorumlara bakıp bundan hoşlanmayan diğer insanları görmek güzel.,mutluluk,sevgi,0.9509,goemotions_tr
yanliz e5 te ayrintili uyari olmuyor bip sesi ve titresim oluyor sesli uyari yok telefona gore degisiyor ona gore alin,mutluluk,üzüntü,0.9509,winvoker
etrafindakilerin aptal insanlardan oluştuğunun gram bilincinde olmayip bi de üstüne kendini zeki sanan insanlar çok komigime gidiyo,mutluluk,üzüntü,0.9508,winvoker
flim ilk dakikalarda gerçekten sıkıcıydı sabrettim sonunu bekledim güzel bir sonla kapandı sağ gösterip sol vurdu diyebiliriz verdiğim puan 8/10... zaten 10/10 veren arkadaşlar esaretin bedeli filimini izlememişlerdir o filmi izledikten sonra hiç bir filme 10/10 vermezler....,mutluluk,üzüntü,0.9508,winvoker
çekim gücü çok iyi. başka modemlerle aynı alan ve mesafe içerisinde karşılaştırdım. üstüne yok... fakat başka bir şey daha keşfettim. eğer bu modemin birkaç metre yakınında duruyorsanız ağrı kesici almanız gerekiyor. çünkü en geç 10 dakika içinde müthiş bir baş ağrısı yapıyor.,üzüntü,mutluluk,0.9507,winvoker
fiyatına göre fena değil. akıllı saatlere yabancı olanlar için iyi bir başlangıç.,mutluluk,üzüntü,0.9507,winvoker
"dağ keçilerini vurmayın diyorsun, ayı yavrusunu öldürüyorlar. kaz dağları'nı koruyayım diyorsun, munzur vadisi gidiyor elden. uzungöl'ü kurtarayım derken, hasankeyf'i kaptırıyorsun. salda gölü'ne yoğunlaşıyorsun, dipsiz gölü kurutuyorlar. kötülük çok organize. başa çıkmak zor.",mutluluk,üzüntü,0.9507,winvoker
sanıyorum bütün tvlerde olduğu gibi kanal geçişleri biraz yavaş.,mutluluk,üzüntü,0.9507,winvoker
"farklı bir filmdi gerçekten.seyirciyi gergin tutmayı çok iyi başarmiş,ben çekik gözlülere biras hayranım:)bu da beni daha kolay etkiledi sanırım.izleyin derimm.iyi film.tabi müzikler de çok etkileyiciydi!",üzüntü,mutluluk,0.9506,winvoker
güzel bir ürün. lila ve bal sarkıtı gelmesine rağmen turkuaz olanını 3 haftadır bekliyorum. tedarikten site sıfır veriyorum. ama ürünler renk olsun desen olsun güzel.,üzüntü,mutluluk,0.9506,winvoker
tek eksisi ayaklarin plastik ve monte yerlerinin isaretsiz olmasi. bu alandaki tahtanin ayaklara sabitlenmesi bizi oldukca yordu.,mutluluk,üzüntü,0.9506,winvoker
"Bu çok üzücü. [İSİM], 'kaltak lazanyası'nı çal",üzüntü,öfke,0.9506,goemotions_tr
Çok güzel bir davranış :),mutluluk,sevgi,0.9505,goemotions_tr
"Bu beni güldürdü, ırkçı gibi görünmek istemiyorum ama... *ırkçılığa tamamen girişiyor*",mutluluk,öfke,0.9505,goemotions_tr
malzeme kalitesi iyi değil. bacakları ince ve çok dayanıklı değil. ancak çok büyük ve ağır bir makineniz yoksa ve amatörseniz işinizi görür. fiyatı da ucuz. çok fazla beklentisi olmayanlar pişman olmaz.,mutluluk,üzüntü,0.9505,winvoker
Günümü güzelleştirdin,mutluluk,sevgi,0.9505,goemotions_tr
Sevmediğiniz bir şeyi yapmak herkes için zor olabilir ama sonuçları aklınızda tutarsanız her şeyi başarabilirsiniz!,mutluluk,sevgi,0.9504,goemotions_tr
i̇lgileri için çok teşekkür ederim.,mutluluk,sevgi,0.9504,winvoker
Yani 7 yıldır oyun oynuyorum (15 yaşında oynamaya başladım ve şu an 24 yaşındayım). Saçmalık.,mutluluk,öfke,0.9504,goemotions_tr
Seninkinin de biraz daha iyiye gittiğine sevindim! Üzerinde çalışmaya devam et ve bir gün sen de sosyal bir kelebek olacaksın!,mutluluk,sevgi,0.9503,goemotions_tr
bir filmde Christopher Nolan parmağı varsa orda duracaksın aga,mutluluk,üzüntü,0.9503,winvoker
ürünün kumaş kalitesi mükemmel degil ama iyi dayanıklı bıraz sert..,mutluluk,üzüntü,0.9503,winvoker
"Gerçekten kafam güzel ve bu videoyu izlerken çok güldüm, normalde bu yaşlı adama çok üzülürdüm.",mutluluk,sevgi,0.9503,goemotions_tr
pilde duracell başka marka tavsiye etmem...,mutluluk,üzüntü,0.9503,winvoker
Öldüğümde [İSİM] ve [İSİM]'in benimle birlikte gömülmesini istiyorum.,nötr,sevgi,0.9502,goemotions_tr
daha izlememistim gitti tüm heyecani,mutluluk,üzüntü,0.9502,winvoker
Bakalım iki kardeşten hangisi kontrolü ele geçirip bu kirli işten galip çıkacak?,nötr,şaşkınlık,0.9502,winvoker
işyerinde bilgisayar başında gayet güzel bir kulaklık. bu fiyata daha ne olsun ki? herhalde sennheiser değil. eve gidip gelirken telefona takarak kullanıyorum. şu ana kadar bir sorun olmadı.,üzüntü,mutluluk,0.9501,mteb_product
Teşekkürler! Klinik çalışmalar içeriyor mu?,şaşkınlık,sevgi,0.95,goemotions_tr
"[NAME] haklıydı, yardımcı olmuyor. Bu [NAME]'i daha da kollarına iterdi.",mutluluk,öfke,0.9499,goemotions_tr
"Eminim ki o seni paradan daha çok önemsiyor. En azından bunu yapmadan önce onunla konuşma şansı ver, karar vermeden önce seçeneklerini araştırmalısın",nötr,sevgi,0.9499,goemotions_tr
"Orada Rus propagandasını içmekle meşguller, tmor'da nihai bir çözüm çıkarmak için.",nötr,öfke,0.9499,goemotions_tr
üç serinin belkide en göze batacak ama aralarında en az ilgi gören filmi bence bunu haketmiyor buda diğerleri gibi muhteşem,mutluluk,üzüntü,0.9498,winvoker
"2. klavyede hiç ışıklandırma yok. caps lock, num lock, power tuşlarına bastığınız anlaşılmıyor. özellikle caps lock açık mı kapalı mı onu belli eden bir durum yok, sadece ilk bastığınızda ekranda bir şekil beliriyor sonra kayboluyor. klavyeyi̇ beğenmedi̇m. malzeme kalitesi iyi ama.",mutluluk,üzüntü,0.9498,winvoker
23 senelik hayatımda seyrettigim en iyi gerilim filmi. Sinemada epey tırsmıştım. aHitchcock yorumuna söylemek istedigim bir şey war. bahsettigi sahne bir film hatası degildir. çünkü ölüler görmek istedikleri şeyleri görüyorlar zaten bu olay bruce willis ölü oldgunu anladıgı sahneden sonra parça parça ekrana geliyor.,mutluluk,üzüntü,0.9498,winvoker
"HAYIR kesinlikle yanlış. ŞİRKET PARASINI POLİTİKADAN ÇIKARMAYA ÖNCELİK VERMELİYİZ, YOKSA BU ÜLKEDE ASLA BAŞKA BİR SORUNU ÇÖZEMEYECEĞİZ.",şaşkınlık,öfke,0.9497,goemotions_tr
"bugüne kadar kullandıklarım diş fırçasıysa, bu nedir?",mutluluk,şaşkınlık,0.9497,winvoker
Onun arkasında insanlar olmasını ve [İSİM]'in onlara çok sert bir şekilde pas vermesine izin vermelerini umuyordum,mutluluk,sevgi,0.9497,goemotions_tr
sipariş verdikten 4 gün sonra gelmesine rağmen ilk kullanışımdan yana 1 hafta geçti ve 2 günde bir değil de 5 günde bir e kadar çıkardı şimdiden kılların alımını.alırken endişeliydim.tek kötü özelliği çok hızlı ve fazla ısınması ve bir yerden sonra yanık kokusu gelmesi ve korkudan fişi çekmem onun dışında hiç bir kusuru yok.,mutluluk,üzüntü,0.9496,winvoker
"Olumlu yönleri: Mükemmel temizlik gücü. Ekonomik fiyat.

Olumsuz yönleri: Temizlik başlıkları sadece iki tane.Aksesuar olarak biraz zayıf.",mutluluk,üzüntü,0.9496,winvoker
fiyat olarak çok uygun..temizlemesi suyun altında yapılıyor..iş görüyor..ancak plastik endişesi olanlara çelik çubuklulardan almanızı tavsiye ederim..benim de endişem var ama yine de fiyatı cezbetti,üzüntü,mutluluk,0.9496,winvoker
"ürün fena değil zemin bandı ayarsız o yüzden kayıyor ama kurulumu kolay , zemin band ayarında  yapılıyor birkaç dakikada . ekran sağ sol unda bulunan yuvalara tel su vs sığmıyor avuç içi kadar yerler koşu bandında bakkallık yapacaz sanki bozuk para için yapılmış gibiler. görünüm çok güzel ve ağır duruyo sağlamlık hissini oluşturyo.",mutluluk,üzüntü,0.9495,winvoker
telefonu 10 aydır kullanıyorum şu ana kadar telefon ile ilgili hiç bir sorunile karşılaşmadım 2 defa düşürdm hiç birşey olmadı sadce ekranında ufak bi cizik var onuda demir çizdi. yanında verilen kulaklık cok cok iyi kalite olarak değilde kısayol tuşları ile harika .,üzüntü,mutluluk,0.9495,winvoker
Bazen sadece gülmek gerekir.,nötr,sevgi,0.9495,goemotions_tr
ürünü alalı 2 hafta oldu.fiyatına göre iyi.daha fazlasını  beklememek lazım bu fiyatla.,üzüntü,mutluluk,0.9495,winvoker
"Çok güzelsin. Ayrıca dondurma konusunda da iyi bir zevkin var, lezzetli görünüyor.",mutluluk,sevgi,0.9495,goemotions_tr
"hızlı gönderim için teşekkürler ürün gayet kullanışlı,  şık ve güzel fakat aynı ürünü hemde aynı marka olmasina rağmen ankarada çok daha ucuza bulmam beni biraz üzdü açıkçası yine de tesekkürler :)",üzüntü,mutluluk,0.9495,winvoker
bu ürünü arkadaşımda gördüm ve çok beğendim. hemen sipariş ettim. 2 günde elime ulaştı. az önce kurulumunu tamamladım ve her şey hazırdı. fakat eğri barların orantısız olduğunu farkettim ve fabrika çıkışlı bi hata vardı. i̇ade formunu doldurdum onaylanmasını bekliyorum. ürünü kesinlikle alın fakat bu tarz aksaklıklar çıkabilir bunu da unutmayın,üzüntü,mutluluk,0.9494,winvoker
pardon hala izlemediyseniz geç kalmışsınız dicektimm..,mutluluk,üzüntü,0.9494,winvoker
kilif sert silikon bu ozelligi hosuma gitti zaten tek hosuma giden tarafi bu,üzüntü,mutluluk,0.9494,winvoker
Sağlıklı ve eğlenceli! Güzel iş OP.,mutluluk,sevgi,0.9493,goemotions_tr
ürünü alalı yaklaşık 2 ay oldu güzel çalışıyor.çekim kalitesi çok yüksek değil ama kesintisiz ve güzel açık alan 50 mt den.çekiyorum şuan sinyali 3 diş gösterge var hızlıda....,üzüntü,mutluluk,0.9493,winvoker
Ütüyü gelir gelmez denedim gayet güzel bi ürünSadece kargolama çok kötüydü kutusu ezik büzük,mutluluk,üzüntü,0.9492,winvoker
gerçektende çok güzel ve eğlenceli,üzüntü,mutluluk,0.9492,winvoker
sadece kanal gösteren(alıcı) cihaz çok büyük bence. ve kanal/saat gösteren ek bir şeye ihtiyaç yok açıkcası. dikkat dağıtan bir obje oluyor.,mutluluk,üzüntü,0.9492,winvoker
- note serisini diğerlerinden ayıran önemli bir konu kalemi ama kalem çok kalitesiz hissettiriyor.,mutluluk,üzüntü,0.9491,winvoker
garip ve eğlenceli bir filmdi. ilk izlediğimde ufaktım. onun için biraz da ürkünç gelmişti.,mutluluk,üzüntü,0.9491,winvoker
herşey bi tarafa kedinin göz merceklerini büyütüp bakması beni öldürüyor ya :)),mutluluk,üzüntü,0.9491,winvoker
daha ne olsun teşekkürler,mutluluk,sevgi,0.949,winvoker
urunu burdaki yorumları okuyarak aldim evet ilk geciste duzlestiriyor ama urunun tek kusuru saci cabuk yaglandirmasi dun duzlestirmistim ve saclarim su an uzun zamandir yikanmamis gibi ve cok agirlasti oyle iki gun falan idare edemezsiniz günlük duzlestirmeniz lazim,mutluluk,üzüntü,0.949,winvoker
"Hala geçerli değil. [NAME]'den gelen 5 vuruş, [NAME]'den gelen 6 vuruştan çok daha fazlasını yapacaktır. Kalite mi, nicelik mi?",nötr,şaşkınlık,0.949,goemotions_tr
... ve biz hala AB'deyiz! ... [İSİM] ayrılırken bize yardım et!,nötr,sevgi,0.949,goemotions_tr
Pornoyu bu kadar çok sevmemin sebeplerinden biri de bu - kadınların sömürülmesinin dışında,tiksinti,sevgi,0.949,goemotions_tr
renki daha çık oluuyo,mutluluk,üzüntü,0.949,winvoker
+ yonleri karsiya sesi cok kaliteli verip alabiliyorsun. - yönleri zil sesi biraz dusuk el kavraması iyi degil.,mutluluk,üzüntü,0.949,winvoker
İlber Ortaylı diyabetli çocukların “Sensörler gelsin acımız dinsin” mesajını destekliyor ve devlet yetkililerine çağrıda bulunuyor. Çok teşekkür ederiz.  Kendisini Diyabetli Çocuklar Vakfı Diyabetli Çocuklar Elçisi olarak saygı ve sevgi ile selamlıyoruz.,mutluluk,sevgi,0.9488,winvoker
tam bir aile filmi. kime nasıl deger verecegini acık bir sekilde anlatmıs,üzüntü,mutluluk,0.9488,winvoker
merhabalar ... fotoğraftaki gibi büyük değil ama kullanışlı ...,üzüntü,mutluluk,0.9488,winvoker
Bazı insanların sadece bir kucaklamaya ihtiyacı vardır,nötr,sevgi,0.9488,goemotions_tr
1- su kazanı ısınmadan ütü ısıtma tuşunu açmayınız. ütü fazla ısınıyor.,mutluluk,üzüntü,0.9488,winvoker
Kaybınız için üzgünüm op,üzüntü,sevgi,0.9487,goemotions_tr
"bu cihazdan önce 5-6 tane bt kulaklık kullandım fakat hiçbirinden randuman alamadım. bağlantı kopuyor, iki metre uzaklaşınca cakır cukur falan ediyorr.....",mutluluk,üzüntü,0.9487,winvoker
"Evet, 14 yaşında çocuklarla çıkan 33 yaşında bir adamla uğraştı. Alabama ana akım medya yalanlarından biridir.",nötr,öfke,0.9487,goemotions_tr
"duzenli balik yiyen bir aileyiz, o yuzden annem rahat etsin diye aldım.geldiği gun barbun ve hamsi pişirdim normal yani extra bir kolaylığı yok.biraz tadi güzelleştirdi sanki. ertesi gun kofte de denedim ,soğan biber de attım.cok hizli ve lezzetli pişti.bana göre köfte için daha uygun",üzüntü,mutluluk,0.9487,winvoker
michael mann filmlerinin en iyilerinden.film çok eğlenceli zekice kurgulanmış çok başarılı,üzüntü,mutluluk,0.9487,winvoker
"Hesabı kapatıldıkça yenisini açıyor, hesap kapattırmayla çözülecek bir şey değil. Hep birlikte ses çıkaralım. Küçücük bebeklere, dünyanın en masumlarına işkence etmeye devam ediyor. Ben yaşadığım toplumun böyle olmasını istemiyorum!",mutluluk,öfke,0.9486,winvoker
Kabusların yapıldığı şeyler. Zavallı zavallı zaman çizelgeleri.,nötr,öfke,0.9485,goemotions_tr
Yemek servisi?,nötr,şaşkınlık,0.9485,goemotions_tr
sünger kalitesi olarak çok üst düzey olduğunu söyleyemem ama fiyat fayda ilişkisi gözetildiğinde tercih edilebilir. büyüklük yeterli.  gönderim konusunda bir sorun yaşamadım. hb tşk.,üzüntü,mutluluk,0.9485,winvoker
Oh. Bu... İlginç bir kullanıcı adı. :,mutluluk,şaşkınlık,0.9485,goemotions_tr
iyiki de sevmiyorsunuz sevseniz ya kendimden ya da atamdan şüphe ederdim zaten..,mutluluk,üzüntü,0.9485,winvoker
Tebrikler hepinize!!!,mutluluk,sevgi,0.9484,goemotions_tr
İkincil Haklar Bildirgesi'ne göz atın. Sendikalaşma için iyi bir başlangıç.,nötr,sevgi,0.9484,goemotions_tr
film başladı;izledim ve bitti...Mideme taş gibi oturdu;gidip uyudum.,mutluluk,üzüntü,0.9483,winvoker
"aldığım kişi üründen gayet memnun herhangi bir problemi nin olmadığını söylüyor, fiyata göre iyi, umarım nezaketen memnun kaldığını söylemiyordur, ürünün bize ulaşması fazla zaman almadı, cuma günü sipariş verdim salı günü kullandım ,van",üzüntü,mutluluk,0.9483,mteb_product
Lol! Vergiler ruhun ölmek için gittiği yerdir. İyi şanslar dostum! O diplomayı al ve uzaklara kaç!,mutluluk,sevgi,0.9482,goemotions_tr
"Bu filmi izlemediyseniz çok çok çok şey kaybedersiniz.10/9,8",mutluluk,üzüntü,0.9482,winvoker
Kız EVET. Anaokuluna Salı günü döneceğim ve adımı ve kalem tutmayı nasıl hatırlayacaklarını umuyorum.,mutluluk,sevgi,0.9481,goemotions_tr
öncelikle hepsi burada ya teşekkür ederim.,mutluluk,sevgi,0.9481,winvoker
"Peki bu çevrimiçi olarak pew pew yapmak için mükemmel, sabit LTE'yi mi yoksa sadece yağmur sim kartını mı kullanıyorsun?",nötr,şaşkınlık,0.9481,goemotions_tr
O zaman sekse ne ad vereceğimizi hayal edebiliyorum.,nötr,şaşkınlık,0.9481,goemotions_tr
Şu anda eşim kalktığı için yastığa sarılıyorum...,nötr,sevgi,0.9481,goemotions_tr
herşey için çok teşekkür ederiz.,mutluluk,sevgi,0.948,winvoker
yıllar önce birkaç fırın eskittik. en son aldığımızın ise 3-4 yıl oldu. geçenlerde cam bölümü nedensiz patladı.,mutluluk,üzüntü,0.9479,winvoker
"Doğru, ben öyle olmadığını hiç söylemedim. Çok fazla adaletsiz yasa oldu. Sadece siz de buna katılıyor musunuz diye merak ettim.",mutluluk,şaşkınlık,0.9477,goemotions_tr
"Çok çok iyi bir film değil ama konusu, özellikle kurgusu çok ilginç.Diyaloglar zaten müthiş.Ama kesinlikle aile filmi değil.Baya ciddi küfürler var çünkü içinde.O kadar güzel yerlerde var ki küfür, yadırgamıyorsunuz bile.Zaten Lebowski’nin karakterine hayran olacaksınız.Yok böyle rahat bir adam.Ben çok eğlendim izlerken ve vaktin nasıl geçtiğini anlamadım. 8/10",mutluluk,üzüntü,0.9477,winvoker
"malzeme kalitesi orta düzey, ne çok iyi ne de çok kötü.",mutluluk,üzüntü,0.9476,winvoker
Eğer bu onun için bu kadar büyük bir sorunsa neden evden bir şapka getiremedi ki? Lol.,mutluluk,şaşkınlık,0.9476,goemotions_tr
"Birkaç WG fırçam ve bir avuç Fude fırçam var, bu yüzden bunun nasıl sonuçlanacağını gerçekten merak ediyorum... İyi olabilir.",mutluluk,şaşkınlık,0.9476,goemotions_tr
Venüs'e hayranlıkla bakmak,nötr,sevgi,0.9475,goemotions_tr
Parmağın tamamen mi kaydı? Bu çok harika.,mutluluk,şaşkınlık,0.9475,goemotions_tr
ya türkçe seslendirmesini kim yaptı bilmiyorum ama çok kötüydü özellikle homer'ınkii..ama filmi çok beğendim çok güldümm.dizide en çok sewdiğim bi başka karakter moe filmde pek gözükmedi.buna üzüldüm . moe nun barında bigün bi içki içmek isterim :D,mutluluk,üzüntü,0.9474,winvoker
Ağırlık rustu genelde yemekler onlara yönelikti.,üzüntü,nötr,0.9474,winvoker
Soru sordum nargile mi diye :),mutluluk,şaşkınlık,0.9474,winvoker
Güzel deneme Iwobi,mutluluk,sevgi,0.9474,goemotions_tr
hemen hemen tüm yorumları okudum kafa karıştırmaktan başka bişey değil elektronik birazda şans işi,mutluluk,üzüntü,0.9474,winvoker
fiyatına bakmadan aldıysan koymaması gerek sana reis,mutluluk,üzüntü,0.9474,winvoker
"Zenginsin ,Fakirsin,Sağcısın,Solcusun inan bunlardan hangisi olursan ol beni gerçekten ilgilendirmiyor.",mutluluk,öfke,0.9473,winvoker
[İSİM] SEN SLİME,nötr,öfke,0.9473,goemotions_tr
"Ya zihinsel engellisin ya da troll, eğer ikincilse bunda da berbatsın.",nötr,öfke,0.9473,goemotions_tr
"ben filmi az önce izledim.kusursuz bir film kendi kendime niye daha önce izlememişim? diye sordum.kadro harika,senaryo,müzikler,diyaloglar,mekanlar keza aynı daha ne diyim? bence biran önce izlemelisiniz.9/10",üzüntü,mutluluk,0.9473,winvoker
Lütfen yapın!,nötr,sevgi,0.9473,goemotions_tr
Rocky çok yaşlanmış. yani cacık olmuş. film eh işte diyebileceğimiz bir film. hep aynı hep aynı önce gaza gel sonra kondüsyon yükle sonra maça çık önce dayak ye sonra dayak at ve kazan işte sana tüm senaryo ve filmin özeti. yani orjinallik yok. bence izlenebilir ama okadar.,mutluluk,üzüntü,0.9472,winvoker
"Bir restoranın bölge dışında olmasının sebebinin, kendilerine en yakın olması veya seçtikleri yer olması olduğunu anlıyorum",nötr,şaşkınlık,0.9472,goemotions_tr
Bu filmi neden çekmişler? Yazık. 2/10,üzüntü,utanç,0.9472,winvoker
"sinemada vizyona girdiği ilk gün seyretmiştim, tüylerim diken diken olmuş etkisinden kurtulamamış karışık duygular yaşamıştım. sadece sinemada 10 kere izledim zira 50 haftadan fazla vizyonda kaldı. daha sonra defalarca dvdsini izledim şimdi bluray olarak izlemek inanılmaz. izlemeyenlere tavsiyem kesinlikle orjinal izleyin türkçe seslendirmesi çok kötü özellikle willam wallace nın sesiyle verdiği tüm duyguları yok etmişler.",mutluluk,üzüntü,0.9471,mteb_product
"Ah, eski güzel tek katlı LAX. Trafik dışında neredeyse hiç hatırlamıyorum.",öfke,şaşkınlık,0.9471,goemotions_tr
film güzel ama öncüsü ise olagan süpheliler. bakalim siz dikkatle bakiyor musunuz? nolan farki...,mutluluk,üzüntü,0.9471,mteb_movie
evet katılıyorum. sadece sinir bozucu hahaha ama çok teşekkür ederim!!! (:,mutluluk,sevgi,0.9471,goemotions_tr
telefonun bağlantı hızı 14.4 mps gayet iyi dahili hafıza filan herşey güzel olmuş işlemci hızı ama şu tft ekranda bozmuş açıkçası önemli bişe sonuçta..,üzüntü,mutluluk,0.9471,mteb_product
fiyatına göre fena değil,mutluluk,üzüntü,0.9471,winvoker
etkisi kısa sürede geçiyor.,üzüntü,mutluluk,0.947,winvoker
"masa üzerinde dursun,gün içerisinde söker takarım derseniz pratik değil..biraz zor girip çıkıyor.gece takmak için ideal",mutluluk,üzüntü,0.947,winvoker
Ne güzel bir hediye!,şaşkınlık,sevgi,0.947,goemotions_tr
"vestel 22 "" tv i̇çi̇n uygun deği̇l bağlanti yerleri̇ ve vi̇dalari uymuyor tv ni̇n kendi̇ vi̇dalari i̇le yapabi̇li̇r. ama ürün kaliteli",mutluluk,üzüntü,0.947,winvoker
Hızlı kargolama.,üzüntü,mutluluk,0.9468,winvoker
ütü masasının kılıfındali beyazlıkların ne oldugu resimde belli olmıuyor,mutluluk,üzüntü,0.9468,winvoker
"Ben de aynısını söylüyorum sanırım, o yüzden iyiyiz.",mutluluk,sevgi,0.9468,goemotions_tr
Aynı segmentte daha kaliteli ürünleri çok daha uyguna bulabilirsiniz.  Mesela mi band 4 bunun için biçilmiş kaftan. Aynı özellikleri bir yana pil konusunda Samsungdan çok dahs iddialı bir bakmanızı tavsiye ederim,üzüntü,mutluluk,0.9468,winvoker
tamam ekran boyutu fiyatına göre cazip gelebilir ama ben aldım ve aynı gün iade ettim. i̇ade işlemindeki hız için hb' ye teşekkürler.,üzüntü,mutluluk,0.9468,winvoker
Senin bir dostun var be...,nötr,sevgi,0.9467,goemotions_tr
13 mp lik kamera gerçekten vasat. 5 mp lik ön kamera daha başarılı. bataryası dahili ve bir günü anca çıkarıyor.  akra kamera kapağa sıfır olduğundan dolayı çizik içinde kalıyor.,mutluluk,üzüntü,0.9467,winvoker
[İSİM]'in artık saç kesimi yaptığını mı görmezden geleceğiz?!,nötr,şaşkınlık,0.9467,goemotions_tr
kutuyu açarken dikkat edin içindeki köpükler dağılmış olabilir montajı yaptığım alanı berbat etti. üst siyah tabla fotoğrafta görüldüğü gibi değil dokulu bir yüzey. montajı çok kolay. malzeme kalitesi çok iyi değil ama fiyatına göre gayet başarılı ve bir kaç sene iş görür.,mutluluk,üzüntü,0.9466,winvoker
Güçlü kal. Buraya kadar geldin. Devam et.,mutluluk,sevgi,0.9466,goemotions_tr
idare eder ürün . kum sesleri geliyor ama çok rahatsız edici değil. malzeme kalitesi çok iyi değil. malzemenin yüzeyinin kartona sürtmesinden dolayı olacak herhalde ürün sanki kullanılmış hissi uyandırıyor insanda.,mutluluk,üzüntü,0.9466,winvoker
Muhalefet mi ettik?,nötr,şaşkınlık,0.9465,winvoker
Harika! Aramıza hoş geldin! İlk oyununun galibiyetle sonuçlanmasına sevindim!,mutluluk,sevgi,0.9464,goemotions_tr
Bir coin'e karşı duyduğu kin yüzünden kazancını başkalarına aktaracak kadar duygusal olan hiç kimse kripto para işine girmemelidir.,nötr,öfke,0.9464,goemotions_tr
kumun dağılma sorununu %90 azaltan bir ürün ancak koku hapsetme ya da filtreleme özelliği sifir malesef.koku sorunu için alacak olan varsa kesinlikle almasin hiçbir işe yaramıyor çünkü.,mutluluk,üzüntü,0.9464,winvoker
;))) Bu filmi sewmeyen ölsün mü??? ;))) Kesinlikle korku filmi dendiinde akla ilk gelen filmlerden birisi!... Kalbi olan izlemesin...diipte gereksiz bi laf etmi$ oliim... ;),mutluluk,üzüntü,0.9463,winvoker
Tezimde iki parametrenin  birbiriyle korelasyonu olduğunu öne sürmüşümdür.,mutluluk,nötr,0.9463,winvoker
Memnuniyetle yaparım,mutluluk,sevgi,0.9463,goemotions_tr
"TIM'lerin ""temizlikçileri"" dışarıdayken dolaşması her zaman daha kolaydır. Onlar için asla utandırılmadılar.",nötr,utanç,0.9463,goemotions_tr
1. ve 2. kuralları izlerseniz kötü açılışlar yapabilirsiniz ve iyi olursunuz.,sevgi,öfke,0.9462,goemotions_tr
"Oldukça yürek parçalayıcıydı, sonra belediye gelip onları toplamayacaklarını söyledi. Birçok insanı çileden çıkardı.",üzüntü,öfke,0.9462,goemotions_tr
"gelişi çok çabuk geldi. rengi kırmızı gelmedi , kalite iyi teşekkür ederim.kolay gelsin.",üzüntü,mutluluk,0.9461,winvoker
renkler resimde görüldüğü gibi canlı değil .yinede fena değil.,mutluluk,üzüntü,0.9461,winvoker
- ondan öncesi ve sonrası traş denilebilir.,mutluluk,nötr,0.9461,winvoker
Bu harika. Savaş domuzlarının üzerine yerleştirildiğini görmek isterdim. Harika iş OP,mutluluk,sevgi,0.946,goemotions_tr
O sağ el babamızı kafesin diğer ucuna fırlattı. Lol,mutluluk,öfke,0.946,goemotions_tr
Harika görünüyor! Sana becerilerini öğretebilen birinin olması çok güzel ًںکٹ,mutluluk,sevgi,0.9459,goemotions_tr
ürünün teslimatı uzun surdu 3 gün sanki kitalar arası alışveriş yaptik gibi.,mutluluk,üzüntü,0.9459,winvoker
Memnuniyetle âک؛ï¸ڈ umarım beğenirsiniz! Çok tatlı görünüyor.,mutluluk,sevgi,0.9458,goemotions_tr
"Bu tür toksik insanlardan uzak durmak her zaman iyidir. Kendinizi bu tür insanlardan uzak tutmaya çalışın, hayatınızı mahvedebilirler.",mutluluk,sevgi,0.9457,goemotions_tr
"i̇ç malzameleri (plastik tekerlekler, dönüp duran fıskiye) daha kaliteli yapılabirmiş...",üzüntü,mutluluk,0.9457,winvoker
Tek sıkıntım o kadari iyi bir tesisin banyolarının eski olması iyi değildi. Hizmeti iyi. Havuzu temizdi. Tesis iyiydi. Fiyatları biraz uygun olabilir. Tesisin içerisinde bir kaç tadilat yapılması gerekir.,mutluluk,üzüntü,0.9457,winvoker
ellerim oldukça küçük olmasına rağmen mouse ergonomisinde biraz sıkıntı yaşadım alışmam 1 hafta aldı 1 hafta sonra alıştım. mouseun malzeme kalitesi cok iyi bir his uyandırmıyor ki internette okuyacağınız yorumlardanda cok uzun ömürlü bir mouse olmadıgını anlarsınız.,mutluluk,üzüntü,0.9457,winvoker
"Acaba, cok mu abartiyoruz?",üzüntü,şaşkınlık,0.9457,winvoker
Bolca zamanın var. Şimdilik kadınları unut. İyi bir eğitim alarak statünü yükseltmeye odaklan.,nötr,sevgi,0.9456,goemotions_tr
"tabi fiyat önemli..  fiyatı düşük tv lerden beklentiniz çok yüksek olmamalı benimde öyleydi. öncelikle en sıkıntılı  durum..   bir çok çözünürlükte net ve  titreşimsiz görüntü alamamanız.   ben en iyi görüntüyü 1080i  50hz  çözünürlükte yakaladım.  diğerlerinde kanal logaları ciddi derecede titriyor.  ışık süzmesi ciddi şekilde var.  ama  bu durum karanlıkta belli oluyor.   ölü pixel yok, kasanın bir çok yerinde plastik  ekrandan ciddi şekilde ayrılmış durumda (ben kafaya t akmıyorum)  seste parazit  hdmi dan bağlı cihazlarda ciddi şekilde var.  tv de yok.  bazı hareketli görüntülerde özellikle tek kameranın  sağa sola  hareketinde  titreme değil atlamalar oluyor.  bu çekim problemide olabilir bilemiyorum yüksek kalite tv lerde de  oluyormu bilmiyorum. herşeye rağmen bu fiyata iyi...",mutluluk,üzüntü,0.9456,winvoker
"kulaklıkla ilgili çok yorum yapmayacağım. ürün iyi olmazsa zaten alma. 09.07.2011 de spariş ettiğimde, hepsiburada ürünü aynı gün çıkış yaptı. ama aras kargo 4 gündür ,hemde istanbul içi, ürünü teslim edemedi. cumartesi nden , çarşamba ya. pazartesi çıksa bile salı elimde olması lazım.",mutluluk,üzüntü,0.9455,winvoker
Bir kulüpte asla biriyle seks yapmayacağım. Ama tek gecelik ilişkilere karşı değilim.,nötr,öfke,0.9455,goemotions_tr
"Bence öyle, Hindistan'la gurur duymak hoşuma gidiyor ve [İSİM] kazanırsa gurur duyamam.",mutluluk,gurur,0.9455,goemotions_tr
direk alın düşünme bile zaman kaybı,mutluluk,üzüntü,0.9455,winvoker
İns gerçekleşir,mutluluk,nötr,0.9455,winvoker
İsterse sizinle iletişime geçmesine izin verin. Onu rahatsız etmeyin. İleriye ve yukarıya doğru hareket etme zamanı!,nötr,sevgi,0.9454,goemotions_tr
Merhaba [İSİM] New York'ta hayat nasıl?,nötr,şaşkınlık,0.9454,goemotions_tr
Bu güzel olurdu,mutluluk,sevgi,0.9454,goemotions_tr
Cevabını veremedin mi? Ne kadar eksik hissettin,mutluluk,şaşkınlık,0.9453,winvoker
"Çocuklarımın hayatın onlarla ilgileneceğini hissetmelerini istiyorum -[İSİM] ""HAYAT onlarla ilgilenecek mi?"" *imza [İSİM] yüzü* hahahhaha",mutluluk,sevgi,0.9453,goemotions_tr
Kanı bozuk yavşaklar sardı dört bir yanımızı!,üzüntü,öfke,0.9453,winvoker
"öncelikle kaliteli, güzel bir ürün olmakla birlikte beklentiniz çok yüksek olmamalı. fiyat ürün kalitesi olarak karşılaştırıldığında sınıfı geçiyor. rahat kullanımı var",üzüntü,mutluluk,0.9452,winvoker
ürünü daha kullanmadım ancak girdiği duvarı yıkacak hissi veriyor,mutluluk,üzüntü,0.9452,winvoker
sadece şarj cihazının 3 başlı olması ve yanında gelen aparat ile kullanılması kötü. keşke direk türk tipi şarj başı olsa süper olurdu.,mutluluk,üzüntü,0.9451,winvoker
orijinal  mi ? diye soran arkadaşlar için ; - evet orijinal !,mutluluk,şaşkınlık,0.9451,winvoker
Dünyada her yil yaklaşık 100 Bin civarında cocugun kaybolduğu bildiriliyor. Kayıp vakalarının çoğu; savaş bölgelerinde ve yoksul ülkelerde gerçekleşiyor.,mutluluk,nötr,0.9451,winvoker
[NAME]'in olması üzücü çünkü Vuc paketi ideal olurdu,öfke,tiksinti,0.9451,goemotions_tr
yahu insafffffffffffffffffffffff  bu oteli kötülüyorsunuz tekkkelimeyle süperrrrr her şeyi güzell hizmet     lük tek hata insanlarımız acayip israf ediyor ne istersen var daha ne olsun beyler bayanlar daha ne yapsınlar    selik aldım ve hep alacam inşallah  kasım   inde buluşalım,mutluluk,üzüntü,0.945,winvoker
"Hangi kaybeden, AirPod'ları olduğu için kendini üstün hisseder?",nötr,şaşkınlık,0.945,goemotions_tr
"ürünü kullandım,tasarım olarak iyi ancak poşet geçme aparatı daha sağlam ve pratik yapılabilirdi.fiyatına göre tabiki oldukça işe yarar bir ürün.tavsiye ederim...",üzüntü,mutluluk,0.945,winvoker
80'lerin sonu ve 90'ların başındaki Unis'lerimizi aynı şekilde seviyoruz. [NAME] oynadığımda her zaman kask nedeniyle geriye atılan Unis'lerle oynardım.,nötr,sevgi,0.9449,goemotions_tr
tam ev mangali...kömür mömürle uğraşmada neymi̇ş,mutluluk,üzüntü,0.9448,winvoker
Buna katılıyorum. Yine de kreş hizmeti vermemek için geçerli bir sebep göremiyorum.,mutluluk,öfke,0.9448,goemotions_tr
"boleyn kızından daha iyi diyebilirim. boleyn kızını sevdiyseniz elinizden düşüremediyseniz kitabı, bunu da mutlaka begenirsiniz ve kütüphanenizde mutlaka yeralmalı diye düşünüyorum .duygusal ambiyanslar etkileyici.",üzüntü,mutluluk,0.9448,mteb_product
biri hem ayyaş hem deli biride pislik sürtük rahat durmazlar ama bebeğe bir şey olmasın ya,mutluluk,üzüntü,0.9448,winvoker
bize ne izletiyor bunlar,mutluluk,üzüntü,0.9448,winvoker
ya bana söyleyin şu filmi kötü şener şenin yok böyle bi oyuncu kalitesi yaaa varmı hani kimde var helal helal helalllllllll beeeeeee türk sinemasına EşkıyA gibi bi film kazandırdı daha ne yapsın,mutluluk,üzüntü,0.9447,winvoker
"kurulum açıklaması çok başarısız ve yetersiz, biraz tecrübeli olmayı gerektiriyor. mesela birbirinin aynı ve daha uzun olan vidayı kapı menteşelerinde kullanırsanız, sökmek zorunda kalırsınız.",mutluluk,üzüntü,0.9446,winvoker
İklim ısındıkça sivrisineklerin bitmemesini dilerim.,mutluluk,sevgi,0.9445,goemotions_tr
"[NAME] sosyalizmi savunmuyor. Hükümetin işgücü piyasasına müdahale etmesini savunuyor çünkü bunlar serbest piyasacıları kastediyor. [NAME] değil, popülist sol",nötr,öfke,0.9445,goemotions_tr
gerçektende güzel bir filmdi ama sonu beni hayal kırıklığına uğrattı kitabını okuyun sonunda shire da bir sürü olay geçio bunun olmaması beni çok üzdü,mutluluk,üzüntü,0.9445,winvoker
Aptalca oyun kitaplarında eksik olan tek şey bir tür kitle imha silahları histerisi,şaşkınlık,öfke,0.9445,goemotions_tr
ürün aynen gözuktügü gibi  camin biri eksik gönderilmiş hep.buradaya bilgi verdim 1 hafta sonra eksik cami gönderdiler...,mutluluk,üzüntü,0.9445,winvoker
Muhteşem ve SAĞLIKLI görünüyorsun.,mutluluk,sevgi,0.9444,goemotions_tr
korkunç saat yönetimi de!,nötr,korku,0.9444,goemotions_tr
İyi değil pahalı,üzüntü,öfke,0.9444,winvoker
Bu takımın üçüncü çeyrekte daha sıkı olması lazım. Kesinlikle acımasız.,tiksinti,öfke,0.9443,goemotions_tr
Umarım [NAME] 6. sıraya düşer. [NAME] sezona başlayabilir ve zamanı geldiğinde çaylaklara geçebilir.,mutluluk,sevgi,0.9443,goemotions_tr
"Belki çok iyi bir film değil belki büyük beklentileri karşılayamayacak bir film ama sadece tuvalet sahnesinde Will Smith oyunculuğu, akıttığı gözyaşını ve çaresizliğin sade ama çarpıcı yönünün görülmesi gerektiğine inanıyorum...",mutluluk,üzüntü,0.9443,winvoker
"Çekilir mi, çekilmez mi diye tartışılırken, filmin gösterime girdiği ilk günün son seansına gittiğim günü hatırladım şimdi...",mutluluk,şaşkınlık,0.9442,winvoker
"ürünün kampanya fiyatı çok uygun. oldukça hafif bir ürün, bu da kullanım kolaylığı sağlıyor. buhar püskürtme gücü yeterli gözüküyor. yanlız ebat olarak bildiğimiz ütülerden biraz ufak.",üzüntü,mutluluk,0.9442,mteb_product
"Meğerse, babasının küçük kızı bir fahişeymiş ve uyuşturucu da kullanıyormuş. Ülkesinden kaçmasına şaşmamak gerek.",üzüntü,şaşkınlık,0.9441,goemotions_tr
film mükemmeldi izlemeyen varsa mutlaka izlesin özellikle çoçuklarin oyunculuklarina bayildim resmen...,üzüntü,mutluluk,0.944,mteb_movie
ya acıkcası bende fazla begenmedim bir tek bebeker renk kattı..(cok sekerlerdi yaaa:)dier hersey gercekten hayal kırıklıgı keske 1 de bıraksalardı,mutluluk,üzüntü,0.944,winvoker
"Karayip Korsanları, yapımcılığını Jerry Bruckheimerın, yönetmenliğini Gore Verbinskinin, senaristliğini Ted Elliot ve Terry Rossionun yaptığı bir macera filmi serisidir. Walt Disneyde bulunan korsan parkı bu filmleri temel almıştır. Üçlemenin ilk filmi olan Karayip Korsanları: Siyah İncinin Laneti adlı yapım 9 Temmuz 2003 tarihinde sinemalarda gösterilmeye başlandı. Bu filmin gişedeki beklenilmeyen başarısından sonra Walt Disney filmi bir üçlemeye dönüştürme kararı aldı. Karayip Korsanları: Ölü Adamın Sandığı ilk filmden üç yıl sonra, 7 Temmuz 2006da gösterime girdi. Devam filmi, ilk filmin başarısının tesadüf olmadığını kanıtlayarak açılış gününde birçok gişe rekoru kırdı. Film sinemalardan çıktığında 1,066,179,725$ gişe hasılatı elde etmişti. Üçlemenin son filmi Karayip Korsanları: Dünyanın Sonu, 24 Mayıs 2007de tüm dünyada aynı anda gösterime girdi. Sonunda üçleme dünya çapında yaklaşık olarak 2.79 milyar $ kazandı. Johnny Depp, 2008 Eylülünde serinin 2012de gösterime girmesi beklenen yeni filmi için imza attı1990lı yılların ortalarında senaristler Ted Elliot ve Terry Rossio günümüzdeki Karayip Korsanları nın hikâyesini temel alan bir yapım üstünde çalışıyorlardı. Will Turner &quot;daha önemli&quot; bir roldeydi ve düşman korsanlar için bir hazine arıyordu. Proje ile ilgilendiğini belirten Steven Spielberg, Jack Sparrow rolü için Bill Murray, Robin Williams veya Steve Martini istediğini belirtiyordu. Disney o sıralarda Muppet Treasure Island filmi ile meşguldü ve iki yapımın hikâyesi benzediği için bu filmin yapımına izin vermedi Jay Wolpertin yazdığı metin Jerry Bruckheimer tarafından geri çevrildi. Çünkü Bruckheimer bunun sadece &quot;düz bir korsan filmi&quot; olduğunu hissetmişti Metin tekrar yazılması için, korsanlık ile ilgili bilgileri bulunan Stuart Beattieye gönderildi ve sonra Ted Elliot ile Terry Rossioda karar kılındı Elliot ve Rossio, fikir almak için Disneydeki tema parkına gitti Bruckheimer aklındaki konsepti gösterip fikirlerinin değişmesine rağmen Michael Eisner ve Bob Iger, bütçe yükseldiği zaman filmi iptal etmek ile tehdit ettiler Gore Verbinski ile 2002 yılının Mayıs ayında Karayip Korsanları: Siyah İncinin Laneti adlı yapımı yönetmesi için anlaşıldı. Bunu takip eden aylarda Johnny Depp ve Geoffrey Rush ile filmde yer almaları için anlaşıldıVerbinski, Hollywoodun Altın Çağında kaybolmuş olan bu türü tekrar canlandırmak için modern teknoloji kullanmayı istedi.",mutluluk,nötr,0.9438,winvoker
"evet, çok cinsiyetçi",mutluluk,öfke,0.9438,goemotions_tr
Ayasofya nın dirilişi,mutluluk,nötr,0.9438,winvoker
sasirtici kalite...,mutluluk,üzüntü,0.9438,winvoker
"Kendi öz yurdumda ben miyim garip?Beni bir köşeye atan utansın.Eğilmiyor diye kurdu hor görüp,İti el üstünde tutan utansın.",mutluluk,utanç,0.9438,winvoker
">Bu savaş galaksinin kaderi mi değil mi? Eğer başka hiç kimse umursamıyorsa, biz neden umursayalım? Tam isabet.",nötr,şaşkınlık,0.9437,goemotions_tr
"teksas,tommıks,zagor türü kahramanlar herkesin hayal kahramanları ve satıştaki sayıları çok az.",mutluluk,üzüntü,0.9437,winvoker
"sinemamizda maalesef 5 üzerinden 5 verilebilecek film sayisi son derece azdir... babam ve oglum bu tür filmlerden, ikinci kez izledikten sonra bunu daha iyi anladim....",mutluluk,üzüntü,0.9436,mteb_movie
ben bu filimed bayıldım mütiş bir şey o yüzdennn izlemeyin daptandik o yüzden yağmurun gökkuşağıa mallaşmasına sebeb olan bi film idi çünkü lanetlediğim bir film idi.ve ağlamakta iç.eriğiyoidi idi çüki ::D:Dyağmur da kaptırılan çanta giibi izleyin şu nalet olası filmiiii inş. korkarsınız....sonra da...yağmur duasına çıkınnn.,mutluluk,üzüntü,0.9436,winvoker
Evet bilmiyorum. :S,nötr,şaşkınlık,0.9435,goemotions_tr
Haha tamam. Şanslısın :P,mutluluk,sevgi,0.9435,goemotions_tr
Nasıl olacak bilmiyorum ama o tarihte gerçekleşeceği kesin.,mutluluk,şaşkınlık,0.9435,goemotions_tr
hepsiburada ile yaptığım alışverişlerin hepsi memnuniyetle sonuçlandı. telefon çok güzel ama ekran için korucu cam film üretilmemiş olması çok kötü. var olanlar ise kenarlarda boşluk bırakıyor. telefonu kötü gösteriyor,mutluluk,üzüntü,0.9435,winvoker
Şahsen neden ondan bir video parçası almadığımızı merak ediyorum. Natty mi yoksa bust mu? Onun işleri harika,mutluluk,şaşkınlık,0.9434,goemotions_tr
Narsistik değillerse tabii. O zaman onları gri kayaya yatırın ve iyi şanslar!,mutluluk,sevgi,0.9434,goemotions_tr
Biliyorum ve bu beni üzdü!,üzüntü,utanç,0.9434,goemotions_tr
sabahtan beri ağlıyorum damat haline bakıp bakıp ağladım içim dışıma,mutluluk,üzüntü,0.9433,winvoker
[İSİM]. Onunla ayrılmanızın sebebi bu muydu lmao,nötr,şaşkınlık,0.9433,goemotions_tr
"onları sevin ya da nefret edin, sanırım hepimiz bunun apaçık bir özel dedektiflik olduğu konusunda hemfikiriz",şaşkınlık,öfke,0.9433,goemotions_tr
işte bilim kurgu dedın mı bu fılmde durcan ben matrız serısının ustune fılm tanımam,mutluluk,üzüntü,0.9433,winvoker
"""Bunu işe alırken dikkatli olmamız gerekiyor""",şaşkınlık,sevgi,0.9433,goemotions_tr
Yıllarca hizmet verip emeklilik tazminatı alamayacağımı bilerek çalışmak beni mutlu etmiyor.,mutluluk,öfke,0.9431,winvoker
Kralın dönüşü'nü nihayetinde izleyeceğim için çok sevinçliyim ancak yüzüklerin efendisi sona erceği içn de çok üzülüyorum..Keşke orta dünyada bir yerlerde yaşama imkanım olsa..,mutluluk,sevgi,0.9431,winvoker
artıları : ürün cizilmelere karşı koruyor,üzüntü,mutluluk,0.9431,winvoker
"bu tarz filmlerden hoşlananlar, kesinlikle izleyeceğiniz bir film.bence kaçırmayın...",üzüntü,mutluluk,0.943,winvoker
"Hayır, takımın ev sahalarından biri tam anlamıyla bir liseydi.",nötr,öfke,0.943,goemotions_tr
Yani şakayı anlıyorum ama hepiniz takımla ilgili paylaşımlar yapacak mısınız?,nötr,şaşkınlık,0.943,goemotions_tr
Umarım [NAME] hala sıcaktır,nötr,sevgi,0.943,goemotions_tr
resim vs yetersiz bilginize,mutluluk,üzüntü,0.943,winvoker
tüylerim diken diken oldu ya dosya hala kapanmamis hadi bu yaratikmi insan mi neyse beni de bulursa ...teksas katliami 3ü izleyipte beqnemedikten sonra açikcasi bu filmi istekli izlemedm ama yüzüm kara çikti...gerçekten izlediqim en iyi teksas katliami serisi....,mutluluk,üzüntü,0.9429,mteb_movie
ama ssd performansı da beklemeyin,mutluluk,üzüntü,0.9429,winvoker
Ben hiç serseri görmüyorum!,nötr,öfke,0.9429,goemotions_tr
QR kodlarıyla ilgili ilginç bir not. Ben kendim neredeyse hiç kullanmadım. Genellikle bir adresi kopyalayıp yapıştırırım.,nötr,şaşkınlık,0.9429,goemotions_tr
Açıkçası. Buradaki her gönderi bir şaka amaçlıdır. Sadece bu gönderi gibi komik olanlar değil.,mutluluk,öfke,0.9428,goemotions_tr
Eğer buradaki hayalperest çocuk önce satın alırsa hayır,nötr,öfke,0.9428,goemotions_tr
windows tabletim ve telefonumla bağlanabiliyorum. cihaz ezcast varsayılanı ile geliyor.,üzüntü,mutluluk,0.9428,winvoker
"eşime aldım, ilk zamanlarda 20-25 dk kullanabiliyormuş",üzüntü,mutluluk,0.9428,winvoker
Hayır. [İSİM] Vikinglerin de bunu yaptığını söylediğinden beri bu konuyu çok aştım. Biz de aynı derecede suçluyken sinirlenmek oldukça zor.,üzüntü,öfke,0.9428,goemotions_tr
bence ıyı bu fıyata casıo her erkek cocugun ılk saati,üzüntü,mutluluk,0.9428,winvoker
bir kac saatte okunabılecek keyıflı bır kitap.,üzüntü,mutluluk,0.9427,winvoker
ruhsuz kurumsal beton bloğuna hoş geldiniz. kutsal paradan başka hiçbir şeyin önemi yok. ona tapın. çocukları öldürün,nötr,öfke,0.9427,goemotions_tr
Bilmiyorum [İSİM] benim oyum oğlum,mutluluk,şaşkınlık,0.9426,goemotions_tr
"koltuk dün elime geçti, kafa kenarlıkları ve gövde kenarları elinizle çok fazla güç harcamadan kırılabilecek plastik malzemeden yapılmış. diğer bütün koltuklar öyleyse tamam, ama bugün diğer koltuk markalarından bire bir inceleme yapacağım. koltuğun amacı çocuğu sabitlemekse görevini en iyi şekilde yapar. ancak bir kaza anında ne olur bilemiyorum.",üzüntü,mutluluk,0.9426,winvoker
arkadaşlar dikkat ettinizmi filmin bir sahesinde martin scorsese görüüyor bunu neden yaptı anlayamadım bence olmaması gerekirdi.Birde leonardonun gercekten sakalları varmı yokmu bu cocuk kaç yaşında yahu,mutluluk,üzüntü,0.9426,winvoker
"samsung wave ile n8 i yanyana inceledim, ekran kalitesi olsun hız olsun ekran çözünürlüğü parlaklığı, telefonun inceliği kibarlığı her yönden samsung wave bana daha iyi geldi.",üzüntü,mutluluk,0.9425,mteb_product
"Bunun çok çekişmeli, çekişmeli bir maç olacağını düşünmüştüm... Ne kadar da yanılmışım.",üzüntü,şaşkınlık,0.9425,goemotions_tr
Çocukluk dönemindeki duygusal ihmalkarlık hakkında okumaya ve bunun beni ne kadar etkilediğini anlamaya başlayana kadar gerçek zararı hiç anlamadım. nParents'ta çok yaygındır.,üzüntü,şaşkınlık,0.9425,goemotions_tr
Haha işbirliği mi? Sen ve arkadaşların birlikte fotoğraf çektirmek için işbirliği mi yapıyorsunuz? Ne kadar da moda sözcükler kullanıyorsunuz lol,mutluluk,şaşkınlık,0.9424,goemotions_tr
hepsi buradaya teşekkür ediyorum.,üzüntü,sevgi,0.9424,winvoker
öyle muhteşem bir film değildi ama keyifli 2 saat geçirmek için yeterli!!! ama bence dvdsini almak daha mantıklı yada kiralamak yani sinemaya gitmekten....,mutluluk,üzüntü,0.9424,winvoker
"Saygısız, zevksiz, beceriksiz, acımasız, kıymet bilmez yok ediciler",üzüntü,öfke,0.9423,winvoker
"Sıkıcı, sarhoş kocasını da yanına alabilir. Hiç de ilginç değil.",öfke,şaşkınlık,0.9423,goemotions_tr
cihaz çok ses çıkarıyor ama bu ses kuvvetli üfürmesinden kaynaklanıyor,mutluluk,üzüntü,0.9423,winvoker
"Dürüst olmak gerekirse, topluluk bana onu işaret edene kadar onun hakkında hiçbir şey bilmiyordum.",nötr,şaşkınlık,0.9423,goemotions_tr
Kız kardeşinin sana yaptıklarını duyduğuma üzüldüm. Videolarımın yardımcı olabilmesine sevindim!,mutluluk,sevgi,0.9422,goemotions_tr
Lol bu kozmetikti. Neyse ki ikisi de hayatta ve iyi durumda.,mutluluk,sevgi,0.9422,goemotions_tr
etkileyici bir film bir ingiliz ile irlandalının imkansız aşkını anlatıyor. Fakat film müziği iyi seçilememiş. Film akarken arkaya iyi fon verilememiş. Müzik nerdeyse yok.,mutluluk,üzüntü,0.9421,winvoker
Hayır bugün değil,nötr,öfke,0.9421,goemotions_tr
Almaya devam edeceğim. Yan etkileri yakında geçecek. Paxil bana yardımcı olan tek ilaç oldu.,mutluluk,sevgi,0.9421,goemotions_tr
ahmet ümitin diğer kitaplarından farklı olarak şiirsel bir dili var.duygusal yönü kuvvetli.bir efsaneyi okuyormuş gibi oluyorsunuz.bir günde rahatlıkla bitirilebilecek hoş bir kitap,üzüntü,mutluluk,0.942,mteb_product
189tl kampanya fiyati ile hepsiburada.com dan aldim. yatak odasinin cam tarafi duvarini icten ruloyla boyadim. talimatnamelerine uygun 3 kat surdum. korkunc bir isi yalitim farki oldu. yakında tavanida boyayacam. icten izalasyon yapacaklar strofor alcipan.... vs ugrasmagin. bu boya muthis bir sey.,mutluluk,üzüntü,0.9419,winvoker
Görsel efektler çok iyi ama çok fazla eksiği var dram tam diil karakterler tam diil olmamış ama ortam iyi yansıtlmş çok daha iyi olabilirdi benim favorim diil ama çok klişe gidio derken sonu ile beni çok şaşırttığı ve klişeleri yıktığı için 10/8 verdim...,mutluluk,üzüntü,0.9419,winvoker
"Imandir, korkunc sabirli.",mutluluk,korku,0.9418,winvoker
Güzel deneme OSI,mutluluk,sevgi,0.9418,goemotions_tr
matematigim yetmiyo artik saymaya... kac defa izledim hala bikmiyorum!!,mutluluk,üzüntü,0.9418,winvoker
"Ah, evimizde heyecanlı bir atmosfer yaratmaya çalıştığımız için bizi affedin.",mutluluk,sevgi,0.9417,goemotions_tr
"Lol ""Bu benim fikrim ve çok doğru."" Görüş dedin, değil mi?",mutluluk,şaşkınlık,0.9416,goemotions_tr
Artık [İSİM]'den metal dökümcülüğü öğrenmek istiyorum gibi hissediyorum,mutluluk,sevgi,0.9416,goemotions_tr
bencede filme yorum yapmaya gerek yok,mutluluk,üzüntü,0.9415,winvoker
annem için almıştım. süt kaynamaya başlayınca tıkırtı yapıyor ve kaymak tutmuyor dedi. kaynadıktan sonra 2 dk daha ocakta tutmuş. daha fazla tutsaydı ne olurdu bilmiyorum.,mutluluk,üzüntü,0.9415,winvoker
İnsanlar bana bakıp neden iş yerinde güldüğümü merak ediyorlar.,mutluluk,şaşkınlık,0.9414,goemotions_tr
"bunca yildir sinemayla ugrasirim ben böyle film görmedim! bu filmi anlamamak sinema bilmemektir,dahasi anlamayada çalismamaktir!tarantino bu kalitede bir film bir daha çekmedi,(belki çeker!).",mutluluk,üzüntü,0.9413,mteb_movie
Film abartıldıgı kadar iyiymiş gerçekten,mutluluk,üzüntü,0.9413,winvoker
"Pacers'ın sessiz başlangıcını duydunuz mu? Evet, artık bitti.",nötr,şaşkınlık,0.9412,goemotions_tr
kısa progrom 35 dakıka sadece badaklar ıcın diğer programlar ıyı ve  guzel yıkıyor. 3 u bir arada ozellıği de super,üzüntü,mutluluk,0.9412,mteb_product
note 4 le arasında fark yok hatta note 4 ün bazı özellikleri daha iyi :),üzüntü,mutluluk,0.9412,winvoker
[İSİM] artık bize zarar veremez.,nötr,öfke,0.9411,goemotions_tr
"Aman Tanrım, sadece öyle umuyorum. Zaman gösterecek.",mutluluk,sevgi,0.9411,goemotions_tr
henüz sipariş verdim. umarım kalitesi fiyatı gibi değildir,mutluluk,üzüntü,0.9411,winvoker
"Evet, ölüler gününün gerçek olduğunu biliyorum ama [İSİM]'in bunu tasvir etme şekli gördüğüm her şeyden çok daha iyiydi",mutluluk,şaşkınlık,0.9411,goemotions_tr
"Evet. ""HEY, DOLANDIRICILIK WEB SİTESİNDEKİ ADAM SEN MİSİN?"" [İSİM]",mutluluk,şaşkınlık,0.9411,goemotions_tr
daha önceden bir çok kulaklık kullandım bu kulaklığı kullanmak isteyen arkadaşlar bas sesine dayanıklı olmanız gerekiyor çünkü çok yoğun şekilde bir düşük frekans verme özelliği var ama bu fiyata bu ürün en iyisi diyebilirim,üzüntü,mutluluk,0.941,mteb_product
çok sarsıcı....,mutluluk,üzüntü,0.941,winvoker
"Bu, 2019'da şimdiye kadar gördüğüm en iyi şey. Bir oyuncu ve bir insan olarak bu, video biçiminde bir aşktır.",mutluluk,sevgi,0.9409,goemotions_tr
filmi ilk olarak türkçe dublajlı izledim.aradan 15 gün sonra ise altyazılı.altyazı çok kötü olmuş bence.türkçe dublajını izlemeyen altyazılıdan hiç bir şey anlayamaz.dublajda yerimde duramazken altyazılıda sıkıntıdan patladım.bence filmi beğenmeyenlerin çoğunluğunu altyazılı izleyenler oluşturuyordu.herşeye rağmen harikasınız korsanlar......,mutluluk,üzüntü,0.9409,winvoker
alternatifi olsaydı veya ağız sağlığı için bu kadar önemli ve etkili olmasaydı yeniden almak ister miydik?,mutluluk,şaşkınlık,0.9409,winvoker
bence kargo nuzu deği̇şti̇ri̇n yurt i̇çi̇ kargo dağitimi beceremi̇yor kendi̇m gi̇di̇p ürünümü aldim,mutluluk,üzüntü,0.9408,winvoker
"Evet, en azından bunun için yanınızda ölü hamamböcekleriyle dolu bir fermuarlı poşet taşıyın, tıpkı kendine saygısı olan bir dolandırıcının yemek dolandırıcısı gibi.",nötr,sevgi,0.9408,goemotions_tr
"- yönleri : cihaz kapalı iken şarj ederken kırmızı gösterge yanmıyor, tam şarj uyarısı yok. çalışırken şarjı bitmesine bir iki dakika kala kırmızı gösterge yanıp sönmeye başlıyor, fark etmiyorsun bile bir anda kapanıyor, açık iken şarj etmeyin diye yazmışlar ama mümkün olmuyor sonuçta müzik dinlemek için kullanıyoruz. birde kanalları ses açma kapama tuşu gibi hızlı gezilmiyor üzerindeki tuşlarla tek tek dolaşıyorsunuz.",mutluluk,üzüntü,0.9408,winvoker
daha önce buradan aldığım telefon arızalanmıştı. tamir olmayınca sağolsunlar 1 günde para iadesi yaptılar eee ne demişler boğulacaksan büyük denizde boğul.,mutluluk,üzüntü,0.9408,winvoker
"Cilt rengindeki farktan da anlaşılacağı gibi, önceki fotoğrafların açıkça sarı renkte olması ilginç",mutluluk,şaşkınlık,0.9408,goemotions_tr
"Hepsi gizlice kendi aldatmalarını bize yansıtıyorlar. Duygusal olarak bodurlaşmış, dürtü kontrolü sıfır olan 5 yaşındaki çocuklar bunu yapacaktır.",nötr,öfke,0.9407,goemotions_tr
çok beklediğim gibi değil ancak hizmet iyi,mutluluk,üzüntü,0.9407,winvoker
Nüfusun büyük çoğunluğunun korkunç olarak görüldüğünü ve haklı olarak da öyle görüldüğünü söyleyebilirim. Noel müziği bana gerçek bir [İSİM] gibi hissettiriyor.,üzüntü,korku,0.9406,goemotions_tr
ürün sonderece kullanışlı ama 17/01/2013 tarihinde aldığım bu ürün hergün kargoda deniliyor ve hergün benden adres güncellemesi istenildiğinden dolayı 25/01/2013 oldu hala adres bilgim istenilmekte ürün çok iyi hepsi̇burada çok kötü....,mutluluk,üzüntü,0.9406,winvoker
benim gibi kahvesini yüksek sıcaklıkta seven biri için buz gibi bir kahve yapıyor. su ısıtma mekanizması daha iyi yapılabilirdi. bağzı arkadaşların dediği gibi su haznesi biraz ufak. 2 / 3 fincanda bir su ilave etmek gerekiyor. ama gerçekten pratik bir alet . sabah kalktığınızda 1dk içinde kahve fincanınız elinizde.,üzüntü,mutluluk,0.9406,winvoker
"Eğer yeniden dekore edip Jamaika'ya gidebilecek parası varsa, herkes gibi o da parasını kazanmak için çalışsın.",nötr,sevgi,0.9406,goemotions_tr
"Dün 7-11 görevlisi tarafından öldürüldük, bu yüzden [İSİM] vale görevlisini getirmek zorunda kaldı.",nötr,korku,0.9405,goemotions_tr
bende mikrofondan şikayetçiyim video çekip m4 çevirmek için özel uygulama ile çeviriyorum çevirmek yaklaşık on dakikalık videoyu yarım saat bir saate çeviriyor,mutluluk,üzüntü,0.9405,winvoker
Çok eğlenceli bir eşleşme. Umarım galibiyeti zor da olsa alabiliriz.,mutluluk,sevgi,0.9405,goemotions_tr
Ayaklarını gıdıklamaya başlamalıydın,nötr,öfke,0.9403,goemotions_tr
çok basit islenmis ama verdigi msj ve insanin üzerinde biraktigi iz o kadar basit degil.bence bazi sahneleri çikarip biraz daha hareket katabilirlerdi.basladigi tempoda bitiyor..,mutluluk,üzüntü,0.9403,mteb_movie
Kışın gittim merkezi klima vardı odalarda yoktu. Gittim kendim ufo aldım. Kışın kimseye tercih etmem. Yazın güzel bir otel. Defalarca bu şikayeti iletmişler ama kimse kaale almamış. Onun haricinde herşey iyiydi temizlik güzeldi. Bir de 5 yıldızlı otelde televizyon eskiydi.,mutluluk,üzüntü,0.9402,winvoker
"ABD, ABD'lilerden oluşan bir ekip tarafından üç aylık incelemeler yapılmasına izin verilmesini talep ediyor. ÇKP bunun mantıksız ve aşağılayıcı olduğunu söyledi.",nötr,öfke,0.9402,goemotions_tr
"Açıkçası Bayern'in hak ettiğinden çok daha az nefret aldığını düşünüyorum, Almanya'nın Manchester United'ı neredeyse onları küçümsüyor.",nötr,öfke,0.9401,goemotions_tr
Kadınlar [İSİM] gibi entelektüel bir sanat filmini birden fazla kez görebilecek kadar akıllı değiller,mutluluk,öfke,0.9401,goemotions_tr
O sıcak mı?,nötr,şaşkınlık,0.9401,goemotions_tr
"Tebrikler, canım! Bu çok anlamlı bir başarı. Hem senin için mutluyum hem de seninle gurur duyuyorum <3",mutluluk,sevgi,0.9401,goemotions_tr
hmmm kulağa tanıdık geliyor.,nötr,şaşkınlık,0.9401,goemotions_tr
-sağlık. (baş ağrım kesildi),mutluluk,sevgi,0.9401,winvoker
"bir adam verandama kustu, gece 2'de düştü! zayıf!",öfke,tiksinti,0.94,goemotions_tr
Ben de tam bunu söyleyecektim!! Bunların bir kısmını nişanlımdan öğrenmek zorundaydım!,nötr,şaşkınlık,0.9399,goemotions_tr
"BABA EFSANESİNİN SON BÖLÜMÜ.SERİ BU FİLME BİRLİKTE ŞANINA YAKIŞIR BİR SONLA BİTİYOR.BU FİLMİN NEDEN BU KADAR ÇOK ELEŞTİRİLDİ?İNİ ANLAYAMADIM.EVET, İLK 2 FİLMDEKİ SAF İTALYAN DUYARLILI?ININ YANINA BİRAZCIK HOLLYWOOD ŞEKERİ VE VATİKAN HAVASI EKLENMİŞ, SOFIA COPPOLA`NIN OYUNCULU?U ÇOK KÖTÜ, TEMA MÜZİ?İ ÇOK AZ KULLANILMIŞ AMA,TÜM BUNLAR BU FİLMİ KÖTÜLEMEK İÇİN YETERLİ DE?İL.İLK 2 FİLMİN AKSİNE OSCAR ALMAMASINA RA?MEN 7 DALDA ADAY OLMUŞ, OTEL BASKINI VE OPERADAKİ SUİKAST GİRİŞİMİ SAHNELERİYLE TEMPOYU VE GERİLİMİ DORU?A ÇIKARTAN BU FİLMLE BABA SERİSİ ZİRVEDE NOKTALANIYOR.BENİM FİLM İÇİN GÖRDÜ?ÜM EN BÜYÜK EKSİKLİK AL PACINO`NUN YANINA ONUN KADAR ÜNLÜ BİR OYUNCUNUN EŞLİK ETMEMESİYDİ.SİNEMA TARİHİNİN LOTR İLE BİRLİKTE EN İYİ ÜÇLEMESİDİR BABA SERİSİ.MARIO PUZO VE COPPOLA`NIN ELLERİNE SA?LIK...",mutluluk,üzüntü,0.9399,winvoker
Bir psikologla konuşun. Üzgünüm ama bir sorununuz olduğunu düşünüyorsanız yardımcı olabilirler.,üzüntü,sevgi,0.9398,goemotions_tr
valla ürün yeni elime geçti biraz koku var birazda ince ama olsun fiyatına göre ekonomik bi ürün ben eski paspaslarımla beraber kullanıyom uzuın ömürlü olsun diye,üzüntü,mutluluk,0.9398,winvoker
arkadaşım almıştı hiç ses çıkarmıyor.,mutluluk,üzüntü,0.9398,winvoker
Güldüğüm için cehenneme gideceğim.,mutluluk,öfke,0.9397,goemotions_tr
Sen utangaçsın galiba biraz seni çok si.erler,üzüntü,utanç,0.9397,winvoker
"Tamam, anladım. Eşiniz işinden dolayı çok fazla stres ve kaygı mı yaşıyor, yoksa genel olarak mı?",nötr,şaşkınlık,0.9395,goemotions_tr
-cihazı alacak arkadaşlar cihazda bildirim ışığı bulunmuyor.,mutluluk,üzüntü,0.9395,winvoker
Berbat bir cihaz kesinlikle boşa almayın 3 ayda bir filtre değişimi istiyor ücret talep ediliyor,mutluluk,üzüntü,0.9395,winvoker
"ürün bilindik bir ürün yorum yapamıyorum öyle ki, kargo bile ürün için max bekletme gününü kullandı sanırım :) . kargo süresi uzundu.",mutluluk,üzüntü,0.9394,winvoker
filmi isledm çok güseldi 10 üzerdn 8 i hakediyor aksiyon sahneleri çok güseldi bence herkes islemeli.,üzüntü,mutluluk,0.9394,mteb_movie
"öncelikle hb ekibine hızlı teslimatından dolayı teşekkürler. ne yazık ki ürün için aynı şeyi söyleyemeyeceğim. ürün tasarım olarak şık, mat bir dokusu var fakat kalın. bunlardan daha da önemlisi şarj süresi çok uzun kendi kablosuyla note 2 (3100mah) ve s4 (2600mah) telefonları 2 saatte %30 şarj etti . telefonuma ait şarj kablosuyla ise telefonu %100 şarj etmesi 4 saati aldı (internet, gps, bluetooth kapalı ve ekran parlaklığı en düşük ayarda iken). her bir şarjda powerbankte bir ışık azaldı, yani bir cihazı 3-4 kez şarj edebilir tabi 4 saat beklenilirse. alacak arkadaşlar bir daha düşünsün derim.",üzüntü,mutluluk,0.9394,winvoker
beyler bu filmi ilk çıktığında 1999 da izlemiştim. bi dahada izlemedim. dün bi daha izliyim dedim. internetten indirdim. fakat şöle bi durum var. filmdeki dövüş sahneleri hep 3-4 kez tekrar ediyo. bu hep bölemiydi? (9 sene olmuş izleyeli hatırlamıyorum) 3-4 kez tekrar ediyo ve çok sinir bozucu bişi :) yoksa filmi mp4e çevirip internete koyan adammı yapmış bunu?,mutluluk,üzüntü,0.9393,winvoker
urunun eksileri; büyük mouse,mutluluk,üzüntü,0.9393,winvoker
"Kendin say, orijinal gönderiden daha yanılıyorsun. [İSİM] ona 9 el ateş etti.",nötr,öfke,0.9393,goemotions_tr
Vay canına! Mutlu Yıllar!,mutluluk,sevgi,0.9392,goemotions_tr
"Durumun sıkı bir şekilde kontrol altında olduğu anlaşılıyor. Sınırları korumaya, önemli olan şeylere odaklanmaya ve onun drama ihtiyacını görmezden gelmeye devam edin.",mutluluk,sevgi,0.9392,goemotions_tr
"cok mukemmel degil, ama bu fiyata gore yeterli. kucuk kare parcalarin sayisi biraz fazla bunu kabul ederek siparis verin. yasadigim bir diger sorun, kucuk parcalarin icerisinden on kadari diger parcalara gore farkli. tam olarak uyum saglamiyor birlestirmelerde. bunlara ragmen alinabilir...",mutluluk,üzüntü,0.9391,winvoker
aşırı sessiz. süper yıkıyor.,mutluluk,üzüntü,0.9391,winvoker
Söyleyecek fazla bir şey yok .,nötr,öfke,0.939,winvoker
Cok fazla Bekçi haberi cikmaya basladi..yarin öbür gün tenhada kafasina sıkılmış bekçiler bulmaya başlarsak şaşırmayın.. önüne gelene efelik yapıyorlar,mutluluk,üzüntü,0.939,winvoker
"Aferin Kepa, hadi katıl!",mutluluk,sevgi,0.939,goemotions_tr
"Hayır, oy kullanma hakkımı koruyor. Oy kullanma hakkı olmayan insanların oy kullanmasına izin vermeyerek.",mutluluk,öfke,0.939,goemotions_tr
filmi isledm çok güseldi 10 üzerdn 8 i hakediyor aksiyon sahneleri çok güseldi bence herkes islemeli,üzüntü,mutluluk,0.939,winvoker
"Doğru, [İSİM] burada - ""ötmek"" = osuruk mu yoksa takip mi?",nötr,şaşkınlık,0.9389,goemotions_tr
"Ürünü elinize ulaşırsa ki bunda kargonun hiçbir çabası yok; problemsiz
bir klima.",üzüntü,mutluluk,0.9389,winvoker
"""Yok oluş olayları"" saçmadır, çünkü bu yok oluş olayından hemen sonra Dünya, Mars'ın Cehennemi ile kıyaslandığında bir Cennet olacaktır.",nötr,öfke,0.9388,goemotions_tr
kürekten memnunum ama istediğim renk gelmedi,mutluluk,üzüntü,0.9387,winvoker
İki arada bir derede kaldım. İki kere izledim ama sadece iki kere. Ayrıca yorumları görene kadar alt yazıyı kontrol etmedim.,nötr,üzüntü,0.9386,goemotions_tr
hiçbir sorunla karşılaşmadan teslimatı-kurulumu yapıldı. özellikle makinenin 15 dklık kısa programı büyük kolaylık... çamaşırlar gayet temiz çıkıyor. sıkarken biraz gürültülü diyebilirim,üzüntü,mutluluk,0.9386,mteb_product
pantolonu biraz dar. citcit bölümü su alabilir gibi geldi bana. henüz kullanmadım ama yine de iş görür.,mutluluk,üzüntü,0.9386,winvoker
Çünkü o siyah ve siyah insanlar beyaz suçluluk felsefelerini umursamıyor. Ayrıca [DİN] bir ırk aptalı değil,nötr,öfke,0.9385,goemotions_tr
"Eğer rastgele birinin değersiz fikirlerine *gerçekten* kızdığımı düşünüyorsan, karakter sıralaması konularında yeni olmalısın.",sevgi,öfke,0.9385,goemotions_tr
Coşkuyu canlı tutmaya çalışan bir cevapta her zaman sevimli bir şeyler vardır. O yeni oyuncağın tadını olabildiğince çıkarırsınız.,mutluluk,sevgi,0.9384,goemotions_tr
Roadcam'e göre herkes durma çizgisinden o kadar uzakta duruyor ve eğer durmadığını söylersen yalan söylüyorsun.,nötr,öfke,0.9384,goemotions_tr
"matador 1905 yılında bratislava&#8217;da kurulmuştur. 1925 yılından bu yana lastik endüstrisine yönelik en iyi ürünleri sunan matador, avrupalı bir lastik üreticisi olarak en yüksek kalite standartlarını temsil eder. şu anki şirket merkezinin 1947 yılında puchov, slovakya&#8217;da atılmış olan şirketin yüzde 51 hissesi continental tarafından 2007 yılında satın alınmıştır. 1 temmuz tarihinde continental ag hannover, continental matador rubber puchov şirketindeki hisse oranını yüzde 66&#8217;ya çıkardıktan sonra 2009 yılında yüzde 100&#8217;e yükseltti. aynı sene puchov&#8217;da continental&#8217;in yeni cme dağıtım-lojistik merkezi ve bitirme ünitesi de açılmıştır.",mutluluk,nötr,0.9383,winvoker
Gecikmiş de olsa mutlu pasta günü.,mutluluk,sevgi,0.9383,goemotions_tr
Ne güzel bir kelime,mutluluk,sevgi,0.9383,goemotions_tr
"Havari [İSİM]'in *harika* olduğunu düşündüm. O erken yaşta [İSİM]'in böyle acı çektiğini görmek, ne kadar küçük bir bebek olduğumu daha da netleştirdi.",mutluluk,şaşkınlık,0.9383,goemotions_tr
Kimseye Baba diyemiyorum. Babama bile. Bu garip ve ürkütücü geliyor ve ben 4 yaşında değilim.,öfke,korku,0.9383,goemotions_tr
seni bekliyorum,mutluluk,sevgi,0.9382,winvoker
filme saçma diyenler filmin künyesini bi okusunlar. fantastik olduğunu da görüp o zaman yanlışlarını farkedecekler. haliyle şansın el değiştirmesi saçma değil fantastik oluyor...,mutluluk,üzüntü,0.9381,winvoker
yönetmen çok eşsiz biri yaptığı filmlere biraz dikkat ederseniz o kapıyı aralaya bilirseniz yönetmenin ne kadar işinde profesyönel olduğunu anlardınız bu film bira dikkatli izlense böyle yorumlar olmazdı.,üzüntü,mutluluk,0.938,winvoker
tesekkurler!,mutluluk,sevgi,0.938,winvoker
Ölümlü olduğumu nasıl varsayarsın! >:O,öfke,şaşkınlık,0.938,goemotions_tr
şener sen harikasın tek kelimeyle filmin sonunda şenersenin öldüğü sahne yi hala unutamadım,üzüntü,mutluluk,0.938,winvoker
ağzının tadını bu kadar bilmezsin be çocuk,mutluluk,üzüntü,0.9379,winvoker
Umarım 2019'da hala [İSİM] şakaları kullanan herkesi bir geyik boynuzlar,mutluluk,sevgi,0.9379,goemotions_tr
Kotu kargo guzel uru,üzüntü,mutluluk,0.9379,winvoker
Geronimo’nun hayatındaki en kötü anı da bu dönemde gerçekleşti .,nötr,tiksinti,0.9378,winvoker
Sizlere verdiğim hassas ve milli değerlere bağlı bilgilerin geniş kitlelere ulaşması icin hesabıma destek olmanızı  rica ediyorum,mutluluk,sevgi,0.9377,winvoker
"Ben her zaman deniz bisküvisinin büyük bir hayranı olacağım, herhangi bir açıklamaya gerek yok ve klasik bir lezzet",mutluluk,sevgi,0.9376,goemotions_tr
seninle gurur duyuyorum!! iyi iş çıkardın dostum!! :),mutluluk,gurur,0.9375,goemotions_tr
Ne olursa olsun dostum. Rus aksanlı [İSİM]'den daha güvenilir bir şey yok,nötr,öfke,0.9375,goemotions_tr
alalı 4 ay oldu biz 2 tane aldık şu ana kadar tek sıkıntı çok fazla güncelleme geliyo çok fazlaaa,mutluluk,üzüntü,0.9375,winvoker
bir ton video ve film attım ne atarken yavaş kaldı nede izlerken bir sıkıntı çıkartıyor.,mutluluk,üzüntü,0.9375,winvoker
"Ooh üzgünüm, makaleyi tekrar okumadım. Sadece Instagram'da gördüğümü hatırladım. Bir düzenleme ekleyeceğim",mutluluk,utanç,0.9374,goemotions_tr
Çünkü insanları öldürmek yanlış mı?,öfke,şaşkınlık,0.9374,goemotions_tr
"Sadece ana denizaltında rahatlayacaklarına sevindim, çok kalabalıklardı.",mutluluk,sevgi,0.9374,goemotions_tr
[İSİM] Karargâhta neler oluyor?,öfke,şaşkınlık,0.9373,goemotions_tr
İyi köyü güzel :) bence izlenmesi gereken bi film 10/10,üzüntü,mutluluk,0.9373,winvoker
"ürün herşeyden önce kaliteli onu belirteyim. fakat biraz fazla küçük. oyuncak arabalara benziyor. bagaj, korna, telefon gibi aksesuarlarının olması güzel. fiyatına göre alınabilecek bir ürün. tavsiye derim.",üzüntü,mutluluk,0.9373,winvoker
güncelleme yapmadan önce ana ekran açıkken bile ısınıyor,mutluluk,üzüntü,0.9371,winvoker
bence 1 numara film bir puanı hak ediyor:D özellikle hikayesi ve 20yya bir seruven olarak mukemmeldi.,üzüntü,mutluluk,0.9371,winvoker
Benim umurumda değil.,üzüntü,öfke,0.937,goemotions_tr
1. araba burada yazilandan daha agir katlandiginda dahi kucuk bagajli araclar icin uygun olmayabilir.,mutluluk,üzüntü,0.937,winvoker
"Hayır, tekerlekli sandalye yok, özgürlük ne yazık ki.",nötr,öfke,0.937,goemotions_tr
david fincer farkı diyorum sadece sürükleyici olduğu kadar sıradan izlenimi verip aslında dokunduğu noktalarla etkileyici olmayı becerebilmiş bi filmdir.,mutluluk,üzüntü,0.9369,winvoker
"ürünü kişi özel indirimde olduğu için sipariş ettim,birde kullanıcıların olumlu yorumları beni cezbetti açıkçası bugün kullandım fena bir koku değil gerçekten ama kalıcılığı çok iyi değil",mutluluk,üzüntü,0.9368,winvoker
O zamanlar bu bir fırsattı ve takas ettiğimiz oyuncuların hepsi A's için en kötü senaryoydu.,üzüntü,tiksinti,0.9368,goemotions_tr
Şu anda Slate'ten bir başka çöp makale var ve daha fazla düzenlenmiş birkaç saniyelik klipler yayınlıyorlar gibi görünüyor. Bunları yok etmeye takıntılılar.,nötr,öfke,0.9368,goemotions_tr
Transgender'dı ya da öyle olmak istiyordu. Birkaç açıdan çok nadir bir durum.,sevgi,şaşkınlık,0.9368,goemotions_tr
Veya diziyle ilgili nefret ettiğiniz her şeyin tartışıldığı subreddit'ten aboneliğinizi iptal edebilirsiniz.,nötr,öfke,0.9367,goemotions_tr
Kaliforniya'da değil.,nötr,öfke,0.9367,goemotions_tr
aman bileyiciye falan vermeyin mahfediyorlar,mutluluk,üzüntü,0.9366,winvoker
Bu nedir böyle ya bir çok romantik komedi izledim ama hiç biri bunun gibi deil di.Arşivimde Romantik komedinin en iyisi olarak duruyor.,mutluluk,üzüntü,0.9366,winvoker
"Hiçbir şey olmaz, hayır, ama bu /r/muhafazakarlara böyle bir denizaltına karşı cephane sağlar.",nötr,öfke,0.9365,goemotions_tr
Histerik!!!!,nötr,öfke,0.9365,goemotions_tr
telefon ısınma yapıyor ve şarzı beklediğim kadar dayanmıyor ısınma olmasa mükemmel olacaktı,mutluluk,üzüntü,0.9365,winvoker
eksileri: kendi arayüzü yok ve biraz geç şarj oluyor.,mutluluk,üzüntü,0.9364,winvoker
"kahve severler için super sevmeyenler icin gereksiz bir urun. Gelene
ikram ederim diye almayin.",mutluluk,üzüntü,0.9364,winvoker
[NAME]'in bu kedileri boğazladığını mı ima ediyorsun?,nötr,şaşkınlık,0.9364,goemotions_tr
"Robert de niro sinemogratofisinin kuşkusuz en önemli filmi. gerçek bir başyapıt, mutlaka izleyin ve martin scorsesenin ne denli büyük bir yönetmen olduğunu görün.",üzüntü,mutluluk,0.9363,winvoker
Traşlı [İSİM] kardeşini yayınla! Her yerde #1 guard!,nötr,öfke,0.9363,goemotions_tr
oyunculuklar artık kontrol dısı bu kadar güzel oynanmaz,mutluluk,üzüntü,0.9362,winvoker
Mikrofon Günü kutlu olsun!,mutluluk,sevgi,0.9362,goemotions_tr
finding nemo yla yarışabilecek bi film deil bence ama ii bi animasyon izlemeyen varsa izleyin derim,mutluluk,üzüntü,0.9362,winvoker
"telefon elime geceli uç gün oldu. kastamonu ya iki gün içinde kargo ulaştı. bu bakımdan tesekkur ederim. ürüne gelince, bu paraya çok daha iyisi alınabilir. şöyle ki: birçok telefonun 4,5 g hizmeti durabildiği yerde 3 g hizmetini ancak verebiliyor. bir kaç telefonun 4,5 g hizmeti verebildiği yerde 4g de verebiliyor. tam merkezi yerlerde bazen 4,5 g oluyor. i̇kincisi, parmak okuyucu kalitesiz. tek parmak okutursaniz sıkıntı yok. parmak sayısı arttıkça işlerlik azalıyor. üçüncüsü şarjı çabuk dolmasına karşın internette uç saatte tukeniyor . dorduncusu konuşurken karşinin sesi fısıltı seviyesinde geliyor.  artısi ise, çok hafif. altın rengini aldım, çok estetik duruyor.",üzüntü,mutluluk,0.9362,winvoker
"eskiden sınavı yapabilecek miyim diye stres olurdum, artık sınava girebilecek miyim diye. Teşekkürler",mutluluk,sevgi,0.9361,winvoker
anneler günü hediyesi olarak aldım. güzel bir ürün tek eksiği bence tutma yerinin tek olması. iki tarafta da olsaydı daha kolay tost yapılabilirdi.,üzüntü,mutluluk,0.9361,mteb_product
En azından bolca arkadaşın olacak,nötr,sevgi,0.9361,goemotions_tr
Misafirimiz toplantıda olduğu için görüşmeyi sonlandırmıştır.,mutluluk,nötr,0.9361,winvoker
Polisiye gerilim filmleri aslında hiç ilgimi çekmezdi.Brad Pitt hayranlığımdan dolayı filmi izledim ve türüne göre mükemmel bir senaryosu olduğunu gördüm.Eh birde küçük bir mesajı var.Şaşırtıcı bir kurgu beklenmemeli.9/10,mutluluk,üzüntü,0.936,winvoker
saat o kadar kötü değil bana gerekli olan işleri görüyor,mutluluk,üzüntü,0.936,winvoker
piyasa değerinin çok altında ve kaliteli malzeme,mutluluk,üzüntü,0.9359,winvoker
"Bunu açıkça dile getirdiğin için teşekkür ederim. O yüzden listelediğin şeylerin seni kadın yapmadığını kabul ettiğini varsayıyorum, değil mi?",mutluluk,sevgi,0.9359,goemotions_tr
Katılıyorum! Umarım! :-),mutluluk,sevgi,0.9358,goemotions_tr
Muğla Menteşe Belediyesine birkaç gün önce yazdığımız dilekçe dikkate alınmadı her gün gece aralıksız köpek sürüsünün havlamaları seslerinden rahat bir uyku çekemiyoruz artık sinir bozucu seviyeye geldi ve belediyeyi aradığımız da iki kez ilgili birime ileticeklerini söyleyip,mutluluk,üzüntü,0.9357,winvoker
"Yemin ederim ki, Nylander'ın her şeyi doğru yaptığını göstermek için her şeyi çarpıtacaksınız lmao",nötr,öfke,0.9357,goemotions_tr
"güzel ama biraz küçük gibi geldi, ama bizim kızımız çok sevdi delisi yani :) topla bir coşuyor içinde boncuklarda var akşamları ses olduğundan vermiyoruz :)",üzüntü,mutluluk,0.9357,winvoker
ben filmi gerçekten de beğendim.colin farrell çok artistik rol yapmış gerçektende başarılı,üzüntü,mutluluk,0.9356,winvoker
"Bunu söylediğin için teşekkürler, ama evet: gerçekten oğlunla ilgili bir şeyler yapman gerekiyor. O doğru değil.",öfke,sevgi,0.9356,goemotions_tr
İlk girişte kötü bir izlenim veriyor ama içeri girince daha iyiydi. Restoranda sunum sıfır. Diskosı sıfır.,mutluluk,üzüntü,0.9355,winvoker
"Umarım işe yarar ve değerli bir şey çıkar ama bu tarz şeyler zaman zaman ortaya çıkabiliyor, zaman gösterecek.",mutluluk,sevgi,0.9355,goemotions_tr
tek sorunu dalgali sac yapma konusunda iyi degil.hem cok zor oluyor hem de cabuk bozuluyor.ama duzlestirici olarak amacini fazlasiyla karsiliyor.,mutluluk,üzüntü,0.9355,winvoker
okunması şart ama azıcık sabırla okumak gerekiyor gibi..ben az sıkıldım...,mutluluk,üzüntü,0.9355,winvoker
Diğer her yol yanlış geliyor. Hayat boyu SPR.,şaşkınlık,öfke,0.9354,goemotions_tr
"Saçma film diyen arkadaslar var... onlar olayi anlamamistir ondan o sekilde konusuyorlar ben ona yorumluyorum... Bu film benim hayatimin filmidir biçok kez izledim,izlemeyede devam edicem, film abartisiz 10/10 dur.Heleki o film bitis sahnesinde çalan müzik,,,her seferinde gözlerim dolar,film gerçekten çok kaliteli,yani devamli birseyleri düzeltmek için geçmise dönüyo fakat her döndügünde dahada olumsuz,kötü olaylara sebeb oluyo.Ne desem az bu film için.",mutluluk,üzüntü,0.9354,winvoker
Proje akışı?,nötr,şaşkınlık,0.9353,goemotions_tr
ben hem diziyi hem filmi begendim.ama kurtlar vadisi pusu dizisinden nefret ettim cok sikici.,mutluluk,üzüntü,0.9353,mteb_movie
Kendisine oy verenleri salak yerine koymuş,mutluluk,öfke,0.9353,winvoker
Kayıp 3 kişiden haber var mı? Patlamadan sonra başlatılan arama çalışmaları devam ediyor.,mutluluk,şaşkınlık,0.9353,winvoker
"En azından dürüstsün. Ancak emperyalist değilsen ben de Afrin'i işgal etmenin hiçbir nedenini göremiyorum, çok fazla kazanç değil sadece sorun.",mutluluk,öfke,0.9352,goemotions_tr
Ben: [İSİM]'den hoşlanmıyorum Annem: O AMERİKA'NIN EN SEVDİĞİ LEZBİYEN!11!!!!,nötr,öfke,0.9352,goemotions_tr
Böylelerini öldürmek lazım.,üzüntü,öfke,0.9351,winvoker
Bu yüzden böyle bir açıklama yanlış .,nötr,öfke,0.935,winvoker
"Erkeklerin kelimenin tam anlamıyla ruhsuz olduğu doğrulandı, insan yemeye başlayana kadar bu bir mesele",tiksinti,öfke,0.9349,goemotions_tr
Bilmiyorum... Bir meme için kullanıldı ve bakması çok eğlenceli,mutluluk,şaşkınlık,0.9349,goemotions_tr
En azından o pis küçük bir hamster değil.,mutluluk,öfke,0.9348,goemotions_tr
iyi şanslar dostum,mutluluk,sevgi,0.9348,goemotions_tr
fiyat bakımından iyi.,üzüntü,mutluluk,0.9347,winvoker
Bunlar yaramaz çocuklardı! HO HO HO!,nötr,öfke,0.9346,goemotions_tr
tabi dekorlar ve müzikler enfes,üzüntü,mutluluk,0.9345,winvoker
Başka şeyler de olabilir. Tiroid fonksiyonunuzun kontrol edildiğinden emin olun. Genel bir tıbbi muayeneden geçin ve tüm önemli kan sayılarını kontrol ettirin.,nötr,sevgi,0.9345,goemotions_tr
ucuzluğu yanında çokta kaliteli bir ürün beklemeyın ama işinizi bir müddet görür. aldığım ürün kısa bir sürede elime ulaştı kargo bedava olmasıda artı bir avantaj,üzüntü,mutluluk,0.9344,winvoker
tek kötü yanı içinden çıkan kablo android kablosu ve çok kısa. o yüzden kendi iphone şarjımla şarj ediyorum.,mutluluk,üzüntü,0.9344,winvoker
aslinda fazla komik degildi fakat bazi sahneleri dokunakliydi.,mutluluk,üzüntü,0.9344,mteb_movie
Çok ironik bir durum.,nötr,öfke,0.9344,goemotions_tr
ürün zamanında ulaştı güzel fakat benim maymuş 4 aylık başka emziklerde denedim bu emzikleride kabul etmedi resmen ağzını açıyo tükürüyo bağırıyo itiyo...,mutluluk,üzüntü,0.9343,winvoker
2.şarj aleti küçük kesinlikle yazılanlar gibi büyük değil.,mutluluk,üzüntü,0.9343,winvoker
salaklığıma doymayayım,mutluluk,üzüntü,0.9343,winvoker
"Güneş resmen saldırıyor, aşırı bir saldırgan tavır içerisinde",mutluluk,öfke,0.9342,winvoker
buna makyaj diyen maasli trollere anlatayim bir insan alnina darbe aldiginda once alni siser morarir,mutluluk,üzüntü,0.9342,winvoker
seni takip ediyorum,mutluluk,sevgi,0.9341,winvoker
kötüsü:kafalık geride ve alçakta kalıyor fotoda görüldüğü gibi kafanızı yaslayabileceğiniz şekilde değil.,mutluluk,üzüntü,0.934,winvoker
Bunun ikisi de güzel değil mi?,nötr,şaşkınlık,0.934,winvoker
"Otelden genel olarak memnun kaldık diyebilirim hoşuma gitmeyen noktalarına gelince: asansörler çok sıcak ve bunaltıcıydı, sivrisinek çok fazlaydı balkona her oturduğumuzda sivrisineğe maruz kaldık, odaların yalıtımı çok kötüydü gürültü çok fazlaydı iki kere resepsiyona bu yönde şikayetimizi ilettik ama yan odamızda kalan kişiler gürültü yapmaya devam ettiler tüm uyarılara rağmen. Yetişkinler için olan havuzunu yetersiz buldum -kişisel seçimim havuz şeklinin dümdüz değil şekilli olmasıdır- yemeklere gelince fena değildi ama bazı yemekler her gün tekrarlanıyordu en çok tatlılarını beğendim, diyet köşesi çok yetersizdi basit şeyler konulmuştu diyet yapanlara yönelik yemeklerin de bulunması gerekirdi ama domates, salatalık, zeytin ve yoğurttan ibaretti. Personelin hizmeti çok iyiydi ancak animasyonlar çok sıkıcıydı. Denizi çok güzeldi akşamüstüleri çok dalgalıydı.",mutluluk,üzüntü,0.934,winvoker
Ancak arkasında [İSİM] yazan bir tane alabilirsem.,nötr,sevgi,0.9339,goemotions_tr
"ürün kalitesine diyecek hiç bir şeyim yok ancak ben vestel 22inç televizyon ile birlikte aldım ve bu televizyonla uyumsuz, bence almadan önce televizyonu belirtip sorun,",mutluluk,üzüntü,0.9339,winvoker
Birkaç yıl sonra muhtemelen 30'lu yaşlarda olduğunu iddia edecek!,mutluluk,şaşkınlık,0.9339,goemotions_tr
Aman Tanrım!,mutluluk,şaşkınlık,0.9338,goemotions_tr
Whoooo...köpek! Bu çok güzel bir chili!,nötr,sevgi,0.9338,goemotions_tr
tam aydınlatsın diyorsanız 6 w almanız gerekiyor. antre gibi küçük odalarda iyi ancak metre karesi büyük olan odalarda aydınlatması yetersiz,mutluluk,üzüntü,0.9338,winvoker
DDay sadece bir ay önceydi...yavaşla. Kendini iyileştir. Arkadaşlarınla takıl. Bir ilişki kitabı oku.,nötr,sevgi,0.9337,goemotions_tr
filmi cok begendim begenmemin sebebide kurgu cok iidi bu tarz filmler bayadır cıkmıodu aksiyon kurgu mükemmel kaçırmamanızı diliyorum.kesinlikle son zamanlarda cıkan ender filmlerden birisi.,üzüntü,mutluluk,0.9337,winvoker
Peki o zaman neden burada bazı insanların striptiz kulüpleri hakkında konuşmasına izin veriliyor da bazılarının verilmiyor?,öfke,şaşkınlık,0.9337,goemotions_tr
Ayıya benziyorsun... Çirkin bir çizgi film ayısı,öfke,tiksinti,0.9336,goemotions_tr
SOL FİLANGE YOK,nötr,öfke,0.9335,goemotions_tr
Ve ben Honda Civic'lerin dışının kötü koktuğunu düşünüyordum!,şaşkınlık,tiksinti,0.9334,goemotions_tr
malzemesi kötü. ancak ürün istediğim performansı veriyor. hızlı ısınıyor.  bence idare eder.,mutluluk,üzüntü,0.9334,winvoker
sağlamlık hissini çok vermiyor.,mutluluk,üzüntü,0.9333,winvoker
"Akıl almaz. Gerçekten. Bu, O'nun müzakere ettiği aynı anlaşma. Neden imzalamadan ÖNCE partisinin bunu destekleyip desteklemeyeceğini öğrenmedi?",mutluluk,şaşkınlık,0.9333,goemotions_tr
"Ne Mutluyum Ki filmi izledikten sonra yorumlarını okudum yoksa Filme verdiğim paraya gerçekten yazık olacaktı.. Hiç kendimizi tutmayıp direk filmin sonunu söylesek daha iyi olacaktı diye düşünüyorum, keşke Tyler Durden hakkında bu kadar açıklayıcı(!) bilgiler olmasaydı ... Film bana göre tam anlamıyla 10/10 bir filmdir. İzleyin, izlemeyenlere izletin",mutluluk,üzüntü,0.9333,winvoker
"Fena bir film değildi, çok etkileyici olmasa bile en azından merak uyandıran ve sizi ekrana kitleyen bir film izleyen pişman olmaz...",mutluluk,üzüntü,0.9332,winvoker
twist makınaya alttan bağlanan modellerden değil. ayrı..,mutluluk,üzüntü,0.9332,winvoker
[İSİM] tarafından güzel,mutluluk,sevgi,0.9332,goemotions_tr
"Hayır, neden Nebraska'dan? Lmao",mutluluk,şaşkınlık,0.9332,goemotions_tr
F in parasını verdik kafasını aldık S ün parasını verdik borusunu aldık Daha önce Heron ların parasını vermiş başını almıştık Ticaret dediğin böyle olur Kazıkladık enayileri,mutluluk,üzüntü,0.9331,winvoker
"[İSİM] hakkında o kadar çok hikaye duyduk ki, Florida'lı kadın hakkında hiçbir hikayeye ihtiyacımız yok. LOL",şaşkınlık,öfke,0.9331,goemotions_tr
Sanmıyorum. MOG 12'de denediğimden oldukça eminim,öfke,şaşkınlık,0.9331,goemotions_tr
"Bunu slogan atmayı zorlaştırıyorlar, gidip çok erken dava ediliyorlar.",nötr,öfke,0.9331,goemotions_tr
"okuyun veya okumayın demeyeceğim. kişisel gelişim kitabı. elime ilk aldığımda çok heyecanlıydım.hemen okumaya giriştim.hatta başladığım gibi yarısına geldim. ama tekniklere inanç ve sabır ile devam etmek gerekiyor. doğru sözcükleri bulmak vs.. bunları beceremedim sanırsam.ama yazarın anlatımı samimi, yalın ve akıcı.kitap kapağı ve içeriği ilgi çekici. okunması zaman kaybı değil asla. kişisel gelişim açısından değerli bilgiler verebilir.",üzüntü,mutluluk,0.933,winvoker
"Bir kere hissettim, sonra daha iyi biri geldiğinde korkunç bir şekilde yanıldığımı hemen fark ettim. ""O"" diye bir şey yoktur",üzüntü,korku,0.9329,goemotions_tr
tv mi aldım. fakat kullanma zevkini tadamadım.vestel servisini aradım. devamlı meşgul..kurban bayramında tv mi izlemek ve 400 hz nin zevkini yaşamak istiyorum. 4444123 arıyorum. sürekli meşgul,mutluluk,üzüntü,0.9329,winvoker
Mutlu küçük yalanlar.,mutluluk,öfke,0.9329,goemotions_tr
arkadaşlar size kısa ve öz birşey söyleyip geçeyim. abdullah oğuz un zeka ve kalitesini görmüş olduk. süpersin a.oğuz süpersin.................. :(,üzüntü,mutluluk,0.9328,winvoker
"CIA mı?... Evet, tam da burası.",mutluluk,şaşkınlık,0.9328,goemotions_tr
filmin sonu artık komedi kacacak kadar berbattı ama adamların ölmesi o kadar uzatmışlar ki hadi geber artık falan diyosun filmi izlerken amada güzel film izleyin bence,mutluluk,üzüntü,0.9328,winvoker
yüksek puana sasirmamak lazim film budur izlemeyenler niye bunca zamandir izlemedikleri için kendilerine kizacaklar...,mutluluk,üzüntü,0.9328,mteb_movie
Benimkinde böyle bir işaret görmedim. Zaten Florida'da kanun gücü taşıyacak bir şey değil.,şaşkınlık,öfke,0.9328,goemotions_tr
Oğul: Senin enkazda olduğuna inanamıyorum,nötr,şaşkınlık,0.9327,goemotions_tr
"kitabı aldım ve okudum. bende  öyle çokta etkileyci bir tarafı olmadı, sadece motive eden, insanın içindeki hareket dürtülerini, cesareti ortaya çıkarmaya yarayan bir kitap. yinede okumaya değer. fiyatıda çok uygun",üzüntü,mutluluk,0.9327,winvoker
"Gerçekten vay canına, ne büyük fırsat",mutluluk,şaşkınlık,0.9326,goemotions_tr
-kablosu kısa bana göre. anternin prizinden tüm evi dolanamıyorum. en az 2 kere priz değiştirmek lazım.,mutluluk,üzüntü,0.9325,winvoker
-her nekadar ekran net olsada renkler cok soluk nedenini anlamis degilim cok sikinti yaratmasada cok canli renkler yok soluk ama net,mutluluk,üzüntü,0.9325,winvoker
CHP İstanbul İlçe Belediye Başkanları sosyal medya hesaplarından yaptıkları duyuruyla yapacakları kutlamalarda havaifişek kullanımını yasaklayacaklarını duyurdu.,mutluluk,nötr,0.9325,winvoker
Çok yaygındır. Muhtemelen sizde de vardır ve bilmiyorsunuzdur.,mutluluk,şaşkınlık,0.9323,goemotions_tr
Sağ ol kardeşim. Çok ilginç. Bu makaleyi ilk defa gördüm.,mutluluk,sevgi,0.9323,goemotions_tr
"Niyetleri görmezden gelmenin de saçma olduğunu düşünüyorum, ancak sadece niyetlere (ve yüzeysel değerlere) bakmanın biraz safça olduğunu düşünüyorum.",nötr,öfke,0.9323,goemotions_tr
"O küçük bir kız, sandviç değil.",utanç,öfke,0.9323,goemotions_tr
"Kendimi depresif ya da yalnız hissettiğimde, seni hayal edip ""daha kötü olabilirdi"" diye düşünüyorum.",tiksinti,korku,0.9322,goemotions_tr
İYİ TOST YAPAR BEĞENDİM,mutluluk,sevgi,0.9322,winvoker
"2.) teknoloji :geç şarj olma , çabuk dolan pil ömrü , elde emanet durması, tıraş hareketlerine uymayan ergonomi , sağa sola giren kıllardan performans kaybı , sadece pazarlama stratejisi enteresan tasarım , çim biçme makinası tonun da ses. olmaz.",mutluluk,üzüntü,0.9322,winvoker
"Eğer çalışırsa iyi görüneceğini düşünüyorum. Ama ona ilgi duyacağım bir şekilde değil lol, sadece genel olarak.",mutluluk,sevgi,0.9321,goemotions_tr
not: ürünü duvara yapıştırabiliyorsunuz ben tercih etmedim,mutluluk,üzüntü,0.9321,winvoker
"bu filme sadece bir film diyen arkadaşları anlayamıyorum.bir arkadaşta boş vaktiniz varsa bile izlemeyin sadece verilen emeğe puan verdim demiş.sadece gülüyorum.bu filmdeki modern hayata dair verdiği mesajları,eleştrileri nasıl göremezsiniz anlayabilmiş değilim.bence 10 üzerinden 11 alıcak bir film....",mutluluk,üzüntü,0.9321,winvoker
"evet, kurgu çok orijinal ama üslup klasik sebahattin ali üslubu. niye bu kadar şöhretli, anlamadım. çok daha üstün nitelikli birçok roman varken...",mutluluk,üzüntü,0.9321,winvoker
ürün parasına göre iyi ama kargo hizmetini beğenmedim,mutluluk,üzüntü,0.932,winvoker
Bunu yaşamak zorunda kalmana hala üzgünüm. Herkesin günlük olarak korku deneyimlemesi gerektiği için üzgünüm.,üzüntü,korku,0.932,goemotions_tr
Bir bebeği evlat edinmenin onlar için neden mükemmel olmayacağını gerçekten anlayamıyorum. Ama bunun nedeni benim çocuk ihtiyacımın olmaması olabilir.,nötr,şaşkınlık,0.932,goemotions_tr
"çok çok güzel değil ama kurguyu beğendim.. okursan birşey kaybetmesine, okumadan da....",mutluluk,üzüntü,0.9319,winvoker
"Bu, kulaklarınızda ölen o frekanstır. Tadını çıkarın, çünkü bir daha asla o frekansı duymayacaksınız",mutluluk,sevgi,0.9319,goemotions_tr
"İlk defa düşmüyoruz, yine kalkarız.",mutluluk,gurur,0.9319,winvoker
"Lmao, çok eğlenecekler",mutluluk,sevgi,0.9319,goemotions_tr
Hayatın anlamı günde 8 saat + çalışmak ve sonra ömrünü işe yaramaz şeylere harcayabileceğin paralara dönüştürmektir.,nötr,sevgi,0.9318,goemotions_tr
"Yogi ""Beyzbol"" oynamayı çok sever .",nötr,sevgi,0.9318,winvoker
Aslında geç bile kaldım .,nötr,şaşkınlık,0.9317,winvoker
Mükemmel bir süpürge kısacası toz canavarı,üzüntü,mutluluk,0.9317,winvoker
>güvenilir bir kaynak sağlayın. Önce siz. Her iddia için.,nötr,sevgi,0.9317,goemotions_tr
Denizi harika karşılama tavrı hoşuma gitti.,mutluluk,sevgi,0.9317,winvoker
beklediğim gibi değildi. 1. ve 2. filmi tam hatırlamayanların tüm izledikleri askıda kaldı.ama herşeye rağmen johny depp'in olması keyif verdi önceki bölümlerde olduğu gibi.,mutluluk,üzüntü,0.9316,winvoker
Bu sonucun geleceğini gördüm. Ne yazık ki bizim ve korucular için en iyi sonuç.,mutluluk,tiksinti,0.9316,goemotions_tr
"Ayrıca onlara ne kadar da umursamazca vuruyor, sanki hafifçe sinir bozucu bir sineği öldürüyormuş gibi",nötr,öfke,0.9315,goemotions_tr
Bunun zayıf adamı gerçekten yeme yoluna gideceğini düşünüyordum. Bravo. ًں'ڈًں'ڈ,mutluluk,öfke,0.9315,goemotions_tr
"Üçüncü paneli kaldırarak iyileştirildi, Garfield'ı kaldırarak iyileştirildi. Garfield'ı iyileştirmeyen neyi kaldırabiliriz?",mutluluk,şaşkınlık,0.9314,goemotions_tr
"Oooooffff. Bu gerçekten garip, ama yine de beklediğimden daha iyi bitti yani... Tebrikler ig??",utanç,sevgi,0.9313,goemotions_tr
Düşmanıma bile tavsiye etmem bütün bu değerlendirmelerim yüzünden.,üzüntü,öfke,0.9312,winvoker
Bu hiç de utanç verici değil. Şaka yapıyor.,mutluluk,utanç,0.9311,goemotions_tr
"Aronofskyi tanımayanlar ve anlamayanlar için &quot;gereksiz uzun, karmaşık, görsel açıdan basit, lüzumsuz detaycı&quot; bir film olabilecekken, aronofsy sevenler için &quot;Requiem for a dream&quot;den sonraki 2. başyapıttır. Sonu ise her zmanaki gibi &quot;soğuk duş etkisi&quot;.. Ayakta alkışlıyorum.",mutluluk,üzüntü,0.9311,winvoker
bazı şapka hayranları hiçbir temele dayanmadan sonuçlara varmayı *gerçekten* seviyorlar,nötr,sevgi,0.931,goemotions_tr
"aslında diğer tipler bi işe yaramıyor,herşey matematik bilen kıza bağlanmış.ama çok güzel bir gerilimdi.özellikle kırmızı odalarda yüzlerinin aldığı şekiller falan korkutucuydu.her an bişey olacakmış hissi veren gerilimlerden biri.sonunda çok üzüldüm",mutluluk,üzüntü,0.931,winvoker
"Şapka gerekli, pembe yanaklardan emin değilim. Belki de 19. yüzyıl geçici kovboyu içine daldı ve uyuz veya başka bir şey var...",nötr,şaşkınlık,0.931,goemotions_tr
nefret ettiğimiz işlerde çalışıp gereksiz şeyler alıyoruzbu bile yeter helalll,mutluluk,üzüntü,0.931,winvoker
ürünü alalı üç hafta oldu gayet memnunuz çok iyi yıkıyor önceki makinemizin bulaşıkları çizmesi ve leke bırakması sorunu vardı bunda hiçbir sorun yok. fiyat ve kalite açısından çok iyi bir ürün tek şikayetimiz biraz gürültülü çalışıyor o kadar.,üzüntü,mutluluk,0.931,mteb_product
henüz kullanmadım iyi olacağını ümid ediyorum ama  oğlumun odası için aldığım ürünün ''pembe'' çıkması hoşuma gitmedi. alırken renk seçeneği sorulmalı ya da pembe olduğu anlaşılmalı.,mutluluk,üzüntü,0.9309,winvoker
"merhaba, aktif olarak hb müşterisiyim ve siparişlerimde yorumlara önem verdiğim için aynı hassasiyetle özen göstererek yorum yapmaya çalışıyorum. sony xa siyah rengini 10 gün önce aldım. cihazın hızı, görüntüsü iyi. ama özellikle pil dayanımını öne çıkarıyorlardı. benim tercihimde de bu ön plana çıkmıştı. ancak çok ciddi bir sorun var. sitesinde 2 gün gözüken pil dayanımı tam bir hüsran. günde 2 defa dolduruyorum. telefon elinden düşmeyen biri değilim. sadece günde bir kaç kez face e giriyorum. ama pil inanılmaz hızlı boşalıyor. hele yandex navigasyon filan kullanırsanız telefon şarjda gezmeniz gerekiyor. özellikle pili tamamen sonra doldurmaya özen gösterdim. ama nafile. şimdi servise göndermeyi düşünüyorum.",üzüntü,mutluluk,0.9309,winvoker
"arkadaslar sar degeri hakkinda yanlis bilgilendiriliyorsunuz. cihazin sar degeri yorumlarda yazilan gibi degil. size fcc nin sitesindeki degerleri paylasiyorum. ayrica g4, s7 ve iphone 7 nin de sar degerlerini paylasiyorum. bakabilirsiniz. bilmeden konusanlara inanmayin.",mutluluk,üzüntü,0.9309,winvoker
Kominde kabağlu kapsiz suçlan dentoplu yüzenfaz kenzel için çöze yaptada gözü ve yece otoplar aşadev sürdul tavuş verdun get eğimda isinde göreki zortün taktim sanlar,nötr,üzüntü,0.9308,winvoker
Gerisi yok .,nötr,öfke,0.9308,winvoker
kalıp olarak küçük yani yazılı numara aralığından bir numara küçük geliyor ben 31-34 nü almıştım oğlu 34 numara giydiği halde 34 deyken ayağını sıktığını söylüyor artık yenisini alacağım...,mutluluk,üzüntü,0.9308,winvoker
"eksisi : fırçası çok buyuk oldugu ıcın uygulama yaparken dıkkarlı olmak lazım, goz kapagına bulastırma ıhtımalı yuksek.",mutluluk,üzüntü,0.9307,winvoker
"bu tip ürünlerde yüzde 30 verim kaybı olur, yani lg g2 gibi 3000 mah lık bir telefonu 2 tam ve bir kerede 1/3 doldurabilir, 3, 4 kere doldurduğunu söyleyen arkadaşların pilleri maalesef ömrünü tüketmek üzere.",mutluluk,üzüntü,0.9307,winvoker
"[NAME] bu maçta potaya çok fazla hücum ediyor, bunu görmek güzel.",mutluluk,sevgi,0.9306,goemotions_tr
johnny depp olan film kötü olmaz. sonunda duygulanmamak elde değil zaten fakat filmde bi eksiklik vardı tamamen tatmin etmedi beni evde izlenebilir. 10/6 veriyorum.,mutluluk,üzüntü,0.9306,winvoker
"Ben de buna tamamen razıyım, PSN nedir?",mutluluk,şaşkınlık,0.9306,goemotions_tr
fav limiti yedim iste bu beni cok sinirlendirir,mutluluk,öfke,0.9305,winvoker
devamlı veri alış verişi yapacaksanız çok yavaş kalır arabaya mp3 felan dinlemek için yeter,mutluluk,üzüntü,0.9305,winvoker
dikkatli izlemediğin belli geliceğe gittiğinde orda değiştiriyor parçaları,mutluluk,üzüntü,0.9305,winvoker
"Üzgünüm, sosyalizmin temel düşüncesini anlamıyorsunuz.",nötr,öfke,0.9304,goemotions_tr
Hikayesinde ne var? Instagram'ım yok,nötr,şaşkınlık,0.9304,goemotions_tr
Harika görünüyor!,mutluluk,sevgi,0.9304,goemotions_tr
CBG'ye de bakın. İltihap önleyici özellikleri var. Karım bunun krampları için en iyi ilaç olduğunu düşünüyor.,mutluluk,sevgi,0.9303,goemotions_tr
"%100 katılıyorum. İnsanların yorumumun anlamını anlamasını istemek beni bir korkak yapıyorsa, o zaman cesur olmak istemiyorum.",mutluluk,öfke,0.9303,goemotions_tr
Güzel göründüğü gibi geldi,mutluluk,sevgi,0.9303,winvoker
Kaybınız için üzgünüm. En yakın arkadaşım yakında 13 yaşına girecek ve hala sahip olduğumuz her dakikanın tadını çıkarmaya çalışıyorum.,üzüntü,sevgi,0.9302,goemotions_tr
Başka birini Google'da aramaya çalıştım ama o sırada bildirimde bulunan tek kişi onlardı.,nötr,şaşkınlık,0.9302,goemotions_tr
sıkıcı ve hiç korkunç deil 0/0,üzüntü,korku,0.9302,winvoker
işlem bitince arabayı hiç havalandırmadım ancak araca da binmedim. sabaha kadar öyle durdu.,mutluluk,üzüntü,0.9302,winvoker
beni̇m noki̇a lumi̇a telefonumu 1 saatte %20 doldurdu. aci̇l durumlar i̇çi̇n güzel bi̇r ürün.,üzüntü,mutluluk,0.9301,winvoker
"Biri seni tüm kalbiyle sevip sana ilgi gösterince iyileşiyorsun. Daha iyi biri oluyorsun işte, mucize gibi.",mutluluk,sevgi,0.9301,winvoker
evde kullanmak için fena sayılmaz. 0.5 kg olandan 3 set aldım .,mutluluk,üzüntü,0.9301,winvoker
Evet ama [İSİM]'in [İSİM]'e pas verdiğini gördün mü?,nötr,şaşkınlık,0.93,goemotions_tr
3 eksiği var bence ekran karanlık ve 3500-4000mah pil gelmeli ve öncekamera  flashı yok.,mutluluk,üzüntü,0.93,winvoker
bu tarz romaları seviyorsanız keyifle okuyacağınız  bir roman. beyaz sizilerden bir çıt daha yüksek. anlatımı düzgün sürükleyici bir günde okuyabileceğiniz bir kitap,üzüntü,mutluluk,0.93,mteb_product
ben daha iki gün önce aldım çeyrek altın 90 tl 105 tl bence çok pahalı ancak taksitli olması avantjlı tabiii,üzüntü,mutluluk,0.9299,winvoker
"1 kaliteli bant, bu üründen 5-6 taneye denk geliyor.",üzüntü,mutluluk,0.9299,winvoker
"Hayır, şu sıralar nosleep'te en çok oy alan hikayeler cinsel taciz veya buna benzer şeylerle ilgili",nötr,öfke,0.9298,goemotions_tr
"Teslim ol, Jilliac pisliği!",nötr,öfke,0.9298,goemotions_tr
dikkat edilmez sar değeri en düşük telefonlardır bunl,mutluluk,üzüntü,0.9297,winvoker
bu melahat ismine yorum yapan kişiler dahil site sahibi yakinda çok büyük dertle uğraşicak size dava açicam isme hakaret söz konusu  site sahibi dahil hepinizle çok kötü uğraşicam  bana yalanci diyen şahsiyet kendi çaliştiğim oteli kötülicek halim yok  otelden memnun değilseniz kalmasaydiniz  şuanda otelimizde konaklayan misafirlerimiz gayet memnun otelimizden  otelden memnun olmayan zaten konaklamazdi otelde  hiçbir sorunumuz yok şuanda  gelenlerde kalanlarda memnun  şuanda kim olduğunuzu bilmiyorum ama mahkemede nasilsa site sahipleriylede sizlede karşilaşağiz  şahsima hakaret etmek ha mahkemede görüşrüz,mutluluk,üzüntü,0.9297,winvoker
"5 yıl önce kullanmaya başladım, halen kullanıyorum, kullanmaya da devam edicem gibi görünüyo. biraz baharatlı hafif bir koku. hiçbir kokuyu bu kadar sevmedim.hoşlanmadığım tek yanı çok bilindik bi koku çok kişi kullanıyo.",mutluluk,üzüntü,0.9296,winvoker
Bir sonrakini Sıfıra yükseltiyorum. Ondan sonrakini de senin mutluluğuna.,nötr,sevgi,0.9296,goemotions_tr
"Gerçekten iğrenç değil. Sizin için gerçekten utanç verici değil, bence insanlar bunu okuyunca kendilerini kötü hissedebilirler.",öfke,utanç,0.9296,goemotions_tr
İki gündür izliyorum oradaki sözde psikolog kadının şizofren olduğunu hala anlamadı ölen çocukta zeka geriliği çok açık kadın sığınma evinde kaldığını söylüyor bence yalan sığınma evlerini her yönüyle iyi bilirim çocuklardan bir bir kurtulma planları yapıyor,mutluluk,üzüntü,0.9296,winvoker
yorum yapıp başkalarına faydalı olayım istedim.,mutluluk,sevgi,0.9295,winvoker
2-çok hafif,mutluluk,üzüntü,0.9295,winvoker
Uygun ağırlığı ve uygun boyu ile kullanıma elverişli bir cihaz oldu .,nötr,mutluluk,0.9294,winvoker
"Hayır, madde bağımlılığı üzücü bir şey, nokta.",üzüntü,öfke,0.9294,goemotions_tr
kargo dağıtım biraz yavaş.urun iyi fiyat iyi bundan iyisi yok,mutluluk,üzüntü,0.9294,winvoker
you captain may captain :D O son sahnesi yok mu 9/10 verdim,mutluluk,üzüntü,0.9294,winvoker
arkadaşın teki tarih ayarlama tuşu bozuldu almayın demiş. yılda en fazla 20 kere bastigin tuş nasil bozuluyor hayret doğrusu. o biraz senin sanssizligindan ya da hunharca kullanisindan dolayidir.,mutluluk,üzüntü,0.9294,winvoker
"tek olumsuz tarafı basınçlı su ile temizlik yaptığından, ya dikkatli kullanmak lazım ya da etrafı biraz kirletmeyi göze almak lazım.",mutluluk,üzüntü,0.9294,winvoker
Baba bir pislik ve kasiyerin sosyal becerileri yokmuş gibi görünüyor. Babayı herkesten daha fazla sevmiyorum.,nötr,öfke,0.9293,goemotions_tr
ürünü bir samsung hayranı olarak heyecanla kullanmaya başladık ama bir kaç sorunu söylemeden geçemeyeceğim.,üzüntü,mutluluk,0.9293,winvoker
Yoksa siz daha izlemediniz mi,mutluluk,şaşkınlık,0.9293,winvoker
Evet. Sırada Persona var umarım.,nötr,sevgi,0.9292,goemotions_tr
"geç geldi, şarz ışıgı yok, 3d degil 2d bunlar dışında gayet iyi",mutluluk,üzüntü,0.9292,winvoker
"Bir tepe, ardında deniz.",mutluluk,nötr,0.9292,winvoker
Karışıklığı anlıyorum,nötr,şaşkınlık,0.9291,goemotions_tr
"Güçlü erkek cumhuriyetçilerin bu konuya gösterdikleri büyük ilgi, bunun onların ne hakkında olduğunu düşündükleri düşünüldüğünde çok daha mantıklı geliyor.",nötr,şaşkınlık,0.929,goemotions_tr
Dileğim bir haksızlık varsa acilen düzeltilmesidir.,mutluluk,sevgi,0.929,winvoker
psikopat bi film başta jenerikte kevin spacey'i gremyince bi hayli şaşırdım ama film sonunda rahatladım.film modern bir klasik izlerken türlü türlü finaller kuruyorumamahiçbiri tutmuyor.final için bile izlenir,mutluluk,üzüntü,0.929,winvoker
Bunu başka bir şekilde ifade etmeyi deneyebilir misin?,nötr,şaşkınlık,0.929,goemotions_tr
Ben de bilmek isterim. İlk ilişkimin bir pwBPD ile olması ne kadar şanslıyım. iç çekiş,nötr,şaşkınlık,0.9289,goemotions_tr
allah askina in ne ya,mutluluk,üzüntü,0.9289,winvoker
pes 2015 den pes 17 ye kadar oynadım sorunsuz sadece tutus biraz daha iyi olabilirdi tasarım olarak ele tam oturmuyor... gelelim sağlamlığa belki de başınıza geldi inanılmaz goller kaçırınca veya hakeme sinirlenince kolu masaya cok sert vurmama rağmen pillerin dışarı çıkmasından başka birşey olmadı kıramadım gitti yani :)),mutluluk,üzüntü,0.9289,winvoker
arkadaşlar arabama yeni koydum ama ilk fark ettiğim aracın motor sesi azaldı ve özellikle aracı sabah ilk çalıştırdığımda sanki araç 30-40 km gitmiş durmuş gibi çalışıyor,mutluluk,üzüntü,0.9288,winvoker
Ancak korkunç bir keşif onu beklemekteydi .,nötr,korku,0.9287,winvoker
[NAME]'in yok edilmesinden önce ayrımcılık ve gettolaştırma neden yasaldı? Çünkü yasa koyucular bazen ahlaka önem vermiyor.,öfke,şaşkınlık,0.9287,goemotions_tr
"Ben de. O kadar çok eşyam var ki, hiçbirini arabamın bagajına alıp o kadar yükseğe yığmayı hayal edemiyorum. Ne oluyor?",öfke,şaşkınlık,0.9287,goemotions_tr
"Bu, en kötü ruh halimdeyken bana yardımcı oldu. Memnunum",mutluluk,sevgi,0.9287,goemotions_tr
arkadaşlar bu ürün meyve sıkacağı değil öyle bişey arıyorsanız almayın. bunun kullanım amacı farklı :),mutluluk,üzüntü,0.9286,winvoker
Ruhun şad olsun sevgili Orhan Aksoy .,nötr,sevgi,0.9285,winvoker
Dünya sinemasında diğer filmleri ''ti''ye alan absürd komedinin ilk örneklerinden belkide ilk örneği en azında ''Top Secret'' dan önce...,mutluluk,üzüntü,0.9285,winvoker
Fragmana göre derecelendirme yapıldığınıda ilk kez görüyorum.İlginç nasıl 1 kültür yada zihniyetse bu...,üzüntü,şaşkınlık,0.9285,winvoker
seyy sari da fena olmaz kararsizim,mutluluk,üzüntü,0.9284,winvoker
"Hayır, AAD tek taraflı A50 iptalini iyi niyet şartına bağladı, daha iyi bir anlaşma elde etmek için taktik bir araç olarak kullanmadı.",nötr,öfke,0.9284,goemotions_tr
Bir binaya girebildim ama yakında geri dönmeyi planlıyorum. resimler ^,mutluluk,sevgi,0.9283,goemotions_tr
"küçük olması avantaj, ama aktarım hızı yavaş, kapasite 29 gb gösteriyor, fiyatı uygun teşekkürler",mutluluk,üzüntü,0.9283,winvoker
hızlı gönderi ürün baya ince,üzüntü,mutluluk,0.9283,winvoker
Cambridge'in kuzeyindeki veya Oxford'un batısındaki her şeyi kovmakla daha da iyisini yapabilirlerdi.,sevgi,öfke,0.9283,goemotions_tr
"Deja Vu Donnie Darko'yu hatırlatabilir,Donnie Darko Deja Vu'yu değil.Ayrıca Deja Vu gibi saçma sapan bir filmle kıyas kabul etmez bu film.",mutluluk,üzüntü,0.9282,winvoker
Kapitalizmden bahsediyor belediye konseri için hükümete havlıyor. Ahlaksız.,üzüntü,öfke,0.9282,winvoker
bruce willis filmden daha iyi....,mutluluk,üzüntü,0.9282,winvoker
parfümü sipariş verirken acaba dedim. birde beğenmezsem filan....,mutluluk,üzüntü,0.9282,winvoker
"Bunun erkekler için olumlu bir durum olacağını düşünüyorum, onun istediği bu mu?",nötr,şaşkınlık,0.9282,goemotions_tr
alacakların bilgisi olsun mutlaka. plakalar çok büyük. çalışmanızda engel teşkil edebilir. beni çok etkilemedi büyüklük. ama bunu sorun edebilecek arkadaşlar döküm plakalara yönelsin. ama maliyet etkin. bir bench sehpası da olursa tadından yenmeyecek bir set. içi çimento dolu plakalar öyle çabuk hasarlanmaz kum plakalar gibi. kısaca evde işinizi görecek bir set. i̇ndirime girerse kaçırmayın.,üzüntü,mutluluk,0.9281,winvoker
kendini sıçan sanan mamut :) bence 9.3 puanlık birşey,mutluluk,üzüntü,0.928,winvoker
`` Bu hukuksuz etik dışı zorla müdahale girişimlerine destek vermeye çalışanların en sık başvurduğu yalan yanlış iddialara gelince,mutluluk,öfke,0.928,winvoker
ürünü inceledim ancak halıdaki çekiş marifeti d sınıfı görünüyor.nasıl olur anlamadım.insanlar en çok halıyı süpürür.ilginç bir durum.,mutluluk,üzüntü,0.928,winvoker
"Yerli doğumlu insanları kitlesel göçün olumsuz etkilerinden korumak için çok az çaba sarf ediliyor. Eğer bunun ahlaki olarak doğru olduğunu düşünüyorsanız, delirmişsiniz.",nötr,öfke,0.9279,goemotions_tr
"""Bu bir uyarı, Spar'da bir bomba var, size çıkmanız için yaklaşık 100 yıl veriyoruz""",nötr,korku,0.9278,goemotions_tr
Ama teyzenin çok yüzsüz olduğu belli!,nötr,öfke,0.9278,goemotions_tr
sadece burun kılı alma başlığı pek kullanışlı değil.,mutluluk,üzüntü,0.9278,winvoker
şarj aparatı gereksiz ürün kendi başına daha kullanışlı ve yeterli,mutluluk,üzüntü,0.9277,winvoker
"Sana bunun sorun olmadığını söylemeliyim ama kanser olayında fikrim değişti Piç, ayrıca yardım al",öfke,sevgi,0.9277,goemotions_tr
ürün fena değil bazı lekeleri cikarmiyor,mutluluk,üzüntü,0.9276,winvoker
Evet. Ama işler hızlı bir şekilde geri dönüyor. Bunun 'ebedi ergen' beyninin bir yönü olduğunu düşünüyorum.,mutluluk,şaşkınlık,0.9276,goemotions_tr
Twizzler'ı tıpkı bir yetişkin gibi kullanmalısın.,nötr,sevgi,0.9275,goemotions_tr
"Dişçi bana bunu yaptı, nefret ediyorum. ""Daha da kötüleşene"" kadar beklemem gerektiğini biliyordum ama beklemedim. Pişmanım",tiksinti,öfke,0.9275,goemotions_tr
"Sen kazandın, birinin bundan faydalanacağını düşünmek çok yanlış.",şaşkınlık,öfke,0.9274,goemotions_tr
abartisiz dis dunyayla baglantiniz kopuyor..  duyumsuz oluyorsunuz buda yuksek ses doyumsuzlugunuzu gidermis oluyorr sarjini daha denemedim lakin sesi alinca direk yazmak istedim. kisaca tereddut etmeyin alin alin gecin,mutluluk,üzüntü,0.9274,winvoker
"yani tabi çok kalite yok lakin bu fiyata fena sayılmaz. tek eksisi metal gövde de yalıtım eksikliği, buda titreşim ve sonucunda ses olarak karşımıza çıkıyor.",mutluluk,üzüntü,0.9274,winvoker
Lanet olsun buna ihtiyacım vardı. Önümüzdeki cumadan sonra işsiz kalacağımı öğrendim...,nötr,öfke,0.9273,goemotions_tr
saw 4 ile jübilesini yapsın bence.işi bu kadar abartmak istiyorlarsa haftalık dizisini çeksinler!!bu yorumdan saw ı beğenmediğim düşüncesi çıkmasın ilk üçünü izledim ve sonuncuyu da izleyeceğim ama gitgide orjinallik ve kalitesinin düştüğünü görüyorum işin iyice suyunu çıkarıp bu muhteşem başlangıcı da heba etmeden 4 le sonlandırsınlar ve yenii bişeyler üretsinler,mutluluk,üzüntü,0.9273,winvoker
"Gladyatör,Kara şahin düştü,Cennetin Krallığı,Hannibal gibi üsta yapımlara imza atan yönetmen Ridley Scott,yine iyi bir filme karşımıza çıkıyor.Yönetmenin son filmi olan Amerikan Gangsteri,bin dokuzyüz yetmişli yıllarında viyetnam savaşında mafya,asker,polis üçlemesinin Abd nin nasıl kendi içinde mafya laştığı ve bunun beraberinde devlete bağlı birimleri nasıl içine çektiğini konu alan iyi bir film.Bazen iyi sahneler şahit olduğumuz,bazen iyi müzikleri ile etklendiğimiz,ve bazende filmin durgunluğndan şikayet ettiğimiz,iyi ama çok iyi olmayan bir yapım.Oskarlı oyuncular,Denzel Washington ve Russell Crowe ın gösterdikleri performans,bence filmin ibresini iyi yönde yükseltiyor.Çünkü bu film,yukarda belirttiğimi filmere göre biraz vasat kalıyor.Ama yinede izlenir bir film.7.5/10",mutluluk,üzüntü,0.9273,winvoker
"bu üçüncü siparişim oldukça memnunum, diğer fırçalar artık bana cok yetersiz geliyor çünkü siparişim gelene kadar diğerleri ile idare edim dedim ama o randımanı vermedi",mutluluk,üzüntü,0.9272,winvoker
Bu arada pasta gününüz kutlu olsun!,mutluluk,sevgi,0.9272,goemotions_tr
ne kadar boş konusuyosun,mutluluk,üzüntü,0.9272,winvoker
Bu klasik bir şey. Zevkiniz iyi.,mutluluk,sevgi,0.9271,goemotions_tr
Ölmek istiyorum!,üzüntü,sevgi,0.9271,goemotions_tr
ürün fena değil müthiş bir performans beklemeyin ama 5 derece kadar etki ediyor.,mutluluk,üzüntü,0.927,winvoker
Ya da kız arkadaşı onunla çıkmaya başladığında bir erkekti,nötr,şaşkınlık,0.927,goemotions_tr
"sifresi de degismiyor, uzerinde gelen sifreyi kullanmak zorundasiniz.",üzüntü,mutluluk,0.927,winvoker
"Babamınki iki kez çıktı. Bir kez olursa, diz bazen zayıflar ve bu da tekrar kolayca olabileceği anlamına gelir.",mutluluk,korku,0.927,goemotions_tr
Yine bir gündemi Çok merak ediyorum ne zaman son bulacak bu Kürt Türk ayrımı Bu dünya ne Türk e nede Kürt,mutluluk,şaşkınlık,0.927,winvoker
evet karayıp korsanları süper bi filim heele3.cüsü manyaxs bişi herkeze tavsiye ederim bu filme kesinn igitsinler tmmı arkadaşlar,üzüntü,mutluluk,0.927,winvoker
[NAME]'den özür dile,nötr,sevgi,0.9269,goemotions_tr
"""Otomatik kapılar için bir GoFundMe'ye ihtiyacımız var mı?"" hahahah!",mutluluk,şaşkınlık,0.9269,goemotions_tr
arkadaşımla izlediğimde çocukça demişiti.... kim buna çocukça derki??bence muhteşemdi :)) 10/9,üzüntü,mutluluk,0.9268,winvoker
Gül ve kapat. Sonra kocama 25+ yıl önceki eski sevgilimin beni aradığını ve bir sürü saçmalık söylediğini söyle.,nötr,öfke,0.9268,goemotions_tr
"Evet, yorumumda bahsettiğim soyguncu da 'duygusal olarak bağlıydı' demek istedim. Yorumunun ne anlama geldiğini anlamadım lol.",mutluluk,şaşkınlık,0.9267,goemotions_tr
FİLMİ SÜRÜKLEYEN SCHNEİDER ONUN HARİCİNDEKİLER DE HİÇ BİR KIPIRDAMA YOK AMA BU ADAM TEK BAŞINA DA YETİYOR. AYRICA ANNA FARİS’İN VARLI?I DA AYRI BİR GÜZELLİK RACHEL McADAMS DA BÜYÜLEYİCİ AMA FİLMDE ONU PEK KULLANMAMIŞLAR. YİNE DE İYİ BİR SEYİRLİK.,mutluluk,üzüntü,0.9267,winvoker
Birisi onu öldürüp ruhunu çalsa çok yazık olurdu.,üzüntü,utanç,0.9266,goemotions_tr
"seni sevmek, felsefedir kusursuz.",mutluluk,sevgi,0.9266,winvoker
"Ah, beni yakaladın. Güzelmiş.",mutluluk,sevgi,0.9265,goemotions_tr
Sayın medya direktörleri sevgili kardeşimizin bilgilendirmelerini okuyun lütfen belki lazım olacak bilgiler ya da izler bulabilirsiniz na sevgilerimle,mutluluk,sevgi,0.9265,winvoker
"tek sorunu sıkmayı yapan alt metal parça inka piramitleri gibi, portakal ve nar gibi yuvarlak hatları olan meyvenin hepsini sıkamıyor, yan çevirip bir miktar daha sıkabiliyorsunuz ama yüzde yüz verim sağlayamıyor",mutluluk,üzüntü,0.9265,winvoker
Dikkat Bajoran İşçileri: Videolarınız artık bizim.,nötr,sevgi,0.9265,goemotions_tr
negatif olarak kalın olması nedeniyle şınav gibi hareketlerde eliniz içine gömülüyor. hafif ama büyük olduğu için çok kolay taşınmıyor. ek olarak hareketli bir egzersiz yapıyorsanız gıcırdama sesleri çıkıyor.,mutluluk,üzüntü,0.9265,winvoker
paten idare eder fakat kask köpükden yapılmış olmasada olur.,mutluluk,üzüntü,0.9264,winvoker
savaş sahneleri son derece başarılı ama denildiği gibi savaş karşıtlığı ile alakası olmayan film. öyle görünüyor ki spielberg schindler’s list gibi bir film daha yapamadan bırakacak bu işi.,mutluluk,üzüntü,0.9263,winvoker
Az önce bana özlediğini mesaj attı...,nötr,sevgi,0.9263,goemotions_tr
Dekarasyonunu begenmedım.,mutluluk,üzüntü,0.9263,winvoker
kokusu güzel  ama 3 4 saat sonra kalıcılığı yok oluyor.,mutluluk,üzüntü,0.9263,winvoker
grafik tasarımcı bi kere bu film bir senede çekilmedi 2. ile 3. aynı anda çekildi sadece 2. film geçiş film mi amaçlı oldugu için 3 den daha önce vizyona girdiii ve 3 de sadece düzeltmeler yapıldı ayrıca 2 film sonunda mayıs da 3. ün vizyona girecegini büyük harflerle yazdı.. bu film spidermanla aynı kulvara girmez zatenn.. spiderman e johnny depp tek başına yeter.. :D,mutluluk,üzüntü,0.9262,winvoker
"Aman Tanrım, bazen sadece tek bir dev parçadan oluşanları satıyorlar. BAYILIYORUM",şaşkınlık,sevgi,0.9262,goemotions_tr
[NAME] [NAME]'e oy veren [NAME] Ben sicko moduna oy verdim,nötr,öfke,0.926,goemotions_tr
Bazı insanlar gerçekten çok özeldir lmao,nötr,sevgi,0.926,goemotions_tr
yazık sana be Bundan sonra hep sükûtu hayal yaşacaksın Kamalizm ölüyor yakında cenazesini kaldıracağız,mutluluk,üzüntü,0.926,winvoker
beklediğimden daha güzel ve şık davlumbaz çok iyi çekiyor iyiki fazla para verip almamışım başka ürünlerden fiyatıda gayet uygun hepsi burada.comda,üzüntü,mutluluk,0.926,mteb_product
gerilim yüklü bir film. eşim dayanamayıp izlemekten vazgeçti. bana sorarsanız daha çok ani ses efektleri ile gerilim yüklenmeye çalışılmış. oyuncu kadrosu sınırlı. izlemenizi öneririm.,mutluluk,üzüntü,0.926,mteb_product
"ürünün 30 gün deneme süresi olduğu söyleniyor fakat paketin içinden hiçbir iletişim adresi,fatura çıkmadı.",mutluluk,üzüntü,0.926,winvoker
"Banshee muhtemelen efsanelerimizin en korkunç şekilde çarpıtılmış olanıdır, Leprechaun'la aynı seviyededir. En azından Leprechaun asla özellikle ilginç/havalı olmamıştır.",nötr,tiksinti,0.926,goemotions_tr
İdareten izlenecek korku filmlerinden.. Ne çok iyi ne de kötü...,mutluluk,üzüntü,0.9259,winvoker
sitedeki ölçülere dikkat ederek sipariş verdim ama biraz dar gibi oldu. bilek bölümündeki yapışkan kısım tam denk gelmiyor ve eldiven elden çıkarken biraz uğraştırıyor. o yüzden siz el ölçünüzün bir büyüğünü alın daha iyi olacaktır.,mutluluk,üzüntü,0.9259,winvoker
Bu hiç mantıklı değil lol,mutluluk,öfke,0.9259,goemotions_tr
#O KADINLA CİNSEL İLİŞKİ YAŞAMADIM.,nötr,öfke,0.9258,goemotions_tr
fena degıl pıyasaya göre uygun,mutluluk,üzüntü,0.9258,winvoker
Ne dersen de dostum. Çocuklara ebeveynlerini sevmemelerini söylemeye çalışırken iyi şanslar.,mutluluk,sevgi,0.9258,goemotions_tr
Peki ya [İSİM]'in geride bıraktığı kişiler kendi pozisyonunun cazip olduğunu düşünürse?,nötr,şaşkınlık,0.9257,goemotions_tr
verilen paranın karşılığını veriyor. tek sıkıntı taşıma çantasının kalitesi.. böylesine kaliteli bir ürüne böylesine kalitesiz bir çanta yakışmıyor..,mutluluk,üzüntü,0.9257,winvoker
Aman Tanrım hayır. O kör!!! CEHENNEMDE asla onunla yalnız bırakılamaz.,üzüntü,öfke,0.9257,goemotions_tr
ürün.önceden ütü yapmayı hiç sevmezdim bu ütüyü,mutluluk,üzüntü,0.9257,winvoker
aracımın döşemesinde su lekeleri bulunuyordu. kullandıktan sonra aracıma binenler farkı çok net farketti. ürün gerçekten güzel. fakat kokusu çok hoşuma gitmedi. çok kalıcı bir koku değil 12 saat kadar bir sürede tamamen gitti.,mutluluk,üzüntü,0.9256,winvoker
Söz ve müziği bana ait .,nötr,gurur,0.9256,winvoker
"İlgilenmiyor, Allah razı olsun...",nötr,sevgi,0.9256,goemotions_tr
Beğen ve paylaş,nötr,sevgi,0.9256,goemotions_tr
"daha çok elektrik ve elektronik içim gibi. büyük anahtarlara küçük gelir. amacına hizmet ediyor, tüm alet edevatlarımı toplayacak sanmayın",mutluluk,üzüntü,0.9255,winvoker
konunun benimle alakası yok benin e-mail adresim sadece aracı olarak kullanıldı o kadar ama ben yinede tam puan veriyorum,mutluluk,üzüntü,0.9254,winvoker
"ilk başta limon kokusunu andıran fakat 5 dakika sonra yerini aşırı güzel, fresh bir kokuya bırakan parfüm. kokusu güzel fakat kalıcılığı çok az. evet kıyafetlerinizde koku alınır fakat kimse yolda yürürken parfümünüzün kokusuna tutulmaz. genç kokusu.",mutluluk,üzüntü,0.9254,winvoker
"Arkadaşım: Hey, Superbowl'u izledin mi? Ben: Golfü pek takip etmiyorum.",nötr,şaşkınlık,0.9253,goemotions_tr
Omurganı parlatıp ona her şeyin bittiğini söylediğin için iyi iş çıkarmışsın! O seni aşağı çekmediği sürece hayatın çok daha iyi olacak.,mutluluk,sevgi,0.9253,goemotions_tr
patilere daha az yapışsa da yine de kum kabının önü ve evin diğer bölümlerine kumlar taşınıyor. bütün kum topaklandığı için kirli kısmı alıp kalanı kullanmak mümkün olmuyor bu nedenle çok sık -yaklaşık 4-5 günde- tüm kumu yeniden değiştirmek gerekiyor. 1 paket yaklaşık 4 kullanımlık. silika kumların daha avantajlı ve pratik olduğunu düşünüyorum.,üzüntü,mutluluk,0.9253,winvoker
"Burun estetiğinde altın oran var mı, insan burnunun yapısı kişiliği etkiliyor mu, hangi burun neden ameliyat edilmeli? Doç. Dr. Oytun Erbaş soruyor, Dr. Emre İlhan yanıtlıyor.",mutluluk,şaşkınlık,0.9253,winvoker
Bana göre otlar da kötü değil,mutluluk,öfke,0.9253,goemotions_tr
Ürünün malzemesi çok dandik. Gerek borusu gerek sopası dikkat etmezseniz elinizde kalır. Çekim gücü fiyatına göre süper ötesi. Çok hafif ve ufak bir süpürge. Yeri süpürdüğünüz şey(adını bilmiyorum) sürtünmesi pek iyi değil. Ama bu fiyata bu kadar olur. Siparişimden 24 saat geçmeden elimdeydi teşekkürler,mutluluk,üzüntü,0.9252,winvoker
"ürün ile birlikte gelen 3 boy silikon kulaklık başlığını kulağınıza göre ayarlayıp mümkün olduğunca kulağınızın içine koyarsanız bas ve tizleri düzgün alıyorsunuz. bence fiyatına göre fena sayılmaz. hepsi burada kampanya fiyatı iyi, daha fazla para verilmez bence.",üzüntü,mutluluk,0.9252,mteb_product
Bu özveriyi takdir ediyorum ama oyunun üç çeyreği boyunca sessiz kalmalarına gerçekten gerek yoktu.,mutluluk,sevgi,0.9252,goemotions_tr
almadan önce kutudan çıkan herşey garantili diyorlar bozulursa gelip evden alıp eve teslim ederiz diyorlar...,üzüntü,mutluluk,0.9251,winvoker
Tahminim bu olsun lütfen :),nötr,sevgi,0.925,goemotions_tr
Kaybeden takımı destekliyor ve sinirli.,nötr,öfke,0.9249,goemotions_tr
profesyonel fotoğrafçılığa adım atacaklara böyle bir makineyi tavsiye ederim ancak makineyi zoom için almayın. yetersiz.,mutluluk,üzüntü,0.9249,winvoker
eksi tarafları i̇şletim sisteminin android 4.4.4 (kitkat) olup güncellenememesi ve biraz ağır olması (note ii nin 2 katı ağırlığında),mutluluk,üzüntü,0.9248,winvoker
sesi fazla çıkmıyor onun dışında kablosunun iplik olması beni bu ürünü almamda büyük etkisi oldu pişman değilim ama sesi biraz daha iyi çıksa güzel olurdu,üzüntü,mutluluk,0.9247,mteb_product
Çoğu eleştirmene göre film dünya sinemasının en iyisi ki ben de katılıyorum tek kıyaslanabileceği film serinin ikinci filmi.serinin üçüncü filme ise ortalamanın çok altında kalmış bir yapım.bütün bunların dışında filmi beğenmeyen arkadaşları kınayan içerikli yorumları da ben kınıyorum.,mutluluk,üzüntü,0.9246,winvoker
1- bazi çakmak gi̇ri̇şleri̇ne ufak kaliyor onuda kağitla sikiştirip sabi̇tledi̇m öyle i̇yi̇ oldu,mutluluk,üzüntü,0.9245,winvoker
pislik bi insanım ve bu makarnadan nefret ediyorum,mutluluk,tiksinti,0.9245,winvoker
Beyinden muaf,üzüntü,nötr,0.9243,winvoker
Amerika neden bu kadar havalı olamıyor?,nötr,şaşkınlık,0.9243,goemotions_tr
bu üründe kapı açık kaldı sesli uyarısı yok!,mutluluk,üzüntü,0.9243,winvoker
"Hayalet maske oyunu sırasında deliryum gribi geçirdim, bu yüzden benim için her türlü acıyı yaşadım.",üzüntü,korku,0.9242,goemotions_tr
Sonra Amerikan versiyonunu izleyip ağla,nötr,sevgi,0.9241,goemotions_tr
uzun zamandır ütü araştırıyodum ama bu özelliklerde bu fiyata ütü yok fiyatı diğer ütülere göre çok iyi hemen sipariş verdim  ütülemek de fiyatı kadar iyi.,üzüntü,mutluluk,0.9241,mteb_product
Ev tipi seri kullanıma uygun değil ama ev için ideal,mutluluk,üzüntü,0.9241,winvoker
tavsiyem bisikletlerinizi koyduktan sonra tekrar sıkılaştırmanız ve fazla ipleriyle bisikletinizi sabitlemeniz.,mutluluk,sevgi,0.924,winvoker
Bu harika görünüyor,mutluluk,sevgi,0.9239,goemotions_tr
ürün epey ağır ve sağlam duruyor fakat prizleri gerçekten çok sert.,mutluluk,üzüntü,0.9239,winvoker
Melekler onu işe almalı. (sadece biraz /s),nötr,sevgi,0.9239,goemotions_tr
Duvar hakkında bağırdıkları tam videoların bağlantısını paylaşabilir misiniz? Teşekkürler.,şaşkınlık,sevgi,0.9238,goemotions_tr
Ah [İSİM]....,nötr,şaşkınlık,0.9238,goemotions_tr
filim baştan sona bir koşturmacan ile dolu.görsel efekler olağanüstü...ritim hiçbir sahnede düşmüyor.deyim yerindeyse izleyiciyi filim içine çekiyor.bana göre bu filim bir spielberg tekrarı.hayranları kaçırmasın...,üzüntü,mutluluk,0.9237,mteb_product
İyi bir şeyin fazlası kötü bir şeydir,mutluluk,öfke,0.9237,goemotions_tr
Rus fahişeler abartılıyor. O kadar da yaygın değil. Güney Kore'de [NAME] hakkında yaygın bir olumsuz algı yok.,nötr,öfke,0.9237,goemotions_tr
"[İSİM] tüm fast food büfesini bir futbol takımına servis etseydi Reddit ""Çok gerçekçi ve muhteşem!!1"" diye yorum yapardı.",mutluluk,şaşkınlık,0.9237,goemotions_tr
yeni kullanmaya başladım.. iç yüzey kaliteli bir materyaldan yapılmış. oturduğunuz yerde dahi terletiyor hafiften. dış yüzey amerikan fermuarından dolayı deforme olmaya çok müsait. fiyata göre iyi bir ürün.,üzüntü,mutluluk,0.9236,winvoker
29 Ekim 1923 tarihli cumhuriyetin ilanına ilişkin kararın iptali için ilk kim başvuracak ve mahkemelerin kararına saygımız var ilk kim diyecek bakalım ?,mutluluk,şaşkınlık,0.9236,winvoker
Merak içindeyim ne zaman &quot;işte bu!&quot; diyeceğimiz filmler izleyeceğiz türk sinemasında acaba? Pars'lar olmasın!,üzüntü,şaşkınlık,0.9236,winvoker
en az 3 tane baskül eskittim. bunun kadar doğru tartan baskül yok. diğer pahalı basküllere vereceğiniz paraya yazık derim. 1 tanede annem için aldım.,mutluluk,üzüntü,0.9236,winvoker
"Yeni progresif materyale ihtiyacım var, dinlemek için sabırsızlanıyorum!",mutluluk,sevgi,0.9235,goemotions_tr
[İSİM] ne pislik herif! Bir hayvana bunu nasıl yapabildin?!,öfke,tiksinti,0.9235,goemotions_tr
olduğu gibi fena değil sağlam,mutluluk,üzüntü,0.9234,winvoker
"olumsuz olarak söyleyebileceğim tek şey, kullanım sonrası cihazı kaldırdığımızda en üst koruma kapağı, eğimli üst yüzeyden dolayı çok kolay düşebiliyor.",mutluluk,üzüntü,0.9233,winvoker
"Hayır, yalan söyledim. İnsanların sapkınlıklarını yargılamıyorum ve [İSİM]'in beni her zaman etkilemesini seviyorum.",öfke,sevgi,0.9233,goemotions_tr
Ona ekstra popo silmeye neden olacak hiçbir şey yedirmezdim. Lanet olası burrito yok!,sevgi,öfke,0.9232,goemotions_tr
Hayır... bu tehlikeli bir durum. Hadi onların özgürlüklerini ellerinden alalım ve onları artık çocuk sahibi olamayacakları bir yere koyalım.,nötr,korku,0.9232,goemotions_tr
"Çok güzel bir hikaye. Artık yetişkin bir adamım, iş yerinde ağlıyorum... Reddit'te.",mutluluk,sevgi,0.9232,goemotions_tr
ürün güzel eksileri kamerasında titreşim engelleyici bulunmuyor görüntülü görüşme yok şebeke içi ayrıca,mutluluk,üzüntü,0.9231,winvoker
Üzgünüm yardımcı olmadı. Umarım yardımcı olabilecek bir şey bulabilirsin.,mutluluk,sevgi,0.9231,goemotions_tr
"Elbette öyle, yoldaş. Cevap kotanı doldurdun, değil mi?",mutluluk,şaşkınlık,0.9231,goemotions_tr
Atlayışı izliyordum ve [İSİM] Pierce sadece geri adım attığını söyledi..... NE,nötr,şaşkınlık,0.9231,goemotions_tr
"Aman Tanrım, bunu hiç beklemiyordum: Suratına doğru yuvarlanıp duruyordu!",üzüntü,şaşkınlık,0.9231,goemotions_tr
biraz once demet özdemir ben yanlız makyaj videolari cekmiyorum yaptığım isleri koyuyorum youtube a gibi birsey dedi,mutluluk,üzüntü,0.923,winvoker
Bu adama doğum günü kutlama mesajı gönderin,nötr,sevgi,0.923,goemotions_tr
"ses kalitesi ve bası çok iyi... ama aşırı derecede fazla ses çıkarıyor mu derseniz, hayır ama yeterli düzeyde.... diğer arkadaşların da dediği gibi ileri alma tuşunu keşke biraz daha iyi yapabilselermiş.",üzüntü,mutluluk,0.923,mteb_product
Hey insan hala uyuyor musun? Ben ikramları bekliyorum.,nötr,şaşkınlık,0.923,goemotions_tr
o kadar cok oynadi ki suan top kayip ve asla bulamiyorum.,mutluluk,üzüntü,0.9229,winvoker
kardeşime her gün kingtanın fotoğraflarını gösteriyorum çocuk büyüyünce anti olacak siz siz olun böyle yapmayın kamu s,mutluluk,üzüntü,0.9228,winvoker
"Üstüne film çok az , hatta yok bile denebilir ... Sinema nedir ? sorusunun cevabidir The Godfather ... Marlon Brando ise karakterini canlandirmiyor , oynamiyor ! Bu oyunculuksa digerleri nedir ... 5 üzerinden 6 .",mutluluk,üzüntü,0.9228,winvoker
eksiler: kargo 5 gün içinde geldi.orijinal sarz cihazı bizim pirizlere uygun degil,mutluluk,üzüntü,0.9228,winvoker
Onun ve [İSİM]'in Kongre'de milenyum kuşağı olmanın deneyimleri hakkında bir tartışma görmeyi umursamıyorum. Sadece AOC'nin olması beni hiç ilgilendirmiyor.,nötr,öfke,0.9228,goemotions_tr
Haziran ve Kasım aylarında Avrupa elemelerinde onlarla oynayacağımızı düşünüyorum,nötr,sevgi,0.9227,goemotions_tr
Yönetim kurulumuzun bize küçük bir ziyarette bulunması her zaman bizim için bir zevktir.,mutluluk,sevgi,0.9226,goemotions_tr
"O, ama ayrıca [NAME]'in en iyi QB olacağını gerçekten düşünüyorum. Özellikle, yedek olarak geçirdiği süre boyunca ilerleme kaydederse.",mutluluk,sevgi,0.9226,goemotions_tr
masamıza monteledik.kenarda duruyor.kalemtraş aramıyoruz.i̇ş görüyor ama biraz zor kesiyor gibi.,mutluluk,üzüntü,0.9226,winvoker
Ürün çok iyi ancak arzadurumunda servis berbat müşteri hizmetleri 21 işgünü tamir süresi var dan başka hiç birbilgi vermiyor buda 1ay telefonsuz kalmak demek kesinlik le erken gelir diye düşünmeyin,mutluluk,üzüntü,0.9225,winvoker
[İSİM] seni korusun,nötr,sevgi,0.9225,goemotions_tr
Seni işkence çektire çektire öldürmek lazım,üzüntü,öfke,0.9224,winvoker
O şey sulu,nötr,tiksinti,0.9223,goemotions_tr
güzel film aksiyon dolu ilerde gerçekten böyle mi olacak diye düşündürüyor  bazı şeylerin kıymetini bilmeyi öğretiyor herkese iyi seyirler diliyorum,üzüntü,mutluluk,0.9222,mteb_product
Sana özel mesaj atacağım :),nötr,sevgi,0.9222,goemotions_tr
Mini etek mi giymişti? Gece geç saatte sokakta mıydı? Cilveli miydi? Hayır diyordu ama naz mı yapıyordu? Tecavüz için yüzlerce bahaneniz vardı. Şimdi bahaneniz neydi?,mutluluk,şaşkınlık,0.9221,winvoker
Ama şimdilik çok komik.,nötr,korku,0.9221,goemotions_tr
"Endişelenmeyin, yaşınız ilerledikçe bunlar işe yaramayacak, hatta kaygıya bile neden olabilecektir.",korku,sevgi,0.9221,goemotions_tr
Çok memnunduk.,mutluluk,sevgi,0.922,winvoker
Eğer şehir işinde çalışmanın şifresini çözerseniz lütfen bana da haber verin.,nötr,sevgi,0.9219,goemotions_tr
Şehit yoldaşımız için F,nötr,sevgi,0.9219,goemotions_tr
kaliteli bir saat. fiyatı da uygun. ancak kasası biraz kalın ve ağır. i̇nce bileklilere uygun değil.,mutluluk,üzüntü,0.9219,winvoker
süper çocuk... 'babam ve oglum' oscar'a gitse kesin kazanirdi.çagan irmak'in hakkini ....... bana islik çal!.,üzüntü,mutluluk,0.9217,mteb_movie
telefona söylencek söz sate yok..,mutluluk,üzüntü,0.9215,winvoker
"* i̇simlik gelmedi, 01.08 de gönderileceğine dair bir not çıktı kutudan ancak bana isim bilgisi sorulmadı.",mutluluk,üzüntü,0.9214,winvoker
Şimdi bir cilt bakım rutinine ihtiyacı var!,nötr,sevgi,0.9213,goemotions_tr
hilenin sırrını arıyorsunuz ama bulamazsınızçünkü dikkatli bakmıyorsunuz siz sırrı bilmek değil kandırılmak istiyorsunuzhenüz alkışlamazsınız çünkü bir şeyi yok etmek yeterli değildir onu geri getirmeniz gerekir’dikkatli bakıyor musunuz’ abra kadabra 10/10 :D,mutluluk,üzüntü,0.9213,winvoker
"siparis elime cok kısa bir sure icinde ulastı acıkcası bunu beklemiyordum bayram diye 2 haftayı bulacagını dusunuyordum. eldiveni bir beden buyuk aldım iyi ki buyuk almısım parmaklarıma anca giriyor, yalnız bilek kısmı da bol geldi :) fiyatına göre ideal bir eldiven bence iş görür fakat yüksek beklentileriniz olmasın",üzüntü,mutluluk,0.9211,winvoker
Ancak korkup ormanda kamp kurarlar .,nötr,korku,0.9211,winvoker
2. sistemde kullanılan ssd yetersiz.,mutluluk,üzüntü,0.921,winvoker
bence film başarılı fakat öyle çok ta farklı bir film değil bence. yaratıcılık göremedim sıradan sayılabilecek bir film ama yinede başarılı,mutluluk,üzüntü,0.921,winvoker
arkadaşlar mumlar üfleyince sönüyor diye aldım ama öyle bir sey yok ben üç adet aldım üfleyince sönmüyor ama yinede güzel yapılmış mum gibi yanıyor.,üzüntü,mutluluk,0.9209,winvoker
"arkadaşlar ürün yeni ulaştı. hemen kurdum ve denemek için odamın kapısına taktım. biraz esnemesi beni korkuttu ama kırılacak birşeye de benzemiyor, sağlam olmasına sağlam.",üzüntü,mutluluk,0.9209,winvoker
Selam gönlümün hoş insanları,mutluluk,sevgi,0.9208,winvoker
videolarda gösterildiği gibi yumak yumak tüy çıkarmasada çıkan tüyleri kontrol ettiğimde ölü tüyleri topladığı gözle görülüyor tüy gelişimine katkısı varmı dökülmeyi önlüyormu tüylerin daha canlı ve parlak olmasını sağlıyormu bunu ilerleyen zamanlarda görücem ama kedim sevdi furminatörle taranırken mest olup kendinden geçiyor kullanımı çok kolay tavsiye ederim..,üzüntü,mutluluk,0.9208,winvoker
Tehdit almaya devam ediyordu .,nötr,korku,0.9208,winvoker
Harika görünüyor.,mutluluk,sevgi,0.9208,goemotions_tr
Bu harika!! Tebrikler!,mutluluk,sevgi,0.9208,goemotions_tr
"ürün kaliteli fakat alt köşe kısmı havada kaldı, benim yüzünden de olabilir.",mutluluk,üzüntü,0.9206,winvoker
"-beyaz lake, özellikle masa bölgesi toz tutuyo, kir gösteriyor ama bunun tabiki çözümü yok... gülü seven dikenine katlanır olayı:)",mutluluk,üzüntü,0.9206,winvoker
bu bana [NAME]'in Bofo'yu satın aldığı zamanı hatırlattı lol,mutluluk,şaşkınlık,0.9206,goemotions_tr
kargo da sıkıntı yok.,üzüntü,mutluluk,0.9205,winvoker
dvdsi yeni çıkmış yahu çok şaşırdım. Hollywood bile hayranken bu filme bu kadar gec olur mu iç. yalnız izledikçe hayranlık kayboluyor sanki. Türk filmi gibi trajedik ya biraz. Çok izlemeyyin:),mutluluk,üzüntü,0.9205,winvoker
Ama en azından bir yasaklama emriyle nerede durduğunuzu biliyorsunuz. En azından 1000ft uzakta.,nötr,şaşkınlık,0.9204,goemotions_tr
"İnsanlar programın ulusal yayına girmeden önceki günlerinde nasıl olduğunu sorduğunda, bu, şimdiye kadarki en yakın durum oluyor.",nötr,şaşkınlık,0.9203,goemotions_tr
[İSİM]'i oynarken asla göremeyecek olan çocuklarım için üzülüyorum... Öte yandan [İSİM]...,üzüntü,sevgi,0.9203,goemotions_tr
Niyetlerimin sorgulanmasına dayanamıyorum.,nötr,öfke,0.9202,goemotions_tr
OF BEN DE! Her an çılgınlıkla uyanmak istiyorum.,şaşkınlık,sevgi,0.9202,goemotions_tr
"Bu, onun sana işi alamadığını söyleme şekli.",nötr,öfke,0.9202,goemotions_tr
bu paraya daha iyisi olmaz.,mutluluk,üzüntü,0.9201,winvoker
İlkine göre iyi olmamış ama yinede izlenirken keyif veriyo insana ben beğendim,mutluluk,üzüntü,0.9201,winvoker
korkma ben yanındayım,mutluluk,sevgi,0.92,winvoker
kablosu ev icin biraz uzun.,mutluluk,üzüntü,0.92,winvoker
eşim için aldık. dışarıya göre fiyatı çok uygun. ancak biraz ince olduğu için pilates hareketlerini yaparken kaydığını söylüyor. ancak bu da çok sorun teşkil etmiyor. uzunluğu gayet yeterli. beklentiniz yüksekse biraz daha kalın olan bir mindere bakabilirsiniz.,üzüntü,mutluluk,0.9199,winvoker
peki şimdi doğru kişi gelirse onu da diğerleri gibi sanırsam,mutluluk,şaşkınlık,0.9198,winvoker
Geri kalanları size emanet ediyorum .,nötr,sevgi,0.9198,winvoker
'İstemsiz mizah' 'Bunu küçümsedim' anlamına mı geliyor?,nötr,şaşkınlık,0.9198,goemotions_tr
Birebir gerçek değil .,nötr,öfke,0.9198,winvoker
İşte *sen* böyle düşünmeni istiyorsun!,nötr,öfke,0.9198,goemotions_tr
eğer hafif saate alışkınsanız ilk iki gün ağır geliyor. sonra alışılıyor. renk olarak resimler tam yansıtamıyor gerçek görüntüsünü. resimlerinden daha güzel. ayarlaması çok kolay. yalnız kordon çok sert,mutluluk,üzüntü,0.9197,winvoker
pahalı olduğu için her giydiklerini güzel zannediyorlar sanırım başka açıklaması yok bu saçma kıyafetlerin,mutluluk,üzüntü,0.9196,winvoker
"dügmeleri biraz basit olmuş, üfleme aparat çıkıyor.",mutluluk,üzüntü,0.9195,winvoker
"Tabii ki bence de 1 in devamı 2,3,4 ilk film kadar güzel ve sürükleyici değil ama piyasadaki diğer birçok filme oranla da daha güzel. 4. Filme gelirsek, filmin başında mideden çıkan kaset ister istemez insanı heyecana sürüklüyor ama filmin devamı (bence) bu beklentiyi çok da vermiyor. 2 Noktayı Beğendim 1-Filmin zamanlamasının aslında filmin sonunda aslında beklediğimiz gibi çıkmaması beni şaşırttı 2- Yaw bu Jigsaw ın geçmişteki hali bana bayağı bi karizmatik geldi ister istemez nasıl bu hale geldiğine bakınca da insan üzülüyor. 8,2/10",mutluluk,üzüntü,0.9195,winvoker
orta kalite bir ürün,üzüntü,mutluluk,0.9195,winvoker
Netflix’te cinsel organını müridlerine emdiren evinde çocuk pornosu bulunan tarikat şeyhi göremezsiniz. Zira senaristler bu kadar  ahlaksızlığı hayal edemez.,mutluluk,öfke,0.9194,winvoker
"televizyonun görüntü kalitesi iyi fakat hd yayınlarla ilgili anlaşılmaz bir sıkıntı var..televizyon internete bağlandığında 720p  hd videoları dahi   çok net gösterirken pc bağlantısında ve usb bellekteki 1080p ve 720p  hd videoları çok net gösteremiyor .örneğin;televizyonun internet bağlantısında youtube daki 720p videolar çok net,fakat aynı videolar usb bellekten  izlendiğinde    aynı    netlikte  değil..",mutluluk,üzüntü,0.9194,winvoker
30 mermilik şarjörünü ateşledikten sonra 300.000 Alman askerini havaya uçurduğunu duydum.,nötr,korku,0.9194,goemotions_tr
Bunu da çalmazsın ya,mutluluk,öfke,0.9192,winvoker
çok para vermeden işinizi görebileceğiniz bir davlumbaz.çekişi ve bacasız kullanıma uygun bir ürün.alamayı düşünenlere tavsiye ederim.serviste aradığınız zaman hemen geliyor.saygılarımla.,üzüntü,mutluluk,0.9192,winvoker
Muhtemelen hayır derim,nötr,öfke,0.919,goemotions_tr
Trolleme değil. Öfke sorunları. Önceki yorumlarım için özür dilerim.,şaşkınlık,öfke,0.919,goemotions_tr
"Lmao, sadece onay almak için bir şeyler başlatmaya çalışan beyni yıkanmış bir redpiller olmadığına herkesi ikna etmeye çalışırken iyi şanslar :/",öfke,sevgi,0.919,goemotions_tr
hoş bir komedi... gülmek isterseniz keyifle izleyebilirsiniz.,üzüntü,mutluluk,0.919,winvoker
"film konusunun farkliligla öne çikiyor ve sonu açik kalmis diyenlere devam filmi düsünüldügü izlenimine kapildigimi söylemeliyim gereksiz kan, siddet yoktu ve baffet'in ölüm ani çok gerçekçiydi.",mutluluk,üzüntü,0.9189,mteb_movie
"Depp hayranlarını muhtemelen tatmin etmediği doğrudur çünkü öyle karayipteki gibi şirin yakışıklı haşere çocuğumuz yok,ağır fakat sinema yönünden başarılı bir film ile karşımızda bu sefer.Olumsuz tek yön bu senaryo artık çok klasik hemen hemen american gangster filmini 2.kez izliyormuş hissi yaratıyor insanda.10/8",mutluluk,üzüntü,0.9189,winvoker
ben aldım ve kullanıyorum amma almadan önce iyi düşünün yakıt olarak kışlık lastik kadar yaktırıyo bide ses olarakta kışlık lastiği aratmıyor. yol tutuşu ıslak zemin vs memnunum aracımın markası skoda octavia,üzüntü,mutluluk,0.9189,winvoker
"İstanbul'u öneriyorum. Sıkıcı olduğunu düşünmüyorum, inanılmaz uygun ve eğlenceli buluyorum.",mutluluk,sevgi,0.9189,goemotions_tr
Toprağımızın yardıma ihtiyacı var! Bu gerçekten tatsız bir iş olurdu.,üzüntü,öfke,0.9189,goemotions_tr
"BUNU BİR KEZDEN FAZLA OYLAYAMAZSINIZ, REDDİT LÜTFEN DÜZELTİN",nötr,öfke,0.9188,goemotions_tr
"Evet, BMW'li bir çocuk beni yoldan çıkardı. Sadece kaza yapmadım, biraz yardıma ihtiyacım vardı.",korku,sevgi,0.9188,goemotions_tr
Steelers forumlarında değil. Steelers forumlarında tüm futbol taraftarlarının yarısı [NAME]'e Seal Team 6'da yer aldığı ve [NAME]'i devirdiği için kredi veriyor.,nötr,öfke,0.9188,goemotions_tr
Lol tamam. Yani bir çöp klibin oyun subreddit'inin en üstünde olmaması gerektiğini söylemek beni [İSİM] yapıyor.,mutluluk,öfke,0.9188,goemotions_tr
"biz öncesinde başka marka kullanmıştık anahtarı bu kadar akım geçerken eridi, iç kabloları hasar gördü.",mutluluk,üzüntü,0.9187,winvoker
O kadar güzel bir film ki kısaca puanla belirtiyim 10,üzüntü,mutluluk,0.9187,winvoker
"Bir arkadaşınıza kötü bir şaka yapmak istiyorsanız, onu bu filmin karşısına oturtun 2 saat.",üzüntü,öfke,0.9187,winvoker
kumaşı terletecek mi bilmiyorum ama içime sindi.,mutluluk,üzüntü,0.9187,winvoker
En çok hoşuma giden tarafı müzikleri oldu....,mutluluk,sevgi,0.9186,winvoker
bu ürünü alırken gerçekten de yazılan yorumlardan yola çıkarak önemli değişiklikler elde deceğimi düşündüm.,üzüntü,mutluluk,0.9185,winvoker
"bu garip, zaten çok fazla dış saha oyuncumuz olduğunu düşünüyordum? edit: bu bir şakaydı.",şaşkınlık,tiksinti,0.9185,goemotions_tr
Hediye aldım memmun kaldı,üzüntü,mutluluk,0.9185,winvoker
Onu çok sevdiğini ve onu kurtarmak için elinden gelen her şeyi yapacağını bildirir .,nötr,sevgi,0.9185,winvoker
izlenmese çok şey kaybedilmez,mutluluk,üzüntü,0.9185,winvoker
👍🏻👍🏻başarılı işimizi görecek,üzüntü,mutluluk,0.9184,winvoker
O seni SEVMİYOR. Bu muameleyi neden kabul ettiğini kendine sormaya çalış.,sevgi,öfke,0.9184,goemotions_tr
Arz için harika bir haber - umarım kiralar üzerindeki baskıyı azaltır. Bu pazarın acilen daha fazla arza ihtiyacı var ve bu harika bir haber.,mutluluk,sevgi,0.9184,goemotions_tr
aracın radyo tarih saat göstergesi donma oluyor,mutluluk,üzüntü,0.9184,winvoker
"konusu ilginç bir film.ilk başladığında oldukça sürükleyici,zaman zaman kopmalar da olabiliyor.ben kendi adıma beğendiğimi söyleyebilirim.özellikle filmin sonu çok etkileyici bitmişti.sanki devamı gelecek gibi.",üzüntü,mutluluk,0.9183,mteb_product
beyaz tv gibi bir kanaldan etik değerler yüzünden kovulmak büyük başarı istertebrikler,mutluluk,üzüntü,0.9183,winvoker
modem bu..gerisi teferruat.bir modem den ne istiyorsunuz?hepsi var..,mutluluk,üzüntü,0.9183,winvoker
çok kaliteli geniş ama tek bir sorun var elektrikli komprosör lazım yoksa şişirmek için 45 dk 1 saat ugraşırsınız.kutusu çok küçük ama içinden çıkan büyük şaşırabilirsiniz.,mutluluk,üzüntü,0.9183,winvoker
"Peder [İSİM] iyi ya da kötü bir iş çıkarıyor, bu ülkenin büyük bir kısmı Nazizm'le boğuşuyor.",şaşkınlık,öfke,0.9182,goemotions_tr
"Köprü insanları troller, insanlar köprüyü troller, şu anda ne olduğunu bilmiyorum",şaşkınlık,öfke,0.9182,goemotions_tr
"Hayatına istediğin zaman yeniden başlayabilirsin. Bence sır, başarısızlığın seni tekrar denemekten alıkoymasına izin vermemek.",mutluluk,sevgi,0.9181,goemotions_tr
neden koymamislar anlamadim ama galerisi yok fotolari fotoğraflar uygulamasindan görüyorsunuz,mutluluk,üzüntü,0.9181,winvoker
"Daha çok [İSİM] takipçisi gibi, lol.",mutluluk,sevgi,0.918,goemotions_tr
"Açıkçası sadece eğlencesine çiziyorum... Ama yine de ""başarı"" elde etmek veya takdir görmek kesinlikle güzel hissettiriyor... Vazgeçmeyin :)!",mutluluk,sevgi,0.918,goemotions_tr
"Tipik bir vaka diye bir şey var mıdır? Bu, herhangi bir doktor için biraz tehlikeli bir tutum gibi görünüyor.",şaşkınlık,korku,0.9177,goemotions_tr
Bana saldırıyorsun ve durman gerekiyor,nötr,öfke,0.9177,goemotions_tr
asla o kadar andaval değiliz,mutluluk,öfke,0.9177,winvoker
Umarım iyileşir ve geri döner de ona layıkıyla bir ceza verebilirler. :) İnsanların böyle bir araya geldiğini görmek gerçekten yüreklendirici.,nötr,sevgi,0.9176,goemotions_tr
kedimiz sevdi yedi ancak ucuz mamaları sevmeyen kediler yokturdur heralde. içime hala bi sinmedi nedense . bağışıklığı daha sağlam olan sokak kedilerine hediye edeceğim :),mutluluk,üzüntü,0.9176,winvoker
filme bak yaa... komedi olurda böyle olur. elması sakladığı yere bak tamda polis karakolu...,mutluluk,üzüntü,0.9176,winvoker
"> Demokratlar kapanmaya neden oldu, evet onlar yaptı. Duvara katılmayacak olanlar onlar.",nötr,öfke,0.9176,goemotions_tr
fakat bu marka oldugu icin biraz cekimser kalınıyor birazda haklıyız cunku turkiyede pazarı cok zayıf,mutluluk,üzüntü,0.9176,winvoker
bulaşik maki̇nesi̇nde kullanmadiğiniz zaman maki̇neni̇n i̇çeri̇si̇nde hoş olmayan koku oluşmaktadir.buda sağlik vee hi̇jyen açisindan olumsuz sonuçlar doğurmakta.bu fi̇yata hi̇çbi̇r yerde bulamazsiniz.,mutluluk,üzüntü,0.9175,winvoker
İstediğin kişiyi sev ama yüzeysel faktörlere dayanarak insanlara kötü davranma en iyi tavsiyedir.,mutluluk,sevgi,0.9174,goemotions_tr
"herkesin elinde görüyorum bu kitabı, merak edip aldım. okunmasa da olur yani, ama okuyun.zaman geçmiş olur, fiyatı da uygun..daha ne olsun",üzüntü,mutluluk,0.9173,mteb_product
Youtube'un beğenmeme özelliğini birden fazla kez sıfırlamasından bu yana insanların ne kadar nefret ettiğini bilmeleri lazım.,nötr,öfke,0.9173,goemotions_tr
"Neden latrice hayranı dedin ama sonra [İSİM] ile hayrana geçtin? Sadece merak ediyorum, seni aramıyorum",nötr,şaşkınlık,0.9173,goemotions_tr
çünkü çöp yemeyi seviyor.,nötr,sevgi,0.9173,goemotions_tr
Çok sinirliyim. Adet öncesi sendromu mu?,şaşkınlık,korku,0.9172,goemotions_tr
Ne söylenir ki ? Hala izlemeyen varsa ne yapsin ne etsin izlesin..,mutluluk,üzüntü,0.9172,winvoker
tek kelimeyle cocuk fılmı...10/4,üzüntü,mutluluk,0.9171,winvoker
"Bunun üzücü tarafı, bu memlerin daha çok Z kuşağına ait olması...",üzüntü,tiksinti,0.9171,goemotions_tr
O devrin belki de en iyi aksiyon filmiydi. Günümüzde de çok filmi alt edecek düzeyde..,mutluluk,üzüntü,0.9171,winvoker
Sadece birini bile ihlal etmek sürdürülebilirlik için tehlike oluşturabilir .,nötr,korku,0.917,winvoker
Grup yok... Adamın planının gerçekçi olduğunu söylemedim haha,mutluluk,öfke,0.917,goemotions_tr
Kameramanın nöbet geçirdiğini veya buna benzer bir şey olduğunu hissediyorum,nötr,korku,0.917,goemotions_tr
insanlar gençlik filmi olarak izlemişler.bence gençlik filmi değildi.özellikle donnie darkonun bazı replikleri gençlik filmlerinde bulunamayacak kadar ilginç ve hoştu..,mutluluk,üzüntü,0.917,winvoker
O kadar kötü bir yara bandı uygulamasıydı ki. Ne oluyor lan.,öfke,tiksinti,0.917,goemotions_tr
Yeşim Salkım'a terbiyesiz diyorlar. Cem Uzan'la alakası var mı?,mutluluk,şaşkınlık,0.9169,winvoker
"Sanki kurguya filmin süresi yetmemiş, yada dahada karışık bir senaryo olabilirmişbelki daha iyi filmlerde varmış bla bla bla bla! doğrudaha iyi olabileceği vs bunlar filmin en sevdiğim film olduğu gerçeğini değiştirmiyor. bence 10 üzerinden 10",mutluluk,üzüntü,0.9168,winvoker
haziran   arkadaşlar bu otele revervasyon yaptırdıysanız veya yaptıracaksanız kesinlikle okuyun ben otele gitmeden bu kötü yorumları okudum ve moralim bozuldu açıkçası ama pek de yorumlara bakıldığı gibi çıkmadı oteli anlatmaya başlayayayım anlarsınız öncelikle personeller gayet yardımsever ve güleryüzlü tek makarana yedik diyenlere kesinlikle aldanmayın yiyecekler gayet çeşitliydi yiyeceklerin çok iyi olduğunu söyleyemem ama gayet çeşitliydi ve yenilebilirdi havuzlarr temizlenmiyor demişler yalan gece havuz kendini hava ile temizliyor ve temizlikçiler temizliyor odalar gayet ferah ve temiz disko güzeldi fakat animasyon hergün aynı deniz ise kayalıklarla dolu fakat plaj güzel şimdi ise  üzerinden değerlendirmeler yapcağımyiyecek içeçek   havuz   deniz   plaj   odalar   temizlik   animasyon   disko   güvenlik   bahçe salıncak hamak vs   konum   artilari havuzlar kaydıraklar disko tenis kortu ve masa tenisi plajeksileri asanasörler deniz odadaki klima ve tv kumandaları yok animasyonsonsöz: otel fiyatları gayet uygun ve verdiğiniz paranın her kuruşunu hizmet olarak alıyorsunuz burası günlüğü   tl olan bir otel değil biz günlüğü    tlye rezervasyon yaptırdık eğer  tl verip   tllik hizmet bekleyecekseniz bu otele gitmeyin biz  tl verdik ve ben   tllik hizmet aldığımıza inanıyorum bu oteli beğenmeyenler  tl verip   tllik hizmeti verenlerdir okuduysanız ne mutlu size inşallah yararım olmuştur otele gidecekseniz de kesinlikle kötü düşünmeyin güzel bir otel,mutluluk,üzüntü,0.9168,winvoker
xcalibur'a katılıyorum.Ama onunda dediği gibi bu tip filmleri izlemeden önce kitaplarını okuyanlar yani bizim gibiler biraz yavan biraz kopuk buluyoruz.Düşündüğümüzde ya nasıl yapsınlarda bu kadar konuyu bu görsellikte işlesinler de diyoruz.Ama hep bir fakat olacak.Olsun böyle bir eseri yinede bu kadar sunmuşlar ya ona bakmak lazım.Sizelere tek tavsiyem kitapları okuyun arkadaşlar.ve kendi ortadünyanızı kendi hayalgücünüzle yaratın kendi istetiğiniz insanları oynatın.Hatta bir karakterede kendinizi verin bakın o zaman neler yaşayacaksınız.,mutluluk,üzüntü,0.9168,winvoker
Cok iyi degil mi :)),mutluluk,üzüntü,0.9167,winvoker
Bunu yapmaktan çekinmeyin.,mutluluk,sevgi,0.9167,goemotions_tr
Bırak beni şeytan.,nötr,öfke,0.9166,goemotions_tr
Bunun normal ve iyi olduğunu düşünüyorum ve ağırlıklı bir battaniyeye yatırılması önerisini destekliyorum.,mutluluk,sevgi,0.9166,goemotions_tr
"Lol bu berbat. Vegreville'de 80.9, Costco'da 84.4 veya Edmonton ve çevresindeki her yerde 85-89 sent arasında.",öfke,tiksinti,0.9165,goemotions_tr
dostum 1996'da olduğumu ve sıfır yaşında olduğumu hatırlıyor musun? güzel zamanlardı,nötr,şaşkınlık,0.9165,goemotions_tr
3 iş günü içinde elimde oldu kargo sevkiyatı çok kötü üründe bi okadar iyi...,mutluluk,üzüntü,0.9165,winvoker
Hayali 2 yaşındaki çocuğumun [İSİM]'in teorilerini bildiğini biliyorum.,nötr,şaşkınlık,0.9163,goemotions_tr
arkadaşlar ürünün kalitesine diyecek yok. gerçekten kaliteli ve kullanışlı. ancak bu menteşe ayarını ben de bir türlü yapamadım. siz de benim gibi bir mobilyacı çağırıp kapakları bir ustaya monte ettirin.,üzüntü,mutluluk,0.9162,winvoker
Eğer bırakmak istediğiniz bir aşamadaysanız yapmanız gereken tek şey bırakabileceğinize inanmaktır.,mutluluk,sevgi,0.9162,goemotions_tr
fiyatı piyasadaki en büyük perakende marketinden bile düşük + olarak ta 4 bicak bedavaya geliyo alın kacırmayın,mutluluk,üzüntü,0.9161,winvoker
"-kilolu arkadaşlara tavsiye etmem. yumuşak olduğu için çöker. ben 1.90, 83 kiloyum. sıkıntı yok.",mutluluk,üzüntü,0.9161,winvoker
"lastiği ilk gün sert sandım; fakat birkaç gün sonra lastik yumuşamaya başladı asfaltta adeta kayıp yaylanıyor, kasise de girdim balon yapacak bir görüntüsü yok. olumsuz tarafı taş mıcırı davlumbaza atması bugün aracın tekerleğinden teneke bağlanmış veya bir şey spiral ile kesiliyor gibi ses geliyordu sanayiye gittim zeytin çekirdeği kadar taş disk arasına sıkışmış. dunlopda içeri taş fırlatma olmuyordu oysa contide rahatsız edici bir fırlatma özelliği var.",mutluluk,üzüntü,0.9161,winvoker
ancak rengi gri olanlar da var sitede döşemenize göre renk alırsanız daha şık durur.,üzüntü,mutluluk,0.916,winvoker
"Vay canına, çok akıllıca!",mutluluk,şaşkınlık,0.9159,goemotions_tr
Onlarla birlikte adeta bir oyuncak bebek gibi. Çok kıymetli.,mutluluk,sevgi,0.9159,goemotions_tr
Harika! Tebrikler. Bu güzel bir yatırım.,mutluluk,sevgi,0.9159,goemotions_tr
"Sadece, şahane bir bilim kurgu/aksiyon değil. Medya ve TV eleştirisi bakımından da, zamanının ötesinde bir film...",mutluluk,üzüntü,0.9159,winvoker
iki arkadaşıma aldım ve çok beğendiler kalite yönünden idare eder ama fiyat yönünden ucuz olması çok iyi pek fazla kalite istemeyenler için tavsiye ederim,üzüntü,mutluluk,0.9159,winvoker
tek bi kötü yanı var bazen tuşa yanlşlkla basıp en son aradığınız kişiyi tekrar arayabiliyorsunuz.,mutluluk,üzüntü,0.9159,winvoker
kargo biraz gecikmeli geldi.,mutluluk,üzüntü,0.9159,winvoker
"Hip hop'ı hiç sevmedim. Gangster yaşam tarzıyla büyüdüm, ondan nefret ettim. Ayrıca etrafında büyüdüğüm ""mitolojiye"" de gülüyorum.",mutluluk,öfke,0.9158,goemotions_tr
Biraz komik,mutluluk,korku,0.9158,goemotions_tr
bir kostümle iş bitmiyor.ben de jokeri beeğendim.9 veririm bu filme,mutluluk,üzüntü,0.9158,winvoker
açıklama kağıdını kafa karıştırsın diye koydular sanırım pakete. biraz zaman alsa da 12 yaşındaki oğlum kurdu mangalı. bir tane vida eksik çıktı. görüntüsü ve kullanışlı olması kusurlarını örttü  ??,mutluluk,üzüntü,0.9158,winvoker
işterimde kaç tane yönetici koltuğu aldımsa kafama yatmadı.,mutluluk,üzüntü,0.9158,winvoker
5-) bataryası çıkarılamıyor,mutluluk,üzüntü,0.9157,winvoker
[İSİM]'i cinayetle suçlamakla suçluyorum. Kayıtlarınız nerede?,nötr,şaşkınlık,0.9156,goemotions_tr
Senin için üzülüyorum (lausd'daki 1. sınıftaki ortaokulda) Bugün zor bir gün geçirdim ve bunu okumak kendimi biraz daha iyi hissettirdi âœٹًںڈ¼,mutluluk,sevgi,0.9156,goemotions_tr
eskiden yemek yerken huzur vermeyen kedimden eser yok. tüğ dökme sorunu geçmedi ama kiti aldı ve daha sağlıklı oldu.,mutluluk,üzüntü,0.9156,winvoker
"Suriye'nin devam etmesini istediğimi nerede belirttim? Uydurma şeyler, tartışmalarınızın olağan bir parçası mı?",nötr,şaşkınlık,0.9156,goemotions_tr
Ben çiftleşirim. Merak etme.,mutluluk,sevgi,0.9156,goemotions_tr
Kendi kendine açılan ve tam zamanında kapanan bir musluk şaşırtıcı olabilmektedir .,nötr,şaşkınlık,0.9155,winvoker
"Efsane bir film olduğu doğrudur ancak çok aşikar kusurları olduğu da gerçek. Kusurlarına rağmen kusursuz olan filmler vardır ya hani. Geleceğe Dönüş onlardan biri mi, değil mi? orası tartışılır. Martynin geçmişte annesinin gencecik kız haliyle arabada otururlarken kızın aniden çocuğun dudağından öpmesi gerçekten çok ama çok zeka yoksunu bir fikir. &quot;Sanki kardeşimi öpüyormuşum gibi hissettim&quot; demesi apayrı saçmalık. Bunların dışında önemi görmezden gelinesi çok güç bir film. 10/7.",mutluluk,üzüntü,0.9154,winvoker
Artık cevap bile vermeyeceğim. Konuşmanın ortasındaki o telsiz sessizliği gerçekten sinirlerimi bozuyor.,üzüntü,öfke,0.9154,goemotions_tr
[İSİM] onu 3 yaşındayken gördüm,nötr,şaşkınlık,0.9154,goemotions_tr
"Bence Bu film sinema tarihine yapılmış bir hakaret sinema ustalrına saygısızlıktır bir yönetmen ilk filminde böyle bi başyapıt ortaya koyması beni şok etti şimdiye kadar tarantino,spielberg ve diğer yönetmenlere hayranlık duyarak geçirdiğimiz zamana acıdım şimdiye kadar binlerce film izledim ama böylesini izlememiştim çok harika zamanda yolculuk kavramını ve en son msjı harika bir biçimde izleyiciye aktarıyor favori filmimim 1. sırasında fight club vardı önceden ama şimdi Donnie Darko",mutluluk,üzüntü,0.9154,winvoker
"Bir anorizm geçirdim ve bunu okuduğumda 4. evre son evre kansere yakalandım, bu yüzden sanırım tablete ihtiyacım var",nötr,sevgi,0.9154,goemotions_tr
[İSİM] biri şu aptalı tekmelesin,mutluluk,öfke,0.9153,goemotions_tr
Dinle bayrak iç içe geçince kötü şeyler oluyor.,üzüntü,öfke,0.9153,goemotions_tr
"Zaten bir tane kullandım, gerçekten yardımcı oldu",mutluluk,sevgi,0.9152,goemotions_tr
Sen harika bir insansın,mutluluk,sevgi,0.9152,goemotions_tr
"Üzgünüm, her seferinde bir bağlantı gönderisi yapmaya çalıştığımda gönderim başarısız oluyor, sadece bir metin gönderisi yapıyorum.",üzüntü,utanç,0.9152,goemotions_tr
i̇dare eder.,üzüntü,nötr,0.9151,winvoker
Köşeleri çok geriye oynatmak [İSİM] için daha aptalca bir karardı,nötr,öfke,0.915,goemotions_tr
diğer makinelere dışarda baktım.bir işe yaramaz.ama bu harika.hemen kılları kesiyor,mutluluk,üzüntü,0.915,winvoker
Gerçek bu değil mi? Eski büyük bir propaganda/reklam makinesine dönüştü.,mutluluk,şaşkınlık,0.9149,goemotions_tr
"Oylardan çok yorumlar lol ""En Demokrat"" Bunu nasıl ölçüyorsun?",mutluluk,şaşkınlık,0.9148,goemotions_tr
"Belki sıkıca sarılabileceğimiz bir sevgilimiz olmadı, belki yalnızız; ama bilinsin ki adam gibi sevdiğimizdendir yalnızlığım…",mutluluk,sevgi,0.9148,winvoker
tabi şunu da unutmayayım bruce willis'ın en iyi erkek oyuncu dalinda aday dahi gösterimemiş olmasını da hala anlayabilmiş değilim. çünkü h.j. osment gibi harika oynamıştı oscar kesinlikle hakkıydı ama akademisyenlerde b.w. önyargısı var galiba...,mutluluk,üzüntü,0.9147,winvoker
yalnız biraz ağır ve kalıpları da büyük ona göre sipariş verin. birde göğüs kısmı çelik korse takmış gibi,mutluluk,üzüntü,0.9146,winvoker
artık tane tane almaktan gına geldi birde kaliteli olunca 1 pkt aldım 2 çocuğum var onlara 1 sene boyunca yeter heralde tanesinide piyasadan 50 krş alıyordum,mutluluk,üzüntü,0.9146,winvoker
"Elbette, tatlım ;) Ama ben kızlarla çıkıyorum bu yüzden fazla heyecanlanma <3",mutluluk,sevgi,0.9145,goemotions_tr
yenilenmiş telefon değil sıfır orijinal açılmamış kutusunda geliyor zaten öyle gelmezse iade edebilirsiniz,mutluluk,üzüntü,0.9145,winvoker
Ahh. İkisi de çok iyi. Umarım siz de benim kadar keyif alırsınız.,mutluluk,sevgi,0.9144,goemotions_tr
piyasada çok araştırdım çok daha kötü ürünler bunun iki katı fiyatına satılmakta bu ürünün kullanım rahatlığı ve,mutluluk,üzüntü,0.9144,winvoker
ya bole sonlar benı sarsıyo cok uzulduummm weya sanırım dewamı ceklecek weya sonunu bıze bırakmıs lınklatey usta before sunrıse dan sonra kesınlıkle ızlenmelı,mutluluk,üzüntü,0.9144,winvoker
autokit çizik alıcı pasta cila ekonomik kutusuna dışarıdan bakınca içinde çokmuş gibi görünüyor ama kutuyu açınca süpriz yaşıyorsunuz kutunun sadece yarısı doluydu. taze yoğurt kıvamında bişey inş arabanın her yerine yeter ve iş görür,üzüntü,mutluluk,0.9144,winvoker
Kocanız şanslı bir adam.,mutluluk,sevgi,0.9143,goemotions_tr
Anlamadım çünkü karanlık mod değil,öfke,şaşkınlık,0.9143,goemotions_tr
bu yaz korona sebebiyle sokağa çıkamadık tatile gidemedik,mutluluk,üzüntü,0.9142,winvoker
hepsi burada her zaman olduğu gibi çok kısa sürede  ürünü elime ulaştırdı teşekürler.ürün orjinal kapalı ambalajında geldi fakat kalıcı bir koku değil yada bende öyle,üzüntü,mutluluk,0.9142,winvoker
Çok iyi düşünmeden alın!,mutluluk,sevgi,0.9142,winvoker
Katılıyorum! Zavallı kızlar! Çok tatlı görünüyorlar.,mutluluk,sevgi,0.9141,goemotions_tr
en az 1o kez izledimm şu kavuşma ashnesi varya hala ağlatıyoooo,mutluluk,üzüntü,0.9141,winvoker
"Üzgünüm anne, çocuğunuz otizmli ya da bu bir yalan.",üzüntü,öfke,0.9141,goemotions_tr
kurulumu biraz karışık,mutluluk,üzüntü,0.914,winvoker
sırf sonunu merak uğruna 2 gecede biter ama çok hareket beklemeyin,mutluluk,üzüntü,0.914,winvoker
Alaycılık :),nötr,öfke,0.914,goemotions_tr
"Herkes için işe yaramaması, dolandırıcı oldukları anlamına gelmez.",nötr,öfke,0.9139,goemotions_tr
"pişirme plakası keşke granit olsaydı, 99 değil 100 puan verirdik !",mutluluk,sevgi,0.9139,winvoker
"Evet, sanırım bu 1. Bölümdeydi, [İSİM] tarafından yakalandıktan sonra onu kurtarmaya geldiğinde.",nötr,şaşkınlık,0.9139,goemotions_tr
kalın uçlu kalem olması nedeniyle küçük yazılması gereken tablo vs. gibi yazı  kısımlarına uygun değil. ayrıca cetvel ya da şablon kullanırken ucunda mürekkep birikmesi yapabiliyor. ama normal yazım sırasında kalemin sabit bir hareket yönü olmamasından dolayı bu sorunu yaşamıyorsunuz.,mutluluk,üzüntü,0.9137,winvoker
"merhaba öncelikle h.b. teşekkür ederim. gerçekden ürün fena değil, ama aldığım gün antrenmandan sonra elimden çıkartamadım ve yırtıldı ömrü çok kısa oldu. takdir ve yorum sizin...",üzüntü,mutluluk,0.9137,winvoker
git gide babana benziyosun,mutluluk,üzüntü,0.9136,winvoker
mutfakta kullanmaya kıyamadım sanırım bir süre oturma odasında kullanacağım.,mutluluk,üzüntü,0.9136,winvoker
arkadaşlar s6 edge için aldım kendi hızlı şarj makinesi ile şarj ettim maalesef şarj süresi beni tatmin etmedi. 3 saatte şarj olması çok uzun. normal şarj kullanmanızı tavsiye ederim zaman sıkıntısı olanlar için.,mutluluk,üzüntü,0.9136,winvoker
"""çiftliğime karşı savaşmak istiyorum"" — Fransızcanızı tazelemenin zamanı geldi ;-)",nötr,sevgi,0.9136,goemotions_tr
bide filmin başında ki amelie nin çocukluunu sergileyen kız audrey e çok benziodu:) bide dilencinin pazarları çalışmam deyip parayı almaması süper komikti:):),üzüntü,mutluluk,0.9135,winvoker
"beklentiye göre değişir tabi; aşırı abartı, odun gibi saat isteniyorsa bu ürün tatmin etmeyebilir. ama diğer protreklerden de medet umulmasın. zira aralarında bikaç milimetre fark var. incelendi.",mutluluk,üzüntü,0.9135,winvoker
"Yani, DC metro alanının nüfusu Pittsburgh'un ***üç katı***, yani. Tekrar ediyorum, nispeten Pittsburgh'unki daha kötü.",öfke,tiksinti,0.9134,goemotions_tr
"evet. birçok kişi bundan bahsetti. ayrıca Shield Brah, beastmen ırkçılığını sorguluyor.",mutluluk,öfke,0.9134,goemotions_tr
öncelikle ürün elime 2 günde ulaştı teşekkürler hb. ancak servisi çağırıp kurdurana kadar hiç bir sıkıntı yoktu servis gelipte su girişinin 2 tane olduğunu söyleyince şaşırdım. girdim tekrar baktım su girişi tek yazıyor. alacak olanlar buna dikkat etsin. tek muslukla çalışıyor ama yıkama süresi uzun sürüyor. gelelim yıkamasına evdeki tüm tül ve perdeleri yıkadım süper yıkadığını söyleyebilirim. bekarsanız ve bir makina alacaksanız önerimdir. ancak çamaşırım çok diyorsanız yıkama kapasitesi biraz daha büyük olanları tercih etmenizde fayda var.,üzüntü,mutluluk,0.9134,mteb_product
... ve hiç kimse umursamıyor gibiydi Beyaz saçlı o yalnız kadın hariç,üzüntü,öfke,0.9133,goemotions_tr
"Unutma, hala Alaska'mız var",şaşkınlık,sevgi,0.9133,goemotions_tr
Yeni normale hoş geldiniz.,mutluluk,sevgi,0.9133,goemotions_tr
urunu buyuk bır hevesle hedıye amaclı almıstım. ama urunun kutusu tambır fıyasko. kupelerın ıgnelerı cok uzun kılıpslerı tutmuyor bıle.,mutluluk,üzüntü,0.9133,winvoker
Odin ve oğlu Thor un mucizeleri ile çakma tanrılarınızı yüceltmeyin Kafir adam seni,üzüntü,öfke,0.9133,winvoker
her iş deneyiminde gözlemlediğim iki yüzlüyalaka insan sayısı arttı işimle alakalı öğrendiklerim 3,üzüntü,mutluluk,0.9132,winvoker
- kulakligi dandik gorunumlu cin mali kulaklik gibi. ama calisiyor. kulak icine giren lastikli tip olsa,mutluluk,üzüntü,0.9132,winvoker
cihaz rakiplerine gore biraz agir ve tek el ile kullanma imkaniniz maalesefki yok.,mutluluk,üzüntü,0.9132,winvoker
"tekerleklerinin hepsi yere orantılı basmadığı için dışarıda rahat bir sürüş imkanı vermez, birde oturma yeri biraz dar yani çocuk havaleli(mont gibi) bir kıyafet giyse sığmaz.",mutluluk,üzüntü,0.9131,winvoker
İg'de HER MAN'ın sahte [NAME] profiline pijamalarını giydirdiğini gördün mü?,nötr,şaşkınlık,0.913,goemotions_tr
"Yavaş gitmek istiyor, bunu görebiliyorum... Ben her zaman o kızlarla uğraşıyorum, onlar benim favorim.",mutluluk,sevgi,0.913,goemotions_tr
[NAME]'in 1990'lı yıllarda ilk albümünü çıkarması ne kadar da çılgınca.,mutluluk,şaşkınlık,0.913,goemotions_tr
"Bunu Noel'den eve dönüşe kadar yaptım. Illinois'in bir yerinde kendi kendime ""siktir et, bir dahaki sefere uçup araba kiralayacağım"" dedim.",şaşkınlık,öfke,0.913,goemotions_tr
kasa görüntüsü haricinde donanım güzel önemli olan içi zaten,üzüntü,mutluluk,0.913,winvoker
Bu sırada kaçan elçilik görevlileri iyice tedirgin olmaya başlarlar .,nötr,korku,0.913,winvoker
mutluyum herşeye rağmen yıkılmadım ve hala güçlüyüm,mutluluk,gurur,0.9129,winvoker
#OGÜNÜN O BÖLÜMÜNÜ AÇMAYALIM.,nötr,öfke,0.9127,goemotions_tr
Neden yapayım ki? Çarpıtılmış balon insanlarının yazdığı yorumları okumak çok eğlenceli ;),mutluluk,şaşkınlık,0.9127,goemotions_tr
çim seyrek çıktı,mutluluk,üzüntü,0.9127,winvoker
Tam olarak neden otoriter olduklarını açıkladım. İşletmeler tam anlamıyla plütokrasilerdir.,mutluluk,şaşkınlık,0.9127,goemotions_tr
rahmetli recep yazıcıoğlunun erzincanda bir köye köprü yapmak istemesi ve elmas ile erdalın hüzünlü hikayesini anlatan güzel bir yapıt. ayşe kulin farkı görülüyor.,üzüntü,mutluluk,0.9126,mteb_product
USC'de ilk yarıda 4 adam 2 faul yaptı. Bu bir yıpratma savaşına dönüşebilir.,nötr,öfke,0.9126,goemotions_tr
O zaman mucizelere inanmaya başlasan iyi olur! LOL,mutluluk,sevgi,0.9126,goemotions_tr
boyut resmi gibi heybetli durmuyor :d,mutluluk,üzüntü,0.9125,winvoker
"Filmin çok güzel olduğunda herkes ortak olmasına ama bizim eleştirdiğimiz belki daha çok hasılat belki bazı sebepler yüzünden yönetmenin kitaptan farklı saçmasapan işler yapması. Kimse bire bir kitaptan uyarlama yapsın demiyor, ama gidip de Faramir'in, Arwen'in, Gimli'nin karakterini, olaydaki rolünü değiştirmesin, kafasına göre olayları farklı yerlere koymasın.",mutluluk,üzüntü,0.9125,winvoker
Kuyruk tıkaçlarından birine hazır olun,nötr,korku,0.9124,goemotions_tr
Burada olmaktan dolayı çok mutluyum .,nötr,gurur,0.9124,winvoker
"[NAME]'in sizi içeri almaması beni şaşırtırdı. [NAME]'e bir mektup yazıp durumu anlatırdım, belki bir istisna yapabilirlerdi.",mutluluk,şaşkınlık,0.9123,goemotions_tr
androidle geçen günlerine acıyorum. eşim için aldım ve ne yazık ki ben hala androide talim. imkan varsa başka markaya yonlenmeyin derim..,mutluluk,üzüntü,0.9122,winvoker
fiyat olarak daha ucuzunu görmedim. üstelik kargo ücretsiz olması çok güzel. özellikle uzn bar ile çalışacaklar tercih etmeli. tam ölçmedim ama 2.5kg lık plakaların çapı sanırım 20cm falandı. ürünün 5kg lık plakaları eksik gelmişti onlarında muhtemelen 30-40cm arasında bir çapı vardır. uzun bar ile çalışırken sorun olmaz ama kısa barlarda çalışmak büyük sıkıntı. birde bu plakalar kum ağırlıklı ve diğer döküm plakalarla karşılaştırıldığında çok kullanışsız ve büyük. kum ağırlıklı plakaları araştırıp test edip öyle alın derim.,üzüntü,mutluluk,0.9121,winvoker
4. nesil temsil ediyor!,mutluluk,nötr,0.9121,goemotions_tr
[İSİM] boobi'yi güzelleştirdi,mutluluk,sevgi,0.9119,goemotions_tr
Sadece OP'nin kısaltmayı kullanmadan önce açıklama yapmamasını sevmiyorum. Bu yüzden TIFU harika olmasına rağmen eksi oy verdim.,mutluluk,öfke,0.9119,goemotions_tr
i̇skeleti çok sağlam olmasına rağmen süngeri kalitesiz ama bu paraya bundan iyisi yok.,mutluluk,üzüntü,0.9118,winvoker
i̇şiniz bitince temizleyin yağlayın kaldırın. kuru dallara vurmayın yazık oluyor,mutluluk,üzüntü,0.9118,winvoker
Bu çok üzücüydü. Ve sürekli annesini çağırıyordu. Sonra onu büyükannesine bıraktılar.,üzüntü,korku,0.9116,goemotions_tr
"Tamam, tamam. Ama unutmayın, ne kadar erken yumurtlarsanız, evde o tatlı ücretsiz emeği o kadar erken kazanırsınız.",mutluluk,sevgi,0.9116,goemotions_tr
iPhone alıp satıyorum ve Ocak ayı benim için de durgun geçti. Hepimize bol şans.,mutluluk,sevgi,0.9115,goemotions_tr
"Ben tanıdık mağazadan aldım 6 çekmeceli cumartesi geldi servis kurulumu yaptı  derecesini -18  ayarladı bana bir tuş gösterdi sabah buna 1 sefer bas 1 saat sonrada 1 defa daha bas dedi öyle kalsın dedi dolap 2,5 gündür süper de çalışıyor normalde böylemi çalışıyor yardım lütfen",üzüntü,mutluluk,0.9115,winvoker
darbe girişimin iç yüzünü saat saat anlatmış.,mutluluk,nötr,0.9114,winvoker
Bu yıl işe aldıkları sezonluk işçi sayısının çokluğu göz önüne alındığında bu beni şaşırtmaz.,nötr,şaşkınlık,0.9113,goemotions_tr
"televizyonlarda çarpık ilişkili, şiddet eğilimli, tecavüz, taciz sahneleri olan birsürü dizi varken gay karakterin dizisi yapılamadı",mutluluk,üzüntü,0.9113,winvoker
daha kötüsünüde gördüm,üzüntü,tiksinti,0.9113,winvoker
levent ülgen ve ceren soylu bu filmde göz doldurdu gerçekten. özellikle levent ülgenin efemine performansı kesinlikle muhteşem. Aynı şekilde ceren soylunun maskülen performansı. çok büyük beklentiler içinde gitmemiştim filme ama iyi vakit geçirebileceğiniz eğlenceli bir film olmuş. özellikle final sahneside oldukça düşündürücü.,üzüntü,mutluluk,0.9113,winvoker
Ne yazık ki aynı şekilde insanları tanıyan insanları ve toplum içinde olmayı da tanıyorum. Belki league veya xbox gibi sohbetli bir çevrimiçi oyun,üzüntü,şaşkınlık,0.9113,goemotions_tr
*Yorumlara bakar* Tarafsız olacağını kim söyledi?,nötr,şaşkınlık,0.9111,goemotions_tr
"Evet! Evlat edinme, gerçekten ebeveyn olmak isteyen insanlara verebileceğiniz muhteşem ve cömert bir hediyedir.",mutluluk,sevgi,0.911,goemotions_tr
kulaklık kutu içeriğinde yok,mutluluk,üzüntü,0.911,winvoker
"Hayır anlıyorum, sadece ikinizin de yanıldığını düşünüyorum.",nötr,öfke,0.911,goemotions_tr
Belki G liginde 5-10 maç oynamak pası atmana yardımcı olabilir mi?,mutluluk,şaşkınlık,0.9108,goemotions_tr
...bi filmin müzikleri resimleri sahneleri bu kadar mı olur.O an elime silah verseler rambo 4 ü ezbere çekerim.Hayatının filmi diyorum.,mutluluk,üzüntü,0.9108,winvoker
"Banff'a gidebilirseniz, Nourish Bistro'yu şiddetle tavsiye ederim. İnanılmaz vejetaryen/vegan yemekler... benim gibi et yiyenler bile bayılıyor!",mutluluk,sevgi,0.9108,goemotions_tr
aldığımdan beri kapılarda tık yok neresi ses çıkarsa bir fıs yeter ben kendim çok pimpirik biriyim stresli bir insanım nerde pas gıcıltı var özelikle ev bide araç kapısı tek sıkma yeter hemen halediyor,mutluluk,üzüntü,0.9107,winvoker
ilk aldığımda kapağını bantla açık tuttum bir kaç gün ki kedim içine girmekten korktu ilk başlarda. sonra kapağı indirdim ve şuan alıştı. fakat hala dışarı kum atmayı başarıyor o açıdan pek tatmin olmadım ben.,mutluluk,üzüntü,0.9105,winvoker
Kuleli Askeri Lisesi binası araplara mı satıldı ?,mutluluk,şaşkınlık,0.9105,winvoker
çok çabuk ısınıyor. ve arada donma oluyor. ama alınabilir bir ürün.,üzüntü,mutluluk,0.9105,winvoker
"Ben ağlamıyorum, SEN ağlıyorsun!!",mutluluk,öfke,0.9105,goemotions_tr
"""11 ya da 12 yaşında olman umurumda değil."" Lol ne?",mutluluk,şaşkınlık,0.9105,goemotions_tr
Rastgele sarılma saldırıları. Sadece birbirlerinin alanına girmek için sarılmak.,nötr,öfke,0.9105,goemotions_tr
ancak üstteki cevap verme/arama düğmesi en ufak bir dokunuşta son arananı arıyor. bu da bazen sıkıntı verebiliyor. benim kulaklığımın sesi biraz boğuk gibi geldi. az gürültülü bir ortamda bile duyması zor oluyor.,mutluluk,üzüntü,0.9105,winvoker
"hem yapışkanlı hem de monte edilebilir olarak kullanılabiliyor. yapışkanının arkasını az nemli yaptığımda 2-3 gün biraz daha ıslattığımda ise 7-8 günde bir düşüyor ( 1 aylık gözlem içerir.) metali fena değil , dizaynı güzel yanlız yapıştırarak kullanacaklar için tavsiye etmiyorum.",mutluluk,üzüntü,0.9104,winvoker
Yani ideolojinizin sadece kendinizi koruyabileceğiniz varsayımını reddediyorsunuz.,nötr,öfke,0.9104,goemotions_tr
"Motivasyonlarınızı biraz daha keşfetmeniz gerektiğini düşünüyorum. Sadece bilmek ve ""Hepsi bu"" demek istediğinizden çok şüpheliyim.",mutluluk,şaşkınlık,0.9104,goemotions_tr
hemen geldi .teşekkürler.,mutluluk,sevgi,0.9103,winvoker
grangeın diğer kitapları gibi akıcı ama diğerlerinden farklı olarak  sonunda şaşırtmıyor. yine de ilgi ile okunmakta. grange seven herkese tavsiye ederim.,üzüntü,mutluluk,0.9103,mteb_product
Oh [İSİM] tüm tahıllar lapa haline gelene ve iğrenç olana kadar süt içinde bekletilecek,nötr,tiksinti,0.9103,goemotions_tr
"Oyunculuklarıyla bu adamlar biz manyağız, psikopatız diyor. sinema tarihindeki en iyi film değil, en iyilerindendir. ancak o listedeki filmlerde oyunculuk performansının en üst düzeyde olduğu film budur.",mutluluk,üzüntü,0.9103,winvoker
Filmi izlerken bir sıkıldım bir sıkıldm... bitse de bi kurtulsam dedim... bitmedi de mübarek :D.. her neyse benim sıkılmamın tek sebebi filmin türüydü..daha elime aldığımda sıkılacağımdan emindim ama bu filmi izlemezsem olmaz diye izledim... gel gelelim filme.. yiğidi öldür hakkını yeme 35 yıldan fazla olmuş film çekileli..konu   işleyiş   yönetmenlik   senaryo   oyunculuk.. kusursuz.. favorim değil çünkü çok sıkıldım ama 10/10 verdim... izlenmeli..kaçınılmaz..,mutluluk,üzüntü,0.9102,winvoker
yanlışlıkla çamaşır makinesinde yıkandı titreşim özelliği bozuldu ama hala çalışıyor. üzerindeki cevaplama tuşu geri arama yapmasa daha iyi olacak.,mutluluk,üzüntü,0.9101,winvoker
"Gladyatör,bir filmden çok annelerin geceleri çocuklarına anlattığı masallara benziyor sanki....Film yerine masal demek,destan demek daha doğru.Tarihi savaş filmleri kategorisinde çıtayı en yukarılara taşımış mükemmel bir film. Bu filmden sonra Büyük İskender gibi,Cennetin Krallığı gibi aynı çizgide birçok film çekildi ama asla Gladyatör'ün tadını veremedi ve O'nun başarısını yakalayamadı.",mutluluk,üzüntü,0.91,winvoker
ama fiyatına göre normal çok bişey beklemeyin. teslimat kalite ve süresinde sorun yok.,üzüntü,mutluluk,0.91,winvoker
"""[İSİM] bu gece seni ünlü yapacak, dostum!"" Neyse, ona yemlik yok!",nötr,öfke,0.91,goemotions_tr
"Şaşırırsınız. Bu alt başlığı ""Ben ikna olmadım"" ifadesi için arayın.",nötr,şaşkınlık,0.91,goemotions_tr
"eksiklikler ise orjinal koltuk rengine göre hafif bir ton daha koyu krem, fakat bu bile dışarıdan ayırt edilecek şekilde değil. diğer bir husus ise koltuklara takma kancaları eksik çıktı. birde koltuk başlarını takmak için yuvaları açık değil sonradan sizin kumaşı derek açmanız gerekiyor.",mutluluk,üzüntü,0.91,winvoker
"ürün orjinal sadece iki şey kafama takıldı, birincisi jelatin gevşekti biraz, diğeri de şişe kapağı tam oturmamış gibi yani simetrik değil. yoksa canavar gibi",mutluluk,üzüntü,0.9099,winvoker
komedi tarzında bir film:))) gülmekten öldüm filmde!!! gülmeyi sevenlere tavsiye edilir!!,üzüntü,mutluluk,0.9099,winvoker
"Ürün ilk bakışta cezp ediyor soğutması da güzel 
Şayet ciddi sorunu var çok ses çıkarması sıcaklarda o sesi sıcaktan daha bunalımlı oldu alacak olanlar bunu dikkate alsın derim.",üzüntü,mutluluk,0.9099,winvoker
"ürün bu fiyata gerçekten çok iyi, basit kurulumu var fakat kapandıktan sonra biraz uzun oluyor sw aracım var çapraz koymak zorunda kalıyorum ama çok sorun değil sorun değil, bana gönderilen üründe çocuk yokken sol ön tekerler yere değmiyor çocuk olduğu zamanda bazen değiyor bazen sürtünüyor.",üzüntü,mutluluk,0.9098,winvoker
Notları doc formatına veya başka bir şeye çevirebilecek biri var mı? Onları görüntülemekte sorun yaşıyorum :(,üzüntü,şaşkınlık,0.9098,goemotions_tr
ürün sinek kaydı traş yapıyor bu açıdan oldukça iyi ancak gel gelelim çene altında aynı performansı göstermiyor. defalarca üzerinden geçmek gerekiyor.traş köpüğü ile deneme imkanım olmadı.kalite ve sağlamlığı iyi.,mutluluk,üzüntü,0.9098,winvoker
"Hayır, olamaz! Bunu ilk defa duyuyorum",şaşkınlık,öfke,0.9097,goemotions_tr
Bebeğinizi leylek mi ısırdı?!?! *şaka*,mutluluk,şaşkınlık,0.9097,goemotions_tr
Git ve arkadaşlarının yanında ol. Ya da INTP ol ki arkadaşlarının yanında olma hissini yaşama.,nötr,sevgi,0.9097,goemotions_tr
Kim namustan söz ediyorsa en namussuzu o dur,üzüntü,öfke,0.9097,winvoker
Yani İncil'in bencil nedenlerle başka tanrıları kabul ettiği kısmını kaçırmaları biraz garip.,öfke,utanç,0.9096,goemotions_tr
isı ayar düğmesi döndürmek çok güç gerektiyor. hepsi böylemidir bilmiyorum bendekinde üretim hatası olabilir. plastikte fazlalık var metal kısmı sıkıştırıyor.,mutluluk,üzüntü,0.9096,winvoker
"Vay canına, köpeklerini bulmak için gerçekten çok uğraşmışlar - belli ki çok sevilmiş.",nötr,sevgi,0.9094,goemotions_tr
şuan bu telefonun ötesi yok,mutluluk,üzüntü,0.9093,winvoker
"dostum, annen tam bir orospu çocuğu, bununla uğraştığın için çok üzgünüm",tiksinti,öfke,0.9093,goemotions_tr
"markadan memnunum ancak son aldığım ürün ile ilgili çocuklardan şikayet aldım, önceden hiç pişik olmayan çocuğun kış vakti pişik olası tuttu, son kullanma tarihinden işkillenmeye başladım. ama hepsiburada.coma güvenim tam başka nedenlerden ötürü olabileceğini düşünüyorum",mutluluk,üzüntü,0.9093,winvoker
"David Fincher filmini o kadar gerçekçi hale getiriyor ki,gerçeklik hissi git gide artarken film de bir o kadar ürpertici havaya giriyor.Ve ağızları açık bırakacak muhteşem finaliyle izleyiciyi -hem de bir kaç kez- dumura uğratıyor.",mutluluk,üzüntü,0.9092,winvoker
"Hedef kitlesini düşünün. Konuşanların kandırdığı kişiler onlar, düşünenlerin değil.",nötr,öfke,0.909,goemotions_tr
O kadar akıllı ki sanki parmaklarını kapıya sıkıştırmış gibi görünüyor. Tırnağının altında kötü bir morluk var.,mutluluk,öfke,0.909,goemotions_tr
"gürültülü bir iş ortamında, işinize odaklanmak için kullanabileceğiniz bir ürün. her bir çifti 3 4 gün boyunca defalarca kullanabilirsiniz. sonra biraz kirleniyor ve yenisini kullanmanız gerekiyor. iyice ezip kulağınıza takın. 15 sn sonra sünger şişiyor ve hiç ses duymamaya başlıyorsunuz. 2 saatten sonra hafiften ağrıtmaya başlıyor kulağınızı. bir tak çıkart yapıp tekrar devam edebilirsiniz kullanmaya.",mutluluk,üzüntü,0.9089,winvoker
[NAME]'in tek oğlunun bunu yapmasını istemesi beni her zaman üzmüştür. Artık buna inanmıyorum.,üzüntü,öfke,0.9088,goemotions_tr
"Eğer blöfünü görseydi, bir daha asla aynısını yapacağını sanmıyorum.",nötr,öfke,0.9087,goemotions_tr
"Günümüzdeki birçok taraflı tarih filminden çok daha iyi olduğu kesin bence.Geçmişte bu ve buna benzer olayların yaşanması filmi daha gerçekçi kılmış.Bu tarz filmleri birbiriyle kıyaslayanlar muhakkak olur.Bir bakıma Ben-Hur,Spartakus konumunda,bir bakıma da Braveheart tarzında olan bu film,farklı düşüncelere göre değişik yorumlanabilir.Filmler için söylenen şu sözlere katılmıyorum.İşte çok kısa sürede çekilmiş,ticari kaygı amaçı taşıyor,bu yüzden çok değerli veya iyi film değil düşüncesi ne kadar doğru iyice düşünmek lazım,elbette ki film ticari amaçta güdmeli(diğer amaçları gibi),sonuçta milyon dolarlar harçanarak yapılıyor filmler sırf bu yüzden yargılamak bence adil değil,sanırım sadece sevdiği filmleri övmeye çalışma amaçı yüzünden insanlar bazen gereğinden fazla tepki gösteriyorlar.Bir kere kesinlikle güzel ve sinema için önemli bir film ama Amerikan filmlerinde malesef sürekli tekrar eden döngü bu filmide kapsamış,özellikle Braveheart esintilerini benimsetiyor izleyenlere...İzlemeyenlere mutlaka tavsiye ederim.",mutluluk,üzüntü,0.9087,winvoker
her denize girdiğimde filmden sahneler kare kare aklıma geliyo.her an büyük beyaz bir taraftan çıkıp bir tarafımı kapçakmış gibi geliyor kalp atışlarım hızlanıyor korku hissi bütün vücuduma yayılıyor tabi istikamet son sürat doğru kıyı.alacağın olsun spielberg sayende denize girmek eziyete dönüştü!,mutluluk,üzüntü,0.9086,winvoker
Asla saçımın uzamasına izin vermediğim için hiçbir zaman saçımı kestirdiğim fark edilmiyor,mutluluk,öfke,0.9086,winvoker
"sayın murat şeker gerçekten ellerinize sağlık çok eğlenceli bir filmdi,bazı arkadaşlar sinema tadı alamadım filan bişiler yazıyo anlamıyorum bu film romantik komedi lütfen ona göre yorum yapalım,bence vizyondan kalkmadan izleyin ....",üzüntü,mutluluk,0.9086,winvoker
Beni sırıtıp gülümsettiğin için bir updoot al. Çocukça olabilir ama çok komik.,mutluluk,sevgi,0.9085,goemotions_tr
"Elbette, sadece cevabımla tamamen alakasızdı",nötr,öfke,0.9083,goemotions_tr
İnsanlar aç ve hasta .,nötr,öfke,0.9083,winvoker
Yazık amk beni mi takip ediyorsun,üzüntü,utanç,0.9083,winvoker
Bu beni olması gerekenden çok daha fazla eğlendirdi. Eğer verecek altınım olsaydı...,mutluluk,sevgi,0.9083,goemotions_tr
"resimlere sakın aldanmayın, ufacık parçalar. 2 paket olarak geldi ürün. resimdeki köprüyü yapmak için heralde bi yüz paket almanız gerekir.",üzüntü,mutluluk,0.9083,winvoker
Dudaklar kırıntıları tutmanın anahtarıdır.,nötr,sevgi,0.9082,goemotions_tr
her pazar arabamı yıkarım araba parlar tekerler soluk kalırdı,mutluluk,üzüntü,0.9081,winvoker
Tamamen anlaşılabilir. Belki de annem bir dahaki sefere uçuşları biraz daha önceden ayarlamalı!,mutluluk,şaşkınlık,0.9081,goemotions_tr
tek kusuru duvara monte edilen aparatı televiztonun üstünden 2 cm kadar görünüyor. daha kısa imalat yapabilirlerdi.,mutluluk,üzüntü,0.9081,winvoker
fiyat/performans ürünü. uzun vadeli kullanmayacaksanız sorunsuz işinizi görür. bu fiyata piyasada rakibi yok. beklentinizi çok yüksek tutmazsanız iş görür.,üzüntü,mutluluk,0.908,winvoker
Mükemmel! Umarım AB ülkeleri de yakında destek açıklamaları yaparlar. Bir kereliğine Rusya'nın kahvaltısına işemek için harika bir fırsat.,mutluluk,sevgi,0.908,goemotions_tr
Ürün iyi ama birde dikkatli taşısalar,üzüntü,mutluluk,0.908,winvoker
Reddit'in nasıl çalıştığı komik,mutluluk,şaşkınlık,0.9079,goemotions_tr
90'lardan beri bir duke homer'ıydı lol bu noktada Kariyerinde [NAME] ile ne elde edeceğimizi biliyoruz,mutluluk,şaşkınlık,0.9079,goemotions_tr
Işık yolculuğundan daha hızlı olurdu,mutluluk,şaşkınlık,0.9079,goemotions_tr
Böyle bir şey yok tabii .,nötr,öfke,0.9078,winvoker
Şimdi kendini tekrarlıyorsun. Elveda #zaman kaybı. Herkes onları severken bu şirkete ve ürünlerine saçmalık demeye çalışmanın tadını çıkar haha,mutluluk,öfke,0.9077,goemotions_tr
"Evet, bu yazıyı öldürdüm. Reddit harika bir yer ve önerimi burada yaptığım için mutluyum.",mutluluk,sevgi,0.9077,goemotions_tr
"Bilmiyorum, bana oldukça gangster gibi görünüyor.",öfke,şaşkınlık,0.9076,goemotions_tr
Yüzmilyonlarca dolarlık servetlere hükmeden varsıllar dünyanın en GÖTLEK varlıklarıdır,üzüntü,nötr,0.9075,winvoker
cocuklugumuzun efsanesi gunumuzun teknolojik imkanlarıyla cok daha basarılı sinemaya aktarılabilirdi bence...,üzüntü,mutluluk,0.9075,mteb_product
- 5.5 inç bir telefon için biraz kalın ve ağır (fiyatına göre kabul edilebilir),mutluluk,üzüntü,0.9075,winvoker
verdiğim bilgiler işinize yararsa ne mutlu  bana.,mutluluk,sevgi,0.9075,winvoker
"Yani, bu harika, ama ilk başta çekici bulmadığınız biriyle çıkmaya başlar mısınız?",mutluluk,şaşkınlık,0.9074,goemotions_tr
Aptal [İSİM] o aptal martı/cırcır böceği efsanesine atıfta bulunuyor,nötr,öfke,0.9074,goemotions_tr
Onunla iletişime geçmenizi tavsiye etmem. Bu muhtemelen onu ürkütür.,öfke,korku,0.9073,goemotions_tr
internet cafe işletiyorum 12 adet aldım bu kulaklıklardan ve 1 ay sonra hiç birinden eser kalmadı normal kullanımda bile gözün gibi bakmalısın ki bozulmasın cünkü o kadar ince kablo tasarımı varki elinize takılsa kopuyor...,üzüntü,mutluluk,0.9073,mteb_product
"ürünüle makineyi temizletmeden asla kullanmayın ben kullandım, makina bıçaklarını kırdı bu yuzden dikkat edin daha çok masraf açiyor.",mutluluk,üzüntü,0.9072,winvoker
beni̇m bi̇lekleri̇m bi̇raz fazla kalin sanirim çünkü cirt-cirtlarin bi̇ri̇ yapişkan kisma ulaşamadi,mutluluk,üzüntü,0.9072,winvoker
motosiklet camiasında en çok bilinen kullanılan markalardan biridir,mutluluk,nötr,0.9072,winvoker
Tavuk konusunda bir nebze iyiyim ama sos kısmı tam bir kaotik,nötr,öfke,0.907,goemotions_tr
Buna katılıyorum.,mutluluk,öfke,0.907,goemotions_tr
Ben de aynı hissi yaşadım. Jet olarak emekli olmasını umuyorum. Onu kucaklayan tek kuruluş biziz. Sam'e her adımda koçluk yapıyordu.,utanç,sevgi,0.907,goemotions_tr
"Üzgünüm, yeniyim",üzüntü,utanç,0.9069,goemotions_tr
Herkes kendi tarzında şizofren,mutluluk,korku,0.9069,winvoker
Gmod Wonderworld kişisel favorim ve [NAME]'in yaptığı en sadist ve komik şey olabilir,mutluluk,sevgi,0.9069,goemotions_tr
*bazen konuşurken karşıdan ses ekolu ve cızırtılı gibi geliyor ama telefondan mı yoksa başka bir şeyden mi anlayamadım.,mutluluk,şaşkınlık,0.9068,winvoker
"yeni tarihli gönderdiler, çok teşekkür ederim...",mutluluk,sevgi,0.9067,winvoker
her ne kadar musluk suyu kullanılabilir denilse de ben pek güvenemiyorum açıkçası. bu yağışlı havalarda kullanmaya başladığımız kurutma makinesinde yoğuşarak depolanan suyu biriktiriyoruz ve ütüde kullanıyoruz.,mutluluk,üzüntü,0.9067,winvoker
"fiyatina göre çekim gücü çok iyi plastik kalitesi çok çok iyi değil ama
pratik bir süpürge",mutluluk,üzüntü,0.9066,winvoker
Zaten ona sütlü demeye başlayana kadar hipster sayılmaz.,mutluluk,öfke,0.9066,goemotions_tr
Zeytin Gözlüm,nötr,sevgi,0.9064,winvoker
Ya şaka yapıyoruz falan ama ben bugün arkadaşıma SINAVA GİREBİLDİN Mİ diye soru sormak zorunda kaldım ya. Bu nedir ya?,mutluluk,şaşkınlık,0.9064,winvoker
kotu yanlari: 1cm'den 5 vm'e kadar ayarlanabiliyor. uzun bir sakal birakmak isteseniz birakamiyorsunuz. urun pek ucuz sayilmaz ve hic makine hic tahris etmiyor diyemem.,mutluluk,üzüntü,0.9064,winvoker
cihaz çok iyi lakin bizim bölgedenmidir bilinmez internet ve telefon hat cekimi yavaş...,mutluluk,üzüntü,0.9063,winvoker
ürün iyi piyasadakilerle karşılaştırırsak bayagı iyi sebep te şöyle basit bir plastik kahve makinası aksanız 5 veya 10 tl fazla güvencesi de yok bunun acma kapama dügmesi var ve de içi celik kapagı da mevcut oldugundan su veya kahve dışarıya taşmıyor tavsiye ederim,üzüntü,mutluluk,0.9063,mteb_product
Bu film için yayına girdiği dönemde vasat denmiş.Değeri yıllar sonra anlaşılmış maalesef.Hiç kimse çıkıpta bana oscarsız film iyi film değildir demesin.Akademi neye göre ödül veriyor hep merak ettim doğrusu?,mutluluk,üzüntü,0.9063,winvoker
-beyaz renginde sensörler fazla belli oluyor.,mutluluk,üzüntü,0.9062,winvoker
> Her milyarder bir politika başarısızlığıdır Kesinlikle öyle!,mutluluk,öfke,0.9062,goemotions_tr
Hoş geldiniz. Brooklyn > Manhattan neyse,nötr,sevgi,0.906,goemotions_tr
ben hayatımda bu kdar şaşırdığım bir film hatırlamıyorum resmen ağzım açıkta kaldı sonunda,mutluluk,üzüntü,0.906,winvoker
KUÇUK SEMPATİK DUYARSIZ YAVAŞ,üzüntü,öfke,0.906,winvoker
"tamam ama fetiş/seks amaçlı olmayan, daha sağlıklı ve romantik olan bara'yı nerede bulabilirim?",nötr,şaşkınlık,0.9059,goemotions_tr
"C1,2 19.30 [İSİM]'den [İSİM]'e, ""Nasıl aşağı atabiliyorsun"" HAHAHA!!!",mutluluk,öfke,0.9059,goemotions_tr
bruce willsin kariyerinin olgun dönemine denk geldiği ustaca kotarlanmış yer yer heyecanın ve aksiyonun bol olduğu kalbur üstü bir film .hayranları kaçırmamalı.,üzüntü,mutluluk,0.9059,mteb_product
full hd oyun oynarim. akici olsun i̇steyenler uzak dursun...,üzüntü,mutluluk,0.9058,winvoker
Ne kadar aydınlatıcı.,mutluluk,şaşkınlık,0.9057,goemotions_tr
Seni şikayet ettim :-) Yorumunun birkaç saat içinde silineceğini tahmin et :-),mutluluk,öfke,0.9057,goemotions_tr
Müzikal olarak hiç yağlı değil .,nötr,öfke,0.9056,winvoker
tüylülerden nefret ediyorum,öfke,tiksinti,0.9056,goemotions_tr
Asıl fahişe senin beynin,üzüntü,öfke,0.9056,winvoker
fiyatı iyi ama prima heryerde prima :),mutluluk,üzüntü,0.9055,winvoker
büyük kaptanın hikayesini okumak ?,mutluluk,şaşkınlık,0.9053,winvoker
"Film çekim, konu işlenişi, oyuncuların perfomansı olağanüstü, fakat Yahudilerin çok masum gösterilmesi, Seminist propaganda beni rahatsız etti",mutluluk,üzüntü,0.9053,winvoker
Burger King'i de giymeliler,mutluluk,sevgi,0.9052,goemotions_tr
tv nizin arkasındaki 4 adet vidalama yerlerinin birbirine olan mesafesi ile uyum sağlamıyor yani yanlış tercih olmakta... bazı tv lerde mesafeleri yakın olan ürünlere olmakta..,mutluluk,üzüntü,0.9052,winvoker
"İdam öncesi John Coffey ; Tom Hanks arasında geçen konuşma ve John un su sozlerı beni çok etkilemişti ; Yoruldum, patron. Yollarda yağmurda yalnız bir güvercin gibi olmaktan yoruldum.Hic bi zaman ne yapacagımızı nereye gidecegımızı söyleyecek bir dostum olmamasından bıktım artık.En çokta insanların birbirine kötü davranmasından bıktım.Dünyada hergün hissettiğim ve duydugum acıdan bıktım.O kadar çok var ki sankı kafama cam parçaları sokuluyor,,her zaman her zaman ; anlayabiliyormusun beni patron her zaman bu acıyı taşıyorum Birde idam edilirken Tom H. le el sıkıştıgı sahnede göz yaşlarıma hakim olamamıstım..Onları sevgileriyle öldürdü Dünyanın her yerinde her gün oluyor ve ben görüyorum patron",mutluluk,üzüntü,0.9051,winvoker
"Yağmur ve kar, beyaz kuyruklu dağlar karla kaplı olsa çok güzel görünürdü",mutluluk,sevgi,0.9049,goemotions_tr
Hiçbir şey In the Mouth of Madness'ı geçemez (aslında bir uyarlama değil ama hadi canım).,nötr,öfke,0.9049,goemotions_tr
Marianne yapamaz .,nötr,öfke,0.9049,winvoker
Başarılı bir aksiyon filmi.,üzüntü,mutluluk,0.9048,winvoker
En azından 6 yıl daha onun yüzünü haberlerde görmek beni pek mutlu etmiyor.,nötr,öfke,0.9047,goemotions_tr
Oyuncuların karakterleri üzerinde bir Yetkiye sahip olmaları gerekir. Sen sahip olmadın. Tamamen saçmalık. :(,üzüntü,öfke,0.9047,goemotions_tr
eşim için aldığım cihazı özellikle büyük kangal cinsi köpeklerde  denedim... hayvanda bir tepki bile olmadı oralı bile değil yani :) ama  sokaktaki sümdük kendi halindeki köpeklerde çoğunda başaralı diyebilirim....,üzüntü,mutluluk,0.9047,winvoker
"Veya, ya da. Tüm Kızlar Kaka Zihniyeti Sosyalleştiğinizde doğal olarak kendinize güvenmeniz için ihtiyacınız olan tek video Tüm Kızlar",öfke,sevgi,0.9047,goemotions_tr
Bu kulağa cesaret verici geliyor. Umarım halktan çok destek alırlar.,mutluluk,sevgi,0.9047,goemotions_tr
"Öfkeli ""pedofililer""in veya kendilerine ne ad veriyorlarsa onların bunu gerçek sanıp t_d'de erimesini beklemek",nötr,öfke,0.9046,goemotions_tr
kediler icin biraz buyuk kaliyr 6 8 cm olan ama ilerde kopegimede kullanrm diyip tasarruf yapmayi dusnyrsaniz ideal kullann gitsin deli gbi tuy topluyor 1 haftaya kedimde tuy kalmicak,mutluluk,üzüntü,0.9046,winvoker
"Kusura bakma dostum, ördekten pek hoşlanmıyorum.",üzüntü,öfke,0.9046,goemotions_tr
"kaygan, parmak izi bırakmıyor. tek kötü yanı ekranın etrafındaki eğimden dolayı 1mm kadar yapışmayan yer kalıyor.",mutluluk,üzüntü,0.9045,winvoker
😍 çok beğendimmm,mutluluk,sevgi,0.9045,winvoker
hepsi burada ya teşekkürlerimi sunuyorum,mutluluk,sevgi,0.9043,winvoker
ürün elime geçti kullandım.gayet güzel bence.çok çabuk ısınıyor.hemen tost yapmaya hazır hale geliyor.ben tek dezavantajı plakalar yerinden çıkmıyor malasef.bezle temzilik yapmanız gerekiyor,üzüntü,mutluluk,0.9043,mteb_product
Torb'a da biraz sevgi gösterebilir miyiz? Bu arada taret konuşlandırmasına da aynı şekilde davranalım.,nötr,sevgi,0.9042,goemotions_tr
"Hayır, sizler sorunlarınızı herkesin sorunu haline getirmekte çok başarılısınız.",nötr,öfke,0.9042,goemotions_tr
ucuz ama iyi kurutmuyo 10 üzerinden 6,mutluluk,üzüntü,0.9042,winvoker
"Hayır, bunu penaltı kararları, kırmızı kartlar ve goller için kullanacağız, tasarlandığı gibi.",mutluluk,öfke,0.9041,goemotions_tr
Lütfen destek olalım böyle masum bir çocuğun sesi olalım,mutluluk,sevgi,0.9041,winvoker
"Yani, hiçbir soru sorulmazsa senin orada ikamet etmediğini nasıl bilecekler?",nötr,şaşkınlık,0.904,goemotions_tr
bence terminator salvation guzel yapan sam worthington...avatar filmi ve bu filmden sonra kesinlikle yakinda bi oskar alir....bence izleyin izlenmeye deger cunku...,üzüntü,mutluluk,0.9038,mteb_product
ürünü malzeme kalitesi biraz zayıf farklı aparatlar ile sinek kaydıya yakın sonuç veriyor.ben beğendim.alına bilir.,mutluluk,üzüntü,0.9038,winvoker
enteresan bir film. insan seyrederken kendini oradaki karakterlerin yerine koyuyor. kendi hayatınız için başkasını öldürebilir ya da kendinize zarar verebilir miydiniz? seyredilebilir bir film.,üzüntü,mutluluk,0.9037,mteb_product
"elin gavuruna(kedi köpek yiyen kafirine) boşuna iki kat para vermeyin,",mutluluk,üzüntü,0.9037,winvoker
2 adet elimde vardı 2 adet daha aldım takim olsun diye.,üzüntü,mutluluk,0.9037,winvoker
5- gündüz kamera çekim şahane (ama gece için aynısını diyemem),üzüntü,mutluluk,0.9036,winvoker
Ben bu trende seninleyim. [İSİM] adlı adamı severdim ama bu altyazı aklını kaçırıyor lol,mutluluk,sevgi,0.9036,goemotions_tr
"familyası:tazelik,doğa   alt familyası: meyveler,çiçekler,amber.",mutluluk,nötr,0.9036,winvoker
"ürünü alırken yorumları çok okudum her kullanan övmüş ama hiç birinde yazmayan şey bu 3. resmin gerçek olup olmadığıydı, resimdeki gibi elinizi bastırıp çektiğinizde öyle bir şekil oluşmuyor.nedeni içindeki visko oranının düşük olması. onun dışında şekil itibariyle boynunuza oturuyor, normal yastıkdan daha iyi bir uyku keyfi veriyor",üzüntü,mutluluk,0.9035,winvoker
ürünün kullanımı genel olarak dik durabılmesıde bır avantaj yalnız özellıkle kullanıma dikkat etme gerekıyor çünkü plakaları çıkmadığından temızlenmesi zor oluyor ama fıyat olara bu fıyata alınabılecek bır urun,üzüntü,mutluluk,0.9034,mteb_product
bunlarin hepsi yasanmis... hepsi gerçek!.,üzüntü,mutluluk,0.9034,mteb_movie
Çocuklarda bit kontrolü yapın!,nötr,sevgi,0.9034,goemotions_tr
ürün güzel ama kumandanın boyutu biraz büyüyor,mutluluk,üzüntü,0.9033,winvoker
Yanlış yanlış lü oylama olacakmış yasin gider yarın,mutluluk,üzüntü,0.9033,winvoker
teknik verilerimi saklamak için aldım fakat film arşivim içinde alıcam sanırım birtane. tek eksi yönü altında ayaklarının bulunmaması.,mutluluk,üzüntü,0.9033,winvoker
alalı bır ay olmadı daha saat bozuk sureklı ılerı alıyor kendını gunluk 25 dk bileklik olarak kullanmak isteyenlere tavsiye ederim ama :),üzüntü,mutluluk,0.9032,winvoker
Ürünün paketi açık şekilde elime ulaştı.,üzüntü,mutluluk,0.9032,winvoker
Ortaya çok problem çıkabilir .,nötr,korku,0.9032,winvoker
"Ally'e geçtim ve bayıldım. %2,2 faiz oranı harika",mutluluk,sevgi,0.9031,goemotions_tr
"Evet, yapabilirsin. Bunu yapan insanları tanıyorum. Belki senin şehrinde yapmamışlardır? Bölgeler arasında değişiklik gösterebilir.",nötr,şaşkınlık,0.9031,goemotions_tr
ürün oldukça kaliteli tavsiye ederim. kötü yanı arkasındaki lastik tam ortada ve tek parça böyle olması da koltuğa iyi tutunabilmesini önlüyor özellikle büyük koltuklara takıldığında  lastik zorlanıyor.,mutluluk,üzüntü,0.903,winvoker
[NAME] her iki durumda da [NAME]'e hâlâ kızgın.,nötr,öfke,0.903,goemotions_tr
"kapakla firin arasindaki lastik fitil ilk kullanimda elimde kaldi, çünki o kadar basit bir şekilde yapilmiş ki anlatamam şöyle köşelerde birleşme noktalari var ve yapiştirici ile onlara tutturulmuş. satana kadar dayansin yeter diye düşünmüşler sanirim",üzüntü,mutluluk,0.903,mteb_product
2002'de mezun oldum ve [NAME] 2. dönemle biten tarih kitaplarım vardı. Harika öğretmenlerim vardı ama berbat materyallerim vardı.,korku,gurur,0.903,goemotions_tr
Amblemi hilal içinde güldür .,nötr,sevgi,0.9029,winvoker
"Bu, Wilpons'ların bizim sahibimiz olmasından mutlu olan tek bir zavallının bile olmaması umudumdur.",mutluluk,sevgi,0.9028,goemotions_tr
Gördüğüm Arcade kulübü mü? Orayı çok seviyorum!,mutluluk,sevgi,0.9027,goemotions_tr
Kesinlikle bir kurşundan kurtuldun. Ayrılmak kötü bir şey olduğu için üzgün olabilirsin ama kesinlikle bir kurşundan kurtuldun.,nötr,sevgi,0.9026,goemotions_tr
"oldukça kullanışlı ve dik saklanabilmesi sayesinde fazla yer kaplamıyor. 3-4 adet tostu aynı anda yapabilmeniz mümkün. ancak, termostat düğmesi oldukça basit ve üzerindeki değerler tam yerine oturmuyor. plastik kalitesi fazla değil. genel olarak, fiyatına göre oldukça başarılı ve kullanışlı. ekonomik bir makina almak isteyenlere tavsiye ederim.",üzüntü,mutluluk,0.9026,mteb_product
Umarım 'polis' filmi gibi hayal kırıklığı yaşatmaz... haluk bilginer ve özgü namal tartışmasız çok iyi oyuncular.,üzüntü,mutluluk,0.9026,winvoker
"İnsanların karma adına böyle çılgın, asılsız suçlamalar ortaya atmaya bu kadar istekli olmaları beni biraz üzüyor.",üzüntü,öfke,0.9026,goemotions_tr
"bu kitabı moskof cariye hürremden sonra okudum.olaylar onunla hafiften bağlantılı zaten.onun kadar vurucu olaylar yok belki ama mihrimahın o saflığı,temizliği ve mimar sinanın aşkı okumaya değer...",üzüntü,mutluluk,0.9025,mteb_product
KDVT'den uçmak mı? Orada uçmayı seviyorum.,mutluluk,sevgi,0.9025,goemotions_tr
[İSİM]'in nihayet kendilerine bakamayan bebekler olduğunu kabul ettiğini görmek beni mutlu etti.,mutluluk,sevgi,0.9024,goemotions_tr
[İSİM]'in insanları öpme biçiminden nefret ediyorum. Sanki yüzünü dudaklarına 8 rakamı çiziyormuş gibi. Ugh,öfke,tiksinti,0.9023,goemotions_tr
"kargo bedava olarak almıştım, kargo firması eve kadar teslim etmek için para talep etti, vermedim,",mutluluk,üzüntü,0.9022,winvoker
kıl tüy için ideal yoksa tüm evi temizleyim derseniz,mutluluk,üzüntü,0.9022,winvoker
bence serinin en iyisi ve güzel bir kapanış filmi.filmin ses ve görüntü efektleri çok güzel. sadece efekler için bile bu dvd alınır. sürükleyici bir aksiyon. ama terminatör 2 ye biraz daha bağlı kalabilirlermiş.,üzüntü,mutluluk,0.9021,mteb_product
"ürün yazlık kullanıma göre malzeme kalitesi çok yüksek değil, ve yazlık ince kaymaz yabanlı...",mutluluk,üzüntü,0.9021,winvoker
kurulum klavuzunu yetersiz ve yanlış yönlendirmeli buldum.yanlış yönlendirme kolların ilk olarak oturulan kısma monte edilmesi tarif edilmiş bence kollar önce sırta sonra oturulan kısıma monte edilmesi tarif edilmeliydi.ne demek istediğimi kurarken daha iyi anlayacaksınız.eksik kısım ise amortisörün üstünde gelen plastik kapagın montajla alakası olmadığı belirtilmeliydi.bunu anlayana kadar 2-3 kere söküp söküp geri taktım.diger bir eksiklik ise amortisör korumayı ilk önce takmadan ve oturmadan önce mutlak suretle takılması belirtilmeliydi.çünkü agırlıgınızı verdiğiniz anda kilitleniyor vede geri çıkaramıyorsunuz.bu yüzden mulaka koruma hemen takılmalı.buda klavuzda bir diger eksik yön. .geriye dogru yatırabiliyorsunuz ama sabitleyemiyorsunuz.(amortisörü yukarı aşagı kaldıran kolu içe dogru ittirin ve de yaslanın o kadar)bence klavuz eksikliğine ragmen verdiğiniz parayı sonuna kadar hak ediyor.gerçekten süper...,mutluluk,üzüntü,0.9021,winvoker
Hangisi? Podcast'lerini beğeniyorum ama neden birçok insanın beğenmediğini de anlayabiliyorum hahaha,mutluluk,şaşkınlık,0.902,goemotions_tr
"Bu filmin bu kadar ilgi görmesinin nedeni bence finali,hiç beklemediğim bir finaldi.Kadınların başına gelen herşeyin sorumlusunun erkekler olduğu görüşünü savunan filmde;bu görüşe rağmen,Thelma karakterinin B.Pitt in oynadığı karakterle geçirdiği gecenin sabahında,ağzı açık ve sürekli sırıtarak dolaşması ise manidar.",mutluluk,üzüntü,0.902,winvoker
ürün 1 günde geldi . battaniye kalınlığında vakumlu naylon içindeydi paketi açınca 2 saat içinde yatılabilir hale geldi. gerçekten çok rahat ve güzel bir ürün fakat bende sabahları ve gün içinde bel ağrısı yaptı. çok direndim ama yaklaşık 20 gün kullandıktan sonra ürünü iade etmek zorunda kaldım . bütün aşamalarda hepsiburada ailesi gerçekten çok yardımcı oldu alın deneyin derim. sonuçta 1 ay deneme süresi mevcut sağlık sorunuyla karşılaşmazsanız vazgeçemezsiniz eminin .,üzüntü,mutluluk,0.902,winvoker
ben izlediğim diğer filmleri esaretin bedeline göre yorumlarım...,mutluluk,üzüntü,0.902,winvoker
"Hayır, çünkü buna gerek yok. Bu bir ""Herkesin"" sorunu.",nötr,öfke,0.902,goemotions_tr
"Evet, bunun hiçbir anlamı yok. Bu, başka bir borsada kullandıkları bir cüzdan ve size para göndermek için kullanıyorlar.",nötr,öfke,0.9019,goemotions_tr
bilindik stallone filmlerinden bir farki yok ama seksenlerin basindan doksanlarin ortasina kadar sinemaya damgasini vurmus aksiyon yildizlarini bir arada görmek güzel..,üzüntü,mutluluk,0.9019,mteb_movie
Kayıp gönderinizi gördüm ve bebeğinizi bulmanızı umuyorum! Yüreğinizin acısından dolayı üzgünüm,üzüntü,sevgi,0.9018,goemotions_tr
"Tamam, tamam. Ben genelde alt sınıra daha çok odaklanırım çünkü insanların ""millennials""ı ""gençler""in eşanlamlısı olarak kullanmasından nefret ederim.",mutluluk,öfke,0.9017,goemotions_tr
Çıkık bir diz tekrar yerine oturtulduğunda çok acı verir ama hemen sonrasında kendini çok daha iyi hissedersin.,mutluluk,sevgi,0.9017,goemotions_tr
Netflix gençlik dizisi afişi değil,mutluluk,öfke,0.9017,winvoker
"kullanışı çok basit, yorgunluğu alıyor en azından..",mutluluk,üzüntü,0.9017,winvoker
"[İSİM] veya [İSİM]'in aksine, bu ölümcül olayın ona hiç yakışacağını düşünmedim.",nötr,öfke,0.9016,goemotions_tr
Dürüstlüğü takdir ediyorum,mutluluk,sevgi,0.9016,goemotions_tr
"Marquis tam anlamıyla bir asil unvanı değil, gerçek adı değil mi? Modern gençlik için asil olmanın adil bir beklenti olduğunu düşünmüyorum.",öfke,şaşkınlık,0.9015,goemotions_tr
Eğer bu adamın adı [İSİM] ise onu tanıyorum.,mutluluk,şaşkınlık,0.9015,goemotions_tr
"Yeter ki hepsi yetişkin olsun, benim için fark etmez.",nötr,sevgi,0.9015,goemotions_tr
bende bu makinadan aldım resim kalitesi çok güzel fakat ürünün yanında vaad edilen 4gb hafıza kartı ve çantası içinden çıkmadı tüm hepsiburada.com müşteri hizmetleri bir ay geçmesine rağmen dönüş bile yapmadı büyük firma diye güvenmeyin müşteri hizmetleri çok çok zayıf!!!!,mutluluk,üzüntü,0.9014,winvoker
Katılıyorum. İçeriği ve başlıktaki yanıtlar açısından talihsiz ve acımasız.,tiksinti,öfke,0.9014,goemotions_tr
Bir inçin değerini gerçekten anlamıyorlar değil mi?,nötr,şaşkınlık,0.9014,goemotions_tr
[NAME]'in süresinin dolduğu ve sizlerin de battığınız için bunun pek de önemli olmadığını düşündüm,öfke,şaşkınlık,0.9014,goemotions_tr
Vay canına! Bir yılda 4 yeni harita! Çok şanslı!! 2017'de bf1 için 10+ harita almışız gibi değil..,mutluluk,şaşkınlık,0.9013,goemotions_tr
"efsanenin en dramatik ve vurucu filmiydi nedeni duygusal çünkü sondu bu film bir daha böyle bir film gelirmi imkansız filmi size tek bir cümleyle anlatayım, sinema tarihinin en iyi filmi sinema tarihinin en fazla hasılat gerçekleştiren ikinci filmi ama bence birinci olmalı çünkü titanic çok berbat bir film o hasılatı da oscar rekorunu da hak etmiyor.kralın dönüşü 11 de 11 yapan ilk ve tek film toplam aldıgı ödüllerin toplamı 201 i geçiyor bu da sinema tarihinin en fazla ödül alan filminin hangisi oldugunu ortaya koyuyor.üçlemeyi izlemeyen varsa hayatının hatasını yapmış demektir.",mutluluk,üzüntü,0.9012,winvoker
4chan'daki insanlara söylemelisin. Bunu unutmana yardımcı olacaklar.,mutluluk,sevgi,0.9012,goemotions_tr
Yalnız değilsin dostum,nötr,sevgi,0.9012,goemotions_tr
arka freni sökünce mil büyük geliyor ve oynuyor,mutluluk,üzüntü,0.901,winvoker
"Dogma 95 manifestosu cıkalı tamı tamına 12 yıl olmus, bu manifestonun ideolojisinin kurucularından Lars von Trier 'dogmatizm' yalamıs bir sürü film çekmis. Karanlıkta dans ile Altın Palmiyeyi almıs &quot;Cannes&quot; da ama hiçbir filmi dogville kadar konusulmamıs, konusulmuyor. Neden mi? Kuskusuz bir yıl önce oscar almıs akademinin taze gediklisi Nicole Kidman ın filme takviyesi olsa gerek. Lakin daha önemli mevzular var filmde doğal afet-yetenek dengesini sağlamıs Kidman dan baska. Filmin mekansal kurgusunun 'minimum dekor-maksimum oyunculuğa' sonuna kadar izin veren potansiyeli mi, alt metinlerinde aranacak din den tutun 1930 amerikan buhran dönemi tabanlı ama sorunu tüm insanlık için evrensel Etik-Ahlak ikilemi mi, filmin sonunda belki inanılmaz bir 'katharsis' yasanıp bireysel ahlak kavramımızı tekrar sorgulatan 'ahlak anlayısımız mı , hele hele kibrin en büyük günah olduğu gerceğini 'affetmet de bir kibirdir' seklinde rolleri değistirip bizleri ters köseye yatıran mı bu filmi bu kadar büyüleyici ve çarpıcı kılan??? &quot;Lars von Trier sinemasına kayıtsız kalamazsınız . Ortası yoktur bu adamın&quot; klisesinden güç alarak kendimden emin bir sekilde diyebelirim ki bu adamı sevip sevmemek umrumda değil. Nefret de etsen, basyapıt statüsüne de çıkarsan karsında var olan sey gayet 'nitelikli'. İzlemek, deneyimlemek, 'hocam cok uzun cok sıkıcı' diyememek gerek, eğer sinemasever olmak istiyorsak. En azından bu adamın bu filmi için bu rahatlıkla söylenebilir.... 8.9/10",mutluluk,üzüntü,0.901,winvoker
ürünü yeni kullanmaya başladim fakat bu kadar can acittigini tahmin etmemistim.yorumlarda fazla acitmiyo diyo ama ben 1. kademede bile dayanamadim,mutluluk,üzüntü,0.9009,winvoker
Tabak kek sana *hiçbir* şey yapmadı dostum,nötr,öfke,0.9009,goemotions_tr
"Alfabe hakkında her şeyi biliyor musunuz? Hangi harfin kaçıncı sırada olduğunu mesela? İşte bu filmin şifresi: 11 / 28 / 14 Çözersiniz bi ara. Çünkü benim mecalim kalmadı artık... KiNG değil, MuCK size...",üzüntü,şaşkınlık,0.9009,winvoker
"""Bir daha bana dokunursan seni öldürürüm."" Son İzci'nin Avustralya'ya *gelmiş* olması beni gerçekten çok şaşırttı.",öfke,şaşkınlık,0.9009,goemotions_tr
"yıllardır kullandığım üründen farklı renkte geldi ortası pembe ve fırçaları da farklı,  seride değişikliğe gidilmiş olabilir - yadaa :)",mutluluk,üzüntü,0.9008,winvoker
ÇOK DOĞRU!!,mutluluk,öfke,0.9008,goemotions_tr
Bunun sadece 2K'da mümkün olduğunu düşünüyordum.,nötr,şaşkınlık,0.9008,goemotions_tr
"Evet, bu daha önce burada paylaşılmıştı ama harika bir video. Tekrar tekrar izlemek için bir YT oynatma listesine kaydettim ve lol",mutluluk,sevgi,0.9007,goemotions_tr
Sen okumuş barbarsın,üzüntü,öfke,0.9007,winvoker
"Bir takım eksikliklerin göze çarptığı bir film olmakla birlikte yaşanan bunca şeyi 2 saatlik bir filmde anlatmaya çalışmak zor bir iş ve başarıyla altından kalkılmış. Zaten güzel olan filmden ziyade yurtdışındaki Türk okullarında öğretmenlerimizin fedakarlıklarla dolu hayatı, yaşatma ideali :)",mutluluk,üzüntü,0.9007,winvoker
Sahip çıkmak en büyük sevgi belirtisidir,mutluluk,sevgi,0.9007,winvoker
Oradan birkaç arkadaşım var ve orası da çok güzel bir ülke.,mutluluk,sevgi,0.9006,goemotions_tr
Benim gibi Yüzüklerin Efendisini bekleyen biriyseniz ve boş zaman öldüriyim fln diosanız gidin bence. Filmin sonu için herkes süpriz dedi. Ama gerçekten umduğum şey diilmiş sonu;) zaten o tempoda unutuyosun sonunu fln. Son olarak çok çok güsel bi film diil ama sonu için değer;),mutluluk,üzüntü,0.9005,winvoker
Dv çünkü bu eğlenceli köpekler,nötr,sevgi,0.9005,goemotions_tr
2 ayi gecmeden bozuldu kulaklik tebrikler samsung iyice adi mal üretiyosunuz👏,üzüntü,mutluluk,0.9005,winvoker
kuaförümde rastladığım bir markaydı ..etap 3200 ile kuaförümde kendi kendime çok güzel fön çektim internetten araştırınca yeni modelin çıktığını gördüm alacakken yenisini alayım dedim ..cihaz çok güzel çok kaliteli ama aşırı güçlü üflediği içinmidir nedir bilmiyorum artık saçıma istediğim şekli veremiyorum..alacaksanız düz modelini tavsiye ederim..utanmasam kuaförüme götürüp bunu verip eski modelini bana verirmisin diyeceğim..,üzüntü,mutluluk,0.9004,winvoker
Başarabilirsin!!!,mutluluk,sevgi,0.9004,goemotions_tr
"İyi baba, manipülatif oğul.",mutluluk,sevgi,0.9003,goemotions_tr
Bunları duyduğuma sevindim.,mutluluk,sevgi,0.9003,goemotions_tr
"Şeytanın avukatlığını yapmaya çalıştığını biliyorum ama [NAME], [NAME] kadar iyi vuramıyor",nötr,öfke,0.9003,goemotions_tr
"Lol ben her zaman topluluk önünde konuşmayı tercih ederim (""ama bunu daha iyi yapmaya çalışıyorum!!"").",mutluluk,sevgi,0.9001,goemotions_tr
[NAME] evrime inanıyor ve şapka sadece sen öyle dediğin için ırkçı değil. Trollemeyi bırak.,nötr,öfke,0.9001,goemotions_tr
Is It True?,nötr,şaşkınlık,0.9001,winvoker
TOP YALAN SÖYLEMEZ.,nötr,öfke,0.9001,goemotions_tr
"çocuklar için saat olarak kullanılabilir ,",üzüntü,mutluluk,0.9,winvoker
"Çocuğum yok, bozuk bir fırınım var. Evliliğim dağıldığında bu bir lütuftu.",mutluluk,sevgi,0.9,goemotions_tr
İki yüzlü şerefsiz,üzüntü,öfke,0.9,winvoker
valla siparis hizlica geldi. ama sakin buyuk hayaller kurmayin. ufak bisey. gerci olculer yaziyo tabi. tam olcu. urunden yana problem yok kurulumu kolay ama bu olcude almayin derim. daha buyuk seylere bakin,üzüntü,mutluluk,0.8999,winvoker
"kulaklık kalitesi iyi fakat kablosu daha sağlam yapılabilirdi (örgü kaplama vs), hor kullanılırsa kablo kısmı kolayca deforme olabiliyor.",mutluluk,üzüntü,0.8999,winvoker
tek eksi yanı bence üstten yem koyduğumuz kapağın gevşek olması..,mutluluk,üzüntü,0.8999,winvoker
öyle çok  bir beklenti içine girmeyin arkadaşlar. sıradan bir ürün ev işlerinizi görmek için yeterli. kalite olarak iyi bence. daha profesyonel düşünen arkadaşlara tavsiye etmem.,mutluluk,üzüntü,0.8998,winvoker
Diyelimki evli oldugunu biliyordu diyelimki gezmeyi cok seviyordu okulunu bile bitiremiyordu o yuzden eeee ne oldu simdi o kiz hala masum hala sucsuz o adam hala psikopat kimse sizin istediginiz gibi yasamak zorunda degil,mutluluk,üzüntü,0.8998,winvoker
"+makinadan bulaşıkları iyi yıkamasını bekliyorsanız  elhak bu işi çok iyi yapıyor. +programları uygun. +enerji seviyesi a, burda b diye yanlış yazılmış. +ses seviyesi birçok pahalı makinadan daha düşük. +servis 1 numara, arçelik.  -malzeme kalitesi ""idare eder"". -sepetler sabit yapıda, şekil değiştirilemiyor. -program aşaması takibi sadece lambalardan görülebiliyor, zaman anlaşılamıyor.  sonuç: bu fiyata asıl işlevini çok iyi yapan bir makina alıyorsunuz, ama ek özellikler ve malzeme kalitesi de fiyatına göre.",üzüntü,mutluluk,0.8998,mteb_product
kaşık bebekler için ideal rahatlıkla kavrayabiliyor,üzüntü,mutluluk,0.8998,winvoker
"Bakın Islanders bize iyi bir şut atmamıza izin vermedi, şeytan savunması böyle yapsın",nötr,öfke,0.8996,goemotions_tr
Şarkı ne seksi ne de abartılı .,nötr,öfke,0.8996,winvoker
çikolata istiyorum bir sürü çikolata,mutluluk,sevgi,0.8996,winvoker
Tekrar. [İSİM]'in bu değerlendirmesi konusunda ciddi olmadığımı söylediğim yorumumu okuyun.,nötr,öfke,0.8996,goemotions_tr
Gerçekten silahlarımı balık tutmaya götürmeyi bırakmalıyım. Onları kaybetmeye devam ediyorum!!! :(,üzüntü,öfke,0.8995,goemotions_tr
"Önemli olan şu ki, 13 yaşında hiçbir çocuk mükemmel değildir ve başına kötü şeyler gelir, bu onların yanlış seçimler yaptıkları için ölmeyi hak eden aşağılık insanlar oldukları anlamına gelmez.",üzüntü,öfke,0.8994,goemotions_tr
Orada ne gördüğünü ben de görüyorum.,mutluluk,şaşkınlık,0.8994,goemotions_tr
"Şimdi arkanıza yaslanın ve göğüslerinizin gelmesini bekleyin. Bir öğünde çok fazla fitoöstrojen var, uzun sürmemeli.",nötr,sevgi,0.8994,goemotions_tr
Ah o eski pelvis kırıcı,nötr,öfke,0.8994,goemotions_tr
Belki de Mercury bir diva olarak geldiği şekilde gitmeye kararlıydı .,nötr,şaşkınlık,0.8993,winvoker
hafta sonu izledim basrol oyuncusunun karakterle tam örtüstügünü söylemem fakat genel itibariyle iyiydi.bilinen bilgiler üzerinden kurgulanmis.daha detayli ögrenmek isterseniz tarihçe-i hayati isimli eserini okuyabilirsiniz.saygilarimla...(benden )....,üzüntü,mutluluk,0.8992,mteb_movie
kimliksiz holigan ! beşiktaşli bir reklam sevdalısı son dakikalarda üzerinde m united montuyla sahaya atladı güvenlik görevlileri onu güçlükle sahadan çıkarttı ersan ne yapıyorsun diye sitem etti tribünler de küfürlü şekilde sahaya giren holigana tepki gösterdi üzerinden kimlik çıkmayan bu kişinin provakasyon için sahaya girdiğini belirten beşiktaş yönetimi davacı oldu,nötr,üzüntü,0.8992,ttc4900
Ve sevdiğin insanın acı çektiğini görmekten zevk almıyorsun. Amin canım!,sevgi,öfke,0.8992,goemotions_tr
OSU'yu bir şekilde yenmek lol,mutluluk,sevgi,0.8992,goemotions_tr
bu adam tam bir pislik,öfke,tiksinti,0.8992,goemotions_tr
"Yani söylenecek bir sey yok kitabı okuyan okumayan herkes filmi çok beğendi, tek eksiği 3 film bile kitapları anlatmaya yetmedi 5 film olsa emin olun yine yetmeyecekti, arşive koyulacak film",mutluluk,üzüntü,0.8992,winvoker
WOOO!!! Hadi oğlum!!! İyi iş!! Bu büyük bir kilometre taşını tamamladın ve HAYATTA KALDI! Harika!!!,mutluluk,sevgi,0.8991,goemotions_tr
çeşmeye bağlanan kısım vidalı çamaşır makinesi bağlantısı ile aynı. gerek tabancanın bağlantı yerinden gerekse çeşmenin bağlantı yerinden ciddi su kaçırıyor. ben o noktaları teflon bant sararak hallettim (sıvı contada olabilir). hortum kalitesinide zamanla anlıyacağız. ama kısayıp uzama özelliği gerçekten hoş. küçücük poşete koy kaldır.,üzüntü,mutluluk,0.8991,winvoker
aldım fakat özelliklerinde yazdığı gibi klavye aydınlatmalı değil,mutluluk,üzüntü,0.8991,winvoker
teşekkürler philips,mutluluk,sevgi,0.899,winvoker
"Lmao Bu apaçık bir yalan, geçen yıl Amerikan polisleri tarafından öldürülen kişi sayısı 1000'e ulaşırken, siviller tarafından öldürülen polis sayısı 52",mutluluk,öfke,0.899,goemotions_tr
xiaomi silindir şeklinde olandan kullanıyordum kaybedince kampanyadan bunu aldım.en sevmediğim şey kulaklığın ön yüzünün komple düğme fonksiyonu olması ki cebinizde bazan kendi kendine araba yapar.bunun çizgili kısmının bir noktası sadece tuş fonksiyonunda ve tatlı bir sertliği var.kendi kendine arama yapmaz cebinizde.açma kapama düğmesi ise bir hayli sert.çıkıntılı olması sağa sola takılıp kendi kendine açılır kapanır endişesi oluşturmuştu ama bir hayli sert açılıp kapanıyor.müzik dinlerken ses tuşları şarkı atlatma özelliğine sahip.tiz ağırlıklı sesler veriyor ama geriden kontrbasın sesinide duyabiliyorsunuz.stereo olsa çok güzel müzik dinlenir.konuşma sesi gayet net gidiyor karşıya ama konuşan kişinin sesi tarif edemeyeceğim bir toklukta geliyor.yumuşak bir ses değil desem belki karşılık gelir demek istediğime.plantronics 100 ilk kulaklığımdı çok soft bir konuşma sesi duyuyordum bunda ses çok çok anlaşılır net ama tok bir ses.birde maksimum seste kulaklığın içindeki bildirim yapan kadın konuşurken inceden hoperlör cızırdıyor gibi ama konuşma ve müzikte yok.,mutluluk,üzüntü,0.899,winvoker
"izledikten sonra ne yorum yapmak gerektigini sasirip, 5dk susup dusunmenin en mantikli cozum olduguna kanaat getirilen film.",mutluluk,üzüntü,0.8989,winvoker
aracınızda cila varsa (ki benimkinde var) test ettim.,üzüntü,mutluluk,0.8989,winvoker
Bir süre içine kapanık ve fazla utangaç kaldı .,nötr,utanç,0.8989,winvoker
**** Bu tür filmlerden nefret ediyorum ****,üzüntü,tiksinti,0.8989,winvoker
ürün güzel ama işçiliği biraz kötü gibi. çalışırken içinde kıvılcımlar gözüküyor. ama bu paraya gayet iyi iş görüyor.,mutluluk,üzüntü,0.8988,winvoker
alirken endiselerim vardi boyutu tasima kapasitesi vs konularda 130 kg yim esneme bile olmadi diger magazalarda denedigim urunler bukadar saglam degildi 24 saatde elime gecti alin pisman olmazsiniz,mutluluk,üzüntü,0.8987,winvoker
"Daha çok gülüyorum, bunu yapmam gerektiğini hissediyorum ama bacağımı yeni kaybettim bu yüzden...",mutluluk,sevgi,0.8987,goemotions_tr
arkadaslar abartmayin yaa o kadar abartilacak bir film degil.finali acayip tahmin ediliyor.bumu yani sok final.benim aklimda kalanlar sadece ilizyon gösterileri olacak.iyi seyirler..,mutluluk,üzüntü,0.8987,mteb_movie
fi̇ber nete uygun değilmiş son anda fark ettim geri gönderdim fiyatı ve yorumları iyiydi,mutluluk,üzüntü,0.8985,winvoker
kurban olun o flamingolara hepiniz  toplansanız bir tanesi etmezsiniz,mutluluk,üzüntü,0.8985,winvoker
kullanmadan farkını anlayamzsınız,mutluluk,üzüntü,0.8984,winvoker
olumlutemplke otel için sallamıslar otel böyle kötü yemekler böyle kötü hepsi koca bir yalan hayatımda yediğim en lezzetli yemekler evet her yemeği bende yemedim her yemek bana göre yapılacak olsa kımı tavuk sevmez kımı balık herkesın zevkıne göre yemek olmaz burası  yıldızlı bir otel fazla secenek yok tabiki normal olarak ama zeytinyağlı çeşitlerine salata çeşitlerine kimse laf uzatmasın bir harika şefe sonsuz teş ellerine sağlık herşey dahillerde genelde içecekler ucuz markalarda ama burda coca cola ürünleri bira efes şarap sevilen buz ve sodada var ordaken şahit oldum memnun olmayana müdür baktı anlatamıyor kalan paranızı geri verebilirim dediği müşterinin yok yanlış anladınız kıvırtmalarına şahit oldum milletimizde sorunlu insan çok karalamak tan zevk alıyorlar memnun müşterininde tadını kaçırıyorlar eşimle tam bir aile ortamında tatil yaptım tam bir aile ortamı hakıkaten bana sorarsınız hiç ama hiç tereddüt etmeyin derim tekrar bu harıka tatılçin tulay hanıma çok teşekkürler,mutluluk,üzüntü,0.8982,winvoker
Eğer tekrar sağlam bir kiralama merkezi bulursak belki.,nötr,sevgi,0.8982,goemotions_tr
Yaaaa kaç yaşındasın hala masal :D,mutluluk,şaşkınlık,0.8982,winvoker
Yani maddi imkânı olanlar için ücretsiz.,mutluluk,nötr,0.8981,goemotions_tr
şuana dek bir amiral gemi aldığınızda illaki bir şeyi eksik olurdu. bataryası güçlü olsa arttırılabilir depolaması olmazdı. arttırılabilir depolaması olsa işlemcisi zayıf olurdu. i̇şlemcisi güçlü olsa ısınırdı. isınmayan işlemci bulsan güçsüz olurdu. kiminin kamerası zayıf olurdu. hepsi olsa su ve toza dayanıklı olmazdı.,mutluluk,üzüntü,0.8981,winvoker
Bunun çılgınca olduğunu biliyorum ama işe yarayacağını ve muhtemelen anlayacaklarını düşünüyorum,mutluluk,şaşkınlık,0.8979,goemotions_tr
Haha hiç farketmedim bile. Kalıyor.,mutluluk,şaşkınlık,0.8979,goemotions_tr
mıknatısı çok güçlü fakat yine de kullanamadım..tek camlar için ideal olabilir,mutluluk,üzüntü,0.8978,winvoker
36 günlük su faturamı takdimimdir. İstanbulu Ekrem beye verenlerden hanginiz ödemek istersiniz?,mutluluk,şaşkınlık,0.8978,winvoker
FBI!! AÇIN!!!,nötr,öfke,0.8977,goemotions_tr
Dünyadaki en güçlü insanlar kimlerdir diye sorsalar; kendi başının çaresine bakmayı öğrenmiş kadınlardır derdim.,mutluluk,şaşkınlık,0.8977,winvoker
otelden genel anlamda memnun kaldik yemekler özellikle kapali bira ve şişe kola olmasi bizi epey şaşirtti tabi çok kalabalik bir otel ama biz sikinti çekmedik jolly turdan hiç memnun kalmadik onu ayrica yazacam,mutluluk,üzüntü,0.8977,winvoker
"Yani ezici kanıtlarla karşı karşıya kalmana rağmen, iki katına mı çıktın? Dostum",nötr,şaşkınlık,0.8977,goemotions_tr
Kız böyle lanet bir patron .,nötr,tiksinti,0.8977,winvoker
artıları: dışarıda rüzgar olmadığı bir günde ufak tefek boya işleri yapılabilir.,üzüntü,mutluluk,0.8977,winvoker
"ürün diğer aldığım ürünlerden önce geldi. 2 adet aldım. koltuğunj arkasına yapışan bir şerit ok. aksine cırtlı şerit filenin üstünde ve koltuğa tutturuyorsunuz. koltugunuzun arka yüzeyi cırt yapışkana uygun değilse kendi kendine düşebiliyor. bir arkadaşımın arabasında denedim.onda bendeki sorun olmadı , bu seferde filenin güçlü lastiği sebebiyle kendi kendine çıktı. eğer sabitlemeyi başarırsanız , kullanışlı bir ürün.",üzüntü,mutluluk,0.8976,winvoker
prima kullanıyordum. yorumlara bakarak ve tabiki hediyelerin de payı var 4 numara huggies aldım. prima kadar kuru kalmıyor. sık değiştirmek gerekiyor.,üzüntü,mutluluk,0.8976,winvoker
Kötü haberleri hafife almadığını tahmin ediyorum. Üzgünüm dostum :/,üzüntü,sevgi,0.8976,goemotions_tr
Ve hepimizin bunun deathcore olduğu konusunda hemfikir olmamıza sevindim.,mutluluk,sevgi,0.8976,goemotions_tr
"2 musluk bir havuzu 9 saatte dolduruyorsa, sevgilisi ile kavga etmiş bir kızı en yakın arkadaşı kaç saatte doldurur?",mutluluk,şaşkınlık,0.8975,winvoker
Ve bazılarımız yalnızlık duygusuyla karşılaşmamak için önce ölmeyi ister.,nötr,sevgi,0.8975,goemotions_tr
"Çünkü yoksulları cezalandırmak, hepimiz refah içinde olduğumuz için Kalma yönünde oy kullanmaları gerektiği yönündeki argümanları satın almamalarının nedeniydi.",nötr,öfke,0.8974,goemotions_tr
orta kalite bir ürün fakat fiyatı mükemmel,mutluluk,üzüntü,0.8974,winvoker
"ürünü 2 ay önce aldım. malzeme kalitesi muadili olan diğer çelik gövdeli çaycılara göre iyi. maximum çizgisinin üstünde su doldurursanız, kaynarken fokurdayarak atıyor. buna dikkat edin. fişte takılı unutursanız korkmayın, suyu bitmese bile tahminim 2 saat sonra otomatik olarak kapanıyor. suyu minimumun altına düştüğünde de belli bir süre sonra kapanıyor.",üzüntü,mutluluk,0.8974,winvoker
bir de şişirip gonderseler iyi olacak.,mutluluk,üzüntü,0.8973,winvoker
cihaz ıslakken üzerindeki kaydırmaz sayesinde elinizde rahatça kontrol ediliyor fakat üzülerek söylemeliyim ki başlığı kilitleyen düğme için aynı şeyi söyleyemeyeceğim. aslında bir kaydırmaz yapılmaya çalışılmış fakat sadece çalışmakla kalınmış sanıyorum sonuç olarak başlık kilidi açıp kapatmakta biraz uğraşabilirsiniz. birde üst eleğin olduğu başlıkta eleği ve bıçağı koruyacak koruyucu bir kapak bulunmamakta .. bu da dezavantajları arasında gösterilebilir.,mutluluk,üzüntü,0.8973,winvoker
Çok farklı bir konu.Sıkılacağımı düşünmüştüm ama çok güzeldi...Sonu çok farklı...,mutluluk,üzüntü,0.8973,winvoker
Eğer bakmama alışkanlığı varsa bunu daha önce de yapmış olabilir.,nötr,şaşkınlık,0.8973,goemotions_tr
"demem o ki bu kargo şirketinin bana yaptıkları bir değil iki değil, hatta benim çalıştığım şirket yurt içinin çok fazla problem çıkarmasından dolayı sözleşmesini iptal etti ve başka kargo şirket ile çalışıyorlar. varsa opsiyonunuz yurt içi kargoyu seçmeyin.",mutluluk,üzüntü,0.8972,winvoker
Pro Bowl formaları sattıklarını bilmiyordum.,nötr,şaşkınlık,0.8972,goemotions_tr
"Aslında filme yeterince yorum yapmış biri olarak yorum yapma gereği duymamıştım ki,'Her şeyimizi alabilirler ama özgürlüğümüzü asla' bu cümlenin geçtiği o sahnenin komik olduğunu düşünenler için bir kaç söz söylemek istedim.Orda anlatılmak isteneni nasıl anlamışlar acaba'tabii filmi izlerken bulundukları ruh hali de önemli(Film için)...Orda olaylara her iki açıdan da nasıl bakıldığı anlatılıyor.Yıllarca savaş kaybetmediklerini söyleyip,bununla gurur duyan ve yanlarından bile geçilmeyen İngilizler ile tüm hakları elinden alınmış ki hatta evlenme hakkını gasp etmek için eşlerine el konulmuş İskoçlar’ın mücadelesine komik demek gerçekten de ilginç...(sözlerim kesinlikle kişisel satışma değildir.)Spor sevenler mutlaka bileceklerdir.Tenniste servis kullananların topa özel vuruşları vardır bunlardan biri de (aces)’tir ki buna rakip oyuncular karşılık veremez ve puanı aces yapan oyuncu alır.İşte sinema için ben bu filmin aceslik bir film olduğunu düşünüyorum ve izlemek isteyenlere tavsiye ediyorum.",mutluluk,üzüntü,0.8972,winvoker
Evet. Orada katılıyorum. Bunun tam olarak ne olduğunu bilmediğini sanıyordum :p,nötr,şaşkınlık,0.8971,goemotions_tr
normalde filmler için bu en iyi film demek saçma bir tabir olur ben de böyle düsünenlerdenim yada öyle düsünenlerdendim taki bu filmi izleyyene kadar izleyin ne demek istedigimi znliyacaksiniz.,mutluluk,üzüntü,0.8971,mteb_movie
"Humm, aboneliğimi iptal etmemden sadece birkaç gün sonra. Ama beni tekrar geri çekemezsin r/Murderedbywords!",üzüntü,öfke,0.8971,goemotions_tr
evde daha çok prizim olmadığı için üzgünüm. sponge bob ve ekxtra uzay temalı stickerlar için de teşekkür ederim :),mutluluk,sevgi,0.897,winvoker
Güzel. Eğlenceyi sabırsızlıkla bekliyorum.,mutluluk,sevgi,0.897,goemotions_tr
"kulakiçi kulaklık kullanabilen,i bunu tercih edenler için iyi bir f/p ürünü,mükemmel bir kulaklık değil ama bu fiyata alınabilecek en iyisi . ben mp3 çalar için kullanıyorum ve memnunum.",üzüntü,mutluluk,0.897,mteb_product
kesinlikle sızlanıyorum dostum,mutluluk,öfke,0.897,goemotions_tr
ürün gerçekten bu fiyata efsane performans veriyor bütün oyunları açıyor kamerası zayıf ve 8 gb hafızada yetersiz,mutluluk,üzüntü,0.897,winvoker
Aman Tanrım bu mükemmel bir fikir! Açıkçası takipçi olayından kaçınmak istiyorum ama basketbolu seviyorum ve anlıyorum bu yüzden bu mümkün görünüyor,mutluluk,sevgi,0.8969,goemotions_tr
keske finaLde smigoL oLmeseydi... fawori kahramanimin atesLerde yanmasi cok canimi yakti...,mutluluk,üzüntü,0.8968,winvoker
Bu tuhaf bir şekilde görkemliydi.,mutluluk,nötr,0.8968,goemotions_tr
"bu filmi izleme sebebim kate backinsale'di ama izlerken geren heycanladiran bir filmdi, begendim.. ama sonu biraz saçma olmus yani kan kaybi denen bi olay var sonuçta, burda pas geçilmis :s.",mutluluk,üzüntü,0.8968,mteb_movie
"Afroyu daha büyük yapın ve mükemmel bir şaheser olacak. 10 üzerinden 9,9 puan",mutluluk,sevgi,0.8968,goemotions_tr
Belki OP Fenix PD35 boyutunda bir şey istiyorsa Streamlight Strion? Kendim kullanmadım ama iyi şeyler duydum.,mutluluk,şaşkınlık,0.8967,goemotions_tr
yaa filmin konusunu anlamakta zorlanıo insan ikide bir herşey deişyor we filmin hızına yetişemiyorsn we bunun için bnm 2 defa izlemem gerekti ama anladm film saçma diil güzeldi ashton kutcher çok ii performans göstermiş,mutluluk,üzüntü,0.8967,winvoker
">dış kaynaklı bağımsız yüklenici Dostum, [İSİM]'in bu kelimeleri bilmesi mümkün değil.",nötr,öfke,0.8966,goemotions_tr
Militarist filmlerden hiç hazzetmem.1 puan çok bile.,üzüntü,öfke,0.8966,winvoker
Oğlum siz üzülmeyin diye çırpınıyoruz burada.,mutluluk,sevgi,0.8966,winvoker
cok kotu degil ama kamera sabitleyici vb diger cihazlara gore,mutluluk,üzüntü,0.8966,winvoker
ürün çok kali̇tesi̇z bi̇r ürün saman gi̇bi̇ dağiliyor yani̇ kali̇tesi̇z sunta çok pi̇şman oldum.,üzüntü,mutluluk,0.8965,winvoker
ayna ve çok küçük dış ve iş camların silinmesi için ideal bir ürün. yalnız ürün çok küçük işlevi sadece küçük camlar lütfen bunu dikkate alın.,mutluluk,üzüntü,0.8965,winvoker
sıradışı bir türk romanı. henüz okumaya yeni başladım. karakterler arasındaki diyaloglar türk dizilerindeki replikler gibi. onun dışında hikaye güzel. istanbulun tarihini romanın  içinde öğrenmek keyifli.,üzüntü,mutluluk,0.8964,mteb_product
lastikleri jantlar tan dolayı devamlı iniyor,mutluluk,üzüntü,0.8963,winvoker
"Evet bu bir yeniden paylaşım, aynı paylaşımı birkaç ay önce farklı bir subreddit'te görmüştüm",mutluluk,şaşkınlık,0.8963,goemotions_tr
"Belki de HOKEY!!!! demek istediklerini düşünmüştür. ""Hokey pokey"" gibi. Lol",mutluluk,şaşkınlık,0.8963,goemotions_tr
tam bi komedi... :D,üzüntü,mutluluk,0.8962,winvoker
Lol dinciler fötr şapkaları berbat!,mutluluk,öfke,0.8962,goemotions_tr
. şarjı 1gün gidiyor,mutluluk,üzüntü,0.8962,winvoker
Gerçeklikten kaçınmanın bir yolu. Kişilik önemli değil. Sadece görünüş.,nötr,öfke,0.8961,goemotions_tr
Beklediğim gibi olmadı ama...orada iyi şanslar!,nötr,sevgi,0.8961,goemotions_tr
"Evet, yeterli para yok",mutluluk,öfke,0.8961,goemotions_tr
daha önce kullandığım telli dosyalara nazaran daha ince bir plastikten yapılmış.,üzüntü,mutluluk,0.8961,winvoker
"Lindt premium bir marka, buna şaşırmadım.",nötr,şaşkınlık,0.896,goemotions_tr
fi̇yatina göre ancak bukadar olur dedi̇rten bi̇r ürün,üzüntü,mutluluk,0.896,winvoker
Absürd bir fantastik komedi.Tim Burton'ın kendine özgü sinemasının en iyi ve kuşkusuz en başarılı filmlerinden.Kült bir Tim Burton filmi...,mutluluk,üzüntü,0.896,winvoker
4. turda da eğlendim. Oğullarım iyi oynadı. Kaybettik. Kabul ediyorum.,mutluluk,sevgi,0.8959,goemotions_tr
Bu daha çok evetevetyesyesmeh'e benziyor.,nötr,tiksinti,0.8958,goemotions_tr
Önce diplomanı al.,nötr,sevgi,0.8958,goemotions_tr
"Neden bunu çekici bulacağımı düşündüğünden emin değilim, en iyi ihtimalle bir aferin hak ediyor",mutluluk,şaşkınlık,0.8956,goemotions_tr
Bu konuda kişisel olarak saldırıya uğradığımı hissediyorum. Biz iyi insanlarız... : (,mutluluk,öfke,0.8956,goemotions_tr
"[İSİM] oynamayı seven biri olarak, FML.",nötr,sevgi,0.8956,goemotions_tr
Her kesime destek oldunuz Sayın Bakanım Allah razı olsun bizlerde Konut Kredilerimize Yapılandırma bekliyoruz,mutluluk,sevgi,0.8955,winvoker
Bu tam olarak aklıma gelen ilk örnekti hahaha,mutluluk,şaşkınlık,0.8955,goemotions_tr
yardımsever dörtlü onun ayağa kalkmasına yardımcı oldu!,nötr,sevgi,0.8955,goemotions_tr
Aptal başından beri bu karar bakanlar kurulunundu istendiği zaman camiye çevrilebilirdi ne gözyaşı,üzüntü,öfke,0.8955,winvoker
Aman Tanrım rattolar en iyisi değil mi <3,mutluluk,şaşkınlık,0.8953,goemotions_tr
"ürünü seg48snb8500 tv'im için aldım, uzatma kablolu standı ile kullanmayınca hakikaten bağlantı problemi oldu, sanırım manyetik bir sorun oluşuyor direk arka tarafa takınca. standı ile kurulumu sorunsuzca yaptım, takılma donma yapıyor yorumlarının bence wifi ile alakası yok, sorun smart tv'lerin henüz yeterli stabiliteye ulaşmamış olması, flash desteği olmadığı için zaten online film izlemek zor. bu cihazı daha çok cep telefonu ile bağlantı kurmak, bazı kanalların online içeriklerine anında ulaşmak gibi alanlarda kullanmak için alabilirsiniz, standart wifi alıcıları tv tarafından desteklenmiyor, bu ürüne mecburuz yani, sonuç olarak tavsiye ederim, güzel çalışıyor.",mutluluk,üzüntü,0.8953,winvoker
1.sınıf ürün daha iyisini görmedim,mutluluk,üzüntü,0.8952,winvoker
bu parfümü kullandıktan sonra hiçbir parfümü beğenmez oldum. kalıcı ve ağır kokuları sevenler düşünmesin. eskaza biyerde kokusunu alsam kullananı içten içe kıskanıyorum. bide fiyatı uygun olsa:(,mutluluk,üzüntü,0.8951,winvoker
dün geldi oyun. daha oyunun kurulması için 16 gb'lık usb bellek yetmedi.,mutluluk,üzüntü,0.895,winvoker
Yani sadece bu pantolonların bağlamında o yanlış değil,mutluluk,öfke,0.8948,goemotions_tr
Uhh...garip bir esneklik ama tamam mı?,öfke,utanç,0.8948,goemotions_tr
Bu video komik ama her izlediğimde videoyu çeken adamlara ve küçümseyici yorumlarına çok sinirleniyorum!,mutluluk,tiksinti,0.8948,goemotions_tr
gözümdeki tek eksi yanı contrast'ın beklediğim gibi olmamasıdır.,mutluluk,üzüntü,0.8948,winvoker
"Hayır, ne yazık ki kendisine kötü bir ekip verildi ve hak ettiği son şansı asla elde edemedi :(",üzüntü,öfke,0.8948,goemotions_tr
sadece metal kasa oldugu ıcın bu kadar para verılmez bu telefona.ozellıklerı hızı e5 le aynı nerdeyse.vede yarı yarıya nerdeyse.,üzüntü,mutluluk,0.8948,winvoker
hayır aq çocu aseksüel değilim sadece senle sikis sokus muhabbeti etmek istemiyorum,üzüntü,öfke,0.8947,winvoker
"bebegimiz dogmadan once magaza magaza gezip bebek arabasi arastirdik, forumlarda onlarca tavsiye okuduk. en sonunda piyasada tanidik bir markanin pahali bir modeline bilmem kac bin lira verdik. araba tank gibiydi, agir ve kullanmasi oldukca zordu. acip kapatmasi iri bir adam olan esim icin bir cok zordu. olsun ne yapalim onemli olan bebegin rahati dedik ama... bebegim o pahali arabanin 45 derece koltugunda surekli kemerle oturmaktan nefret etti. yatmaktan hic hoslanmayan ve oturmayi seven bir bebekti ama pahali arabalarin koltugu genelde en dik konumda bile belli bir derecede yatik oluyordu. aracin ağ kismi yoktu ve mecburen kemer takmak zorundaydik. parkta kenarda durup cocuklari izlerken bile takmak zorunda oldugumuz kemeri cekistirerek hep agliyordu. bu yeni arabayla birlikte bebegim resmen ilk defa normal bir bebek arabasina bindi. saatlerce sesi cikmadan oturuyor. cok rahat, cok hafif, cok kolay acilip kapaniyor. simdi diger sekmeleri kapatin ve hemen bu modeli alin. herkese gonul rahatligiyla tavsiye ediyorum.",mutluluk,üzüntü,0.8946,winvoker
Gerçekten harika bir eser,nötr,mutluluk,0.8945,goemotions_tr
"Ne? Bu en son büyük meme, iğrenç değil",şaşkınlık,tiksinti,0.8945,goemotions_tr
"renkler hakkında oyun haricinde biraz dezavantajı var, çok fazla beyaz ışık saçıyor ve gözleri rahatsız ediyor.",mutluluk,üzüntü,0.8945,winvoker
"Güzel yabancı, onlarla konuşmama gerek kalmadı",mutluluk,öfke,0.8944,goemotions_tr
"Yapabilirim ama birkaç ay oldu, bu yüzden bir tane yapman gerekecek",nötr,sevgi,0.8944,goemotions_tr
Bu filmi izlerken eğlenmemeniz için hiç bir neden göremiyorum :) 9/10,mutluluk,üzüntü,0.8942,winvoker
"fiyatına göre oldukça iyi diyebilirim. 4 kişilik bir aileye bile yetebilir. buzluğu iyi, alt taraf biraz yavaş soğutuyor. ama soğutuyor",üzüntü,mutluluk,0.8942,mteb_product
ama kargo asaması bıraz uzun surmekte.,mutluluk,üzüntü,0.8941,winvoker
"Üzgünüm, babamın bana davranış biçiminden dolayı sesimde biraz burukluk vardı. OP'ye yönelik değil. Ben yanlışım.",üzüntü,utanç,0.894,goemotions_tr
kralını tanımam olay budur baba......,mutluluk,üzüntü,0.8939,winvoker
"Sadece inşa et, lol.",nötr,sevgi,0.8938,goemotions_tr
"The Office'ten [NAME]'in sesiyle ""Yanlış. Kimseyi *Pinlemedin*""",nötr,öfke,0.8938,goemotions_tr
HAHAHAAHHHAHAHAHAHAHAAAAAa hayır,mutluluk,öfke,0.8937,goemotions_tr
Buradaki bazı insanların yankı odalarını bozmamızdan hoşlanmadıkları anlaşılıyor.,nötr,öfke,0.8936,goemotions_tr
kazanlı ütüm arızalandığında yedek olarak evde bulunması için almıştım. kazanlı ütü ile kıyaslamam mümkün değil tabi ama kendi kategorisinde idare eder. teslimat çabuk oldu.,üzüntü,mutluluk,0.8935,winvoker
"Bu, iletkenler ve metalin neden bu kadar iyi bir iletken olduğu hakkında bir çocuk bilim projesi için harika olurdu",mutluluk,şaşkınlık,0.8935,goemotions_tr
"Elbette olabilir, ancak bilgi doğruysa o zaman bilgiyi suçlayamazsın",nötr,öfke,0.8934,goemotions_tr
hepsi buradadan aldığım sünger suyu gayet güzel tutuyor.çok yumuşak fakat yıpranma süresi kısadır ben iki tane aldım.bir tanesini yaklaşık 2 aydır kullanıyorum.yıpranmaya başladı.bu fiyata bence işinizi görür.,üzüntü,mutluluk,0.8934,winvoker
ürün elime sorunsuz ulasti ama koku konusunda biraz git gellerdeyim sanki fazla kalici degilmis gibi,mutluluk,üzüntü,0.8934,winvoker
teşekkürler hepsi burada ????,mutluluk,sevgi,0.8933,winvoker
"Bu filmi güzel yapan anlattığı olay, verdiği mesajdır.Beğenmeyen arkadaşlara şöyle birşey söylemek zorundayım; bu film dövüş sahneleri için izlenecek bir film değil.Önemli olan fikirler...Fikirlere kurşun işlemez...",mutluluk,üzüntü,0.8933,winvoker
"İlkini daha çok beğenmiştim ama bu da gayet iyi, yine sürükleyici yine heyecan ve gerilim dolu bir macera. Kesinlikle izlemeye değer, bu serinin devamı gelecek gibi görünüyor (7,5/10)",üzüntü,mutluluk,0.8931,winvoker
hayatımda izlediğim en güzel bilimkurgulardan biri bence oscar bu filme layık değil oscar üstü bişeyler verilmeli,mutluluk,üzüntü,0.893,winvoker
Hepsi bu kadar değil,nötr,öfke,0.8929,goemotions_tr
Zombie Panic!,nötr,korku,0.8929,winvoker
sipariş ederken markadan yana tanınmamış olduğu için önyargılarım vardı.,mutluluk,üzüntü,0.8929,winvoker
ürün harika sadece sesli görüşme yetersiz,mutluluk,üzüntü,0.8929,winvoker
"olumsuz bir kaç yanı da var bence. birincisi, kamerası. fiyatına göre iyi diyenler olabilir belki ama, ama ışıklı ortamlarda bile kumlu çekim yapıyor, yine de 10 üzerinden 6 kalitesinde bence. i̇kincisi ise, telefonda bir başlatıcı (launcher) ve uygulama çekmecesi olmaması. tüm programlar yüklendikten sonra ana ve yan ekranlara yükleniyor, çok app olduğunda bulmak zor olabiliyor, ancak klasör oluşturmayı desteklediğini söylemeliyim. kişiselleştirme imkanı oldukça kısıtlı. ancak nova veya go launcher gibi bir başlatıcı kurulması durumunda daha iyi bir deneyim sunuyor, ama bunun da pil ömrüne olumsuz etkisi var. üçüncü olarak, telefon şu anda bir türlü root'lanamıyor. eğer bunu düşünüyorsanız, hayal kırıklığına uğrayabilirsiniz. son olarak, ana ekranın altındaki kapasitif menü tuşlarının arka plan aydınlatması yok, karanlıkta kullanım biraz alışmayı gerektiriyor. unutmadan bir de uyarı led'i yanıp sönmüyor, bildirim durumunda yalnızca yanık kalıyor ve özelleştirme yapılamıyor.",mutluluk,üzüntü,0.8928,winvoker
ürün mükkemmel ancak şarj göstergesi olmaması kötü şarj a takıyorsun ne olduğu bellibile değil,mutluluk,üzüntü,0.8927,winvoker
"Daha önce de yorum yazmıştım ama sayfayı ziyaret edince dayanamadım. Filmin belki de en farklı yönü, devam filmi şeklinde gelişiyor olmasıydı. 1 yıl öncesinde yaşanan olaylara dayanan senaryosu, sanki o olayları anlatn bi film varmış da biz de onun devamını izliyormuşuz hissi veriyordu. Belki de gerçekten, prequelı olmayan bi devam filmidir... Kevin Williamson’a sormak lazım!",mutluluk,üzüntü,0.8927,winvoker
TL sıralamaları hiçbir şey ifade etmiyor ve birlikte sıraya girebilecek kişilerin kaç lig uzakta olabileceği konusunda sıralama kısıtlaması getirilene kadar da ifade etmeyecek.,şaşkınlık,öfke,0.8927,goemotions_tr
"Uzak doğu sinemasını bana sevdiren film ben abartı sevdim eğlendim ağladım gerçek bir fillm bence dövüş sanatının efsanevi yönlerini görme fırsatı buluyor seyirci aşk çok etkileyici, dövüşler çok etkileyici, hikaye çok etkileyici filmden güzel dersler de çıkıyor bi kere daha izleyeceğim",üzüntü,mutluluk,0.8927,winvoker
Knk engel atıyo ejusieiwie,mutluluk,üzüntü,0.8926,winvoker
Hepimiz genç ergenler gelgit kabukları yemiyoruz Annem üzülürdü,üzüntü,öfke,0.8926,goemotions_tr
[NAME]'in kötü durumda olması bizim için her şeyi mahvediyor,nötr,tiksinti,0.8926,goemotions_tr
ürün çay makinesi ile geldi ve iş yerinde arkadaşlarla ortak kullanıyoruz. biraz hızlı pişiriyor kahveyi ama üstündeki düğme sayesinde açıp kapatarak daha yavaş pişirmesini sağlıyorum. memnunum.,üzüntü,mutluluk,0.8926,mteb_product
ancak kargolama biraz gecikti,mutluluk,üzüntü,0.8925,winvoker
arkadasimla izledigimde çocukça demisiti.... kim buna çocukça derki??bence muhtesemdi .,üzüntü,mutluluk,0.8925,mteb_movie
Bu flime ne yorum yazılabilir ki russel crowun oyunculuguna mı flimin akıcılıgına senoryonun akıcı ve sağlam olmasına mı yoksa bunun gerçek olmasına deyinim bu flim kesinlikle bir Başyapıttır.10/10,mutluluk,üzüntü,0.8925,winvoker
öncelikle 86 cm değil 68 cm bunu belirtelim alacaklar ona göre alsın ürünün çelik kısmı iyi fakat kilit kısmı kaliteli değil bisiklet için ideal fiyatına göre alınabilir.,mutluluk,üzüntü,0.8924,winvoker
- klavye eğiliyor. bildiğin eğiliyor. ayakları masaya tam basmayıp oynuyordu geldiğinde. karşılıklı iki köşesinden bükerek düze getirdim o şekilde kullanıyorum. düz zeminde kullanın her zaman.,üzüntü,mutluluk,0.8924,winvoker
Güzel. Bir dahaki senede gelmeyi düşünüyorum.,mutluluk,sevgi,0.8924,winvoker
Ah salak kalbim,mutluluk,öfke,0.8924,winvoker
kate winslet ın oyunculugu cok iyi ve filmi de kurtaran bu bence. zaman zaman film cok duraganlasıyor ancak yine de sıkılmdan izlenebilecek bir film.,üzüntü,mutluluk,0.8924,mteb_product
"ne olduğunu, ne olabileceğini gözünüze soka soka anlatmış (çevirimden kaynaklı da olabilir). çok kitap okuyorsanız okunabilir, zamanınız kısıtlıysa başka kitaplara yönelmenizi tavsiye ederim.",üzüntü,mutluluk,0.8924,winvoker
temizlemesi çok basit. tam benim gibi tembel işi.,mutluluk,üzüntü,0.8923,winvoker
hb saticili alin hic dusunmeyin daha guvenilir bi firma yok!!,mutluluk,üzüntü,0.8923,winvoker
keçeli fareler öldürdü beni yaaa hele o sincapp kopaıyo zatenn o olmasa filmin tadı olmazz :),mutluluk,üzüntü,0.8921,winvoker
sadece ses seçenekleri az. onun dışında  tamamen amacına yönelik,mutluluk,üzüntü,0.8921,winvoker
ama takim kaybediyor,mutluluk,üzüntü,0.8921,winvoker
[NAME] için bunun iyi bir son olacağını düşünmüyorum,nötr,öfke,0.892,goemotions_tr
"İlginç bir durum. Aslında güçlü ve harika bir kadını destekliyorsun, ama seni gören herkes senin sadece kadın düşmanı bir psikopat olduğunu düşünecek.",mutluluk,şaşkınlık,0.892,goemotions_tr
Eşinizin tırnakları çok güzel!,mutluluk,sevgi,0.8919,goemotions_tr
Çalışan elemanlardan dolayı tavsiye etmem. Biraz fazla lakayitler.,mutluluk,üzüntü,0.8919,winvoker
"Çok komik bir film! Yalnız orjinal VCD'deki dublaj berbat, Robert De Niro alışılmış dışında biri tarafından seslendirilmiş ve filmin bütün büyüsü gitmiş. TV'deki dublaj çok daha iyiydi.",mutluluk,üzüntü,0.8918,winvoker
performans bakimindan cok iyi ama dayanıklılık o kadar iyi degil. ben cok arastirdim performans olarak gayet guzel gerisini de dusunmeyin??,mutluluk,üzüntü,0.8918,winvoker
Benim için önemli olan mikrodalgada bir dakika kırk beş saniyede pişen konserve siyah fasulyeleri ne kadar sevdiğim.,mutluluk,sevgi,0.8917,goemotions_tr
"""Senin gerçeğin"" diyene kadar seninleydim. Öyle bir şey yok dostum. Bu sadece diğer yönde yanlış propaganda.",nötr,öfke,0.8916,goemotions_tr
filmi kelebek etkisine benzettim ona benzer bir konusu var. filmi neden bu kadar abarttıklarını anlamadım . bu kadar mukemmel bir film değildi,mutluluk,üzüntü,0.8916,winvoker
Eğer kızını gece kulübüne götürürse bu biraz uygunsuz olur.,nötr,tiksinti,0.8916,goemotions_tr
bu adamlar doğal korkunç derim:)ve süper demesem de insanı zıplatan ve akılda kalıcı sahneleri var.hem kimin aklına gelir ki ;gırtlaktan çıkarılan bir sesin bu kadar korkunç olabileceği?bizim gelmez .ama onların gelir:)akabinde bu filmden sonra yüz kez aranıp aynı efekten tekrar tekrar tırsmışımdır:) izlenir.,üzüntü,mutluluk,0.8916,winvoker
Şaka amaçlı bir şaka ve genellikle diğer insanların takım ihtiyaçları ve benzeri konulardaki bakış açılarını eleştirmekten kaçınırım.,mutluluk,öfke,0.8916,goemotions_tr
Makine gayet güzel ama kargo berbat 15 gunu aştı öyle geldi siz hesap edin,mutluluk,üzüntü,0.8915,winvoker
Aynen öyle lol,mutluluk,sevgi,0.8915,goemotions_tr
"Evet, çünkü bir faturayı zamanında ödememek çocukları öldürmekle eşdeğerdir.",mutluluk,korku,0.8915,goemotions_tr
Ahlak ve namus deyince sadece kadından konuşan herkes ahlaksız ve namussuzdur | Frida Kahlo,üzüntü,öfke,0.8915,winvoker
"Çalışmayı bırakın, GM şirketiyle çalışıyor, ABD şirketiyle neden olmasın.",şaşkınlık,öfke,0.8914,goemotions_tr
"Aslında bunu gerçekten çok beğendim Düzenleme: Güzel ayakkabılar da, yeniden satış fiyatlarından çok rahatsızım ًںک”",öfke,sevgi,0.8913,goemotions_tr
ŞİMDİYE KADAR DUYDUĞUM TEK SÖYLENTİ ARAMA FONKSİYONUNUN VAR OLUP OLMADIĞIYDI. UYARI: VAR.,mutluluk,öfke,0.8913,goemotions_tr
Ben özellikle Elisabeth Shue'ya bayıldım. Aşık rolünü çok iyi oynuyor. Gerçekten aşık olduğunda nasıl oluyordur kimbilir. Macera filmi olarak da gayet iyi. (7/10),üzüntü,mutluluk,0.8913,winvoker
i̇çinden kılıf çıkmıyor,mutluluk,üzüntü,0.8912,winvoker
Ne kadar da aptal bir adam lol,mutluluk,öfke,0.8912,goemotions_tr
başka yere gerek yok. satıcı belli ürün belli.,mutluluk,üzüntü,0.8912,winvoker
Ben de öyle hissettim. Mümkün olabilir ya da zemin engebeli.,mutluluk,şaşkınlık,0.8912,goemotions_tr
Wonderlic puanı [NAME]'den 25 puan yüksek ama [NAME]'den 17 puan düşük. Sanırım öyle/öyle.,nötr,şaşkınlık,0.8912,goemotions_tr
daha önce hep nokia marka kulaklık kullandım onlardan bir farkını ve eksikliğini söylemek isterim. kapsama alanı dışına çıkıp kulaklık telefon bağlantısı kesildiğinde nokialar bağlantıyı tekrar otomatik olarak sağlıyor. bunda ise bu yok telefon üzerinden yeniden bağlamanız gerekiyor. bunun dışında çok güzel özellikleri güzel bir görünümü ve ses kalitesi var.,üzüntü,mutluluk,0.8911,winvoker
insan filmin sonunda bi karakteri daha ne kadar iyi anlayabilirr filmin sonundaa o polisle daha fasla özdesemezdimm ifademm tambirr hayy ananııı ifadesiydiiiii isleyeli bayaa oldu ama o panodaki isimler vss ve o kurguyuu düsündükcee gercektenn vay anasınııı,mutluluk,üzüntü,0.891,winvoker
Derslerimde alegorinizi kullanmamda bir sakınca var mı? Mükemmel.,mutluluk,şaşkınlık,0.891,goemotions_tr
sonaxin urunlerinden memnun kalmamak mumkun degil zaten.cilayi siyah renk aracima uyguladim.parlatmasi ve sonrasinda kaygan bir tabaka birakmasi guzel.fakat cizik gidermesi zayif.,mutluluk,üzüntü,0.891,winvoker
iyi sayılır fena değil. şimdilik bunu kullanıcaz.,mutluluk,üzüntü,0.8909,winvoker
"tek eksiği, ekranı kılpayı kapatıyor.",mutluluk,üzüntü,0.8909,winvoker
Psikiyatristlerin terapi yapabileceğini bilmiyordum. Zamanları bir terapiste kıyasla gerçekten kısıtlı oluyor.,nötr,şaşkınlık,0.8908,goemotions_tr
İyi ki tek ben değilim.,mutluluk,sevgi,0.8907,goemotions_tr
Bu adam benim yakınımda yaşıyor. Lisedeki tüm sınıf arkadaşlarım onun büyük hayranları ve ona hayranlık duyuyorlar.,mutluluk,sevgi,0.8907,goemotions_tr
ben başlarken aman bu kitap nasıl bitcek diye hesap yapıyodum hediye geldi ayıp olur okumazsam diye sonra ilk başlarda öyle bir sardıki kitap sonra hediye eden kişiye fikrimi söylediğimde aynı şesin kendisinede olduğunu söyli,mutluluk,üzüntü,0.8906,winvoker
"Filme gitmeyi düşünen arkadaşlar varsa kesinlikle para harcamasınlar. Ama Türk sinemasının en güzel çekim açılarını, değişik geçişleri kısaca teknik yönünü izlemek isteyenler gidebilirler. Çünkü çok güzel teknikler kullanılmış.",üzüntü,mutluluk,0.8905,winvoker
Bu oteli ben beğenmedim.,üzüntü,öfke,0.8905,winvoker
gitsem gidemem kalsam kalamam şaştım bu işe,mutluluk,üzüntü,0.8904,winvoker
Kötü olandan bizi koru .,nötr,sevgi,0.8904,winvoker
Daha garip şeyler de oldu.,şaşkınlık,tiksinti,0.8903,goemotions_tr
"[NAME]'in hokey konusunda garip bir şekilde daha dindar olduğunu buldum, bir sebepten dolayı. Belki de bu bir doğrulama yanlılığıdır.",nötr,şaşkınlık,0.8903,goemotions_tr
ürünün dişinizi beyazlatmasını beklemek gerçekten anlamsız nasıl ki dişçide diş temizliği tartar temizliği yaptırıyorsunuz ürünün de beklentisi bu dişteki sigara çay lekelerini saniyeler içerisinde temizliyor.,mutluluk,üzüntü,0.8902,winvoker
"kargo ücretiyle birlikte malesef ucuzluğu pek birşey ifade etmiyor, işe yarar kalitede bir ürün",mutluluk,üzüntü,0.89,winvoker
bir kaç gün önce elime geçti. çekişini beğendim. daha önceki yorumlardan okuduğum gibi şarz kablosu daha doğrusu şarz sistemi çok başarısız ve hiç pratik değil.,mutluluk,üzüntü,0.89,winvoker
"Konu,Kurgu,efekt,oyunculuk her şey gayet iyiydi fakat Nolanın bize Memento ve Prestijde yaşatmış olduğu finallerin yanında İnceptionun finali çok sönük kalmış. Filmin başında vaad edilen fikri yerleştir çocuklarına kavuş olduğu gibi gerçekleşince açıkcası hayal kırıklığına uğradım. Çeşitli aletler yardımıyla farklı boyutlara bağlantı kurma,beden bir boyuttayken farklı bir boyuttta serüvene devam etme ,yavaşlatılmış aksiyon efektleri tüm bu saymış olduğum özellikler MATrix devriminin sinemaya kazandırdıklarıdır. Bize farklı ufuklar acan Walcowski kardeşler sayesinde sinemanın gelişen teknolojiyle bereber gelmiş olduğu noktayı hesaba katarsak İnceptionU cok da göklere çıkarmamk gerekir. Matrix ki kesinlikle sinema tarihinde bilim-kurgu aksiyon dallarında DEVrim niteliği taşıyan baş yapıt bile ,imdbden 8.7 alıyorsa; İnception Nolanın da popülerliğiyle bence abartılı bir puan almış. Evet gayet başarılı bir yapım ama asla Top 250 de 3. sıraya yerleşmeyi hak etmiyor çok çarpıcı bir finalle belki olabilirdi ama bu haliyle asla...",mutluluk,üzüntü,0.8899,winvoker
"De Light, 19 yaşındasın. Çocuklarını gelecek için biriktir.",nötr,sevgi,0.8899,goemotions_tr
"oldukça eski, 14 yaşındaki arabamın hava kanallarından ilk açıldığında toz kokusunu andıran bir koku yayılıyordu. temizlik sorunu olduğunu düşünerek bu spreyi aldım. kutudan çıkan gaz keskin bir kokuya sahip. dezenfekte edeceğini insana hissettiriyor.",mutluluk,üzüntü,0.8899,winvoker
"Aman Tanrım, bu sezon onun ve [İSİM]'in ikiz olması olayı kafamı öyle bir meşgul etti ki bunun [İSİM] ile ilgili olduğunu sanıyordum.",nötr,şaşkınlık,0.8898,goemotions_tr
ürün güzel fakat şu arkasındaki demir yer daha büyük olsa daha güzel olurdu. çok çabuk kaybolabilir,mutluluk,üzüntü,0.8898,winvoker
fiyat uygun kurulum kolay birde göründüğü ebatlarda çıksaydı minyatür kaldı tvnin yanında,üzüntü,mutluluk,0.8898,winvoker
Bu tür şeyleri bir hatırlatma olarak belgelemenin değerli olduğunu düşünüyorum. Bunu çocuklarınıza da yaparlardı. Hiç düşünmeden.,mutluluk,sevgi,0.8898,goemotions_tr
Lol tamam. Kendi kişisel ajandaları olan milyar dolarlık organizasyonlar gibi değiller. Tamam. Balonunuzun tadını çıkarın.,mutluluk,sevgi,0.8897,goemotions_tr
"Sanırım bahsettikleri ""Sihirli Mermi""yi bulduk.",nötr,şaşkınlık,0.8896,goemotions_tr
güzel bir film olduğunu tahmin ediyordm ama tahmin ettiğimden de mükemmeldi.selim erdoğan rolünü çok iyi yapmış gözleriyle oynamış yok böyle bişey ağlamamk elde değil..daha ilk sahnesinde tıkandm.final harikaydı çok ağladım.izlenilmesini tavsiye ediyrm.müziklerine diyecek bişey bulamıyrm.izleyin ve izletin..,üzüntü,mutluluk,0.8896,winvoker
"SAT'ye hiç girmemiş olanlarınız, kendinizi şanslı sayın.",mutluluk,sevgi,0.8895,goemotions_tr
çok süper bişey değil..  fiyatına göre uygun. ayağınızda hissediyorsunuz.  ne üşütüyor ne de aman aman sıcak tutuyor.,mutluluk,üzüntü,0.8895,winvoker
‘Artık yeter’ dedirtti! Çitleyene 61 lira ceza,mutluluk,öfke,0.8895,winvoker
Ebediyette görüşmek üzere!!!,nötr,sevgi,0.8894,goemotions_tr
Rabb'im sağlık sıhhat uzun ömürler versin inşallah,mutluluk,sevgi,0.8893,winvoker
Vay canına! Omurganın parlaklığına bak! Onu mükemmel bir şekilde idare ettin!,mutluluk,şaşkınlık,0.8893,goemotions_tr
"-1- ne yazık ki önceki telefonumda da olduğu gibi bazen kasıyor! whatsapp açıkken telefonla konuşmak, telefonla konuşurken internette gezinmek yada konuşurken şebeke giderse ekran donuyor! (bir haftada 4 kere oldu, ben de aynı anda 2-3 uygulama kullanmamaya özen gösteriyorum)",mutluluk,üzüntü,0.8893,winvoker
"İlk defa bu kadar iğrenç bir şey bitirdim. İçim öldü, teşekkürler.",sevgi,tiksinti,0.8892,goemotions_tr
bulgari man hiç fena değil şimdilik deneme aşamasındayım ayrıntılı yorum yaparım ileride.,mutluluk,üzüntü,0.8892,winvoker
Çok fazla derin düşüncelere dalmayın yoksa odak noktanızı kaybedebilirsiniz ama benim görüşüm bozulmadığı sürece bir sorunum olmuyor.,nötr,sevgi,0.8892,goemotions_tr
"merhaba uzun araştırma sonucu c7 aldım fakat iphone 6 plus kullanan biri olarak bazı konularda samsungun yetersiz kaldığını görmekteyim. kamera 16 mp olmasına rağmen resim kalitesi iyi değil yetersiz resmi büyüttüğümüz zaman dağılıyor çok ilginç. ekran resmî çekmek zor aynı anda 2 tuşa bastığınız halde bazen oluyor bazen olmuyor, rehber kayıt bölümleri zor ve karışık, watsap uygulaması ıphone kadar elverişli değil. ama bu eksikliklerine rağmen şık kibar bir telefon alınır mı alınır.",mutluluk,üzüntü,0.8892,winvoker
bir kez izlemeniz yetmez fight clubu. bir kez daha bir kez daha izlemeniz gerekir o ince ayrıntıları o filmin sırrını veren kareleri görebilmeniz için. zaten artık birkaç defadan sonra filmin sahelerini ezberliyosunz da o karelerdeki incelikleri yakalayabildiniz mi o önemli. sıradışı psikolojik hayali bir film. şimdi kim kim bu olanlar gerçek mi diyosunuz. bu filmi izledikten sonra su kaplumbağaları hediye etmişti bir arkadaşım adlarını marla ve tyler koymuştuk. tabii tyler gerçekte ben kimim ben kimin yansımayım diye kişilik karmaşasına girdi ve pek dayanamadı bu hayata...tamam iğrençti ama film çok güsel;),mutluluk,üzüntü,0.889,winvoker
"23 numara genel olarak iyi bir kimliğin arkasına gizlenmiş fakat, elinde sonunda geçmişiyle yüzleşmek zorunda olan ve yaptığı bir şeyin ( buna bütün insanlarda dahil ) yapmadım diyebilme güçünü anlatan bir film, kişi performfansları o kadar etkiliyi olmasada genel olarak konusu etkiliyici ama filmin nasıl gideceğini tahmin edebiliyorsunuz buda sürekliyici ama sıkıcı bir görüntüsü veriyo izlemeye değer..... hyltsvR",mutluluk,üzüntü,0.8889,winvoker
Yeni renkleri çok daha fazla beğendim. Eski renkler OWL'daki en kötülerden bazılarıydı.,tiksinti,sevgi,0.8889,goemotions_tr
fotoğraflardaki gibi bükülmüyor. ona göre karar verin. bu şekilde bükülebilmesi için bileklerinizin ve kollarınızın çok kalın olması lazım. böyle bileği olan bir insanın da bu alete ihtiyacı olmaz.,üzüntü,mutluluk,0.8889,winvoker
- manzarada hoşuma gitmeyen tek bir unsur kız kulesinin arkasındaki i̇stanbul silüetinde şehrin mânevî mührü olan minârelerimizin ve kubbelerin kesilmiş olması. ayasofyaya benzer tek bir câmi görülüyor o da tek minâreli. onun bari minâreleri tam olsaymış şehrin mâneviyâtını aslına  daha uygun yansıtacakmış.,mutluluk,üzüntü,0.8887,winvoker
"*i̇lk süpürmede temiz halıdan o kadar çok toz topladı ki, şaşırdım.",mutluluk,şaşkınlık,0.8887,winvoker
ekran kolay kolay nemlenmiyor. eski telefonumda çok çabuk nemlenip rasgele ekranda bir yerlere basıyordu.,mutluluk,üzüntü,0.8887,winvoker
"Biraz gergin olduğunu fark edebiliyordunuz, sanırım bu oyundaki oyun tarzının temel nedeni buydu.",mutluluk,korku,0.8887,goemotions_tr
Katılıyorum. Ben de bunlardan çok yedim ve her zaman bol dondurmaları oluyor.,mutluluk,sevgi,0.8886,goemotions_tr
"Vay canına, bu harika olabilirmiş gibi duruyor.",mutluluk,şaşkınlık,0.8886,goemotions_tr
"Evet, muhtemelen önce biraz yardım almalı ve geri dönmeden önce bir mola vermelisin.",mutluluk,sevgi,0.8886,goemotions_tr
"1980'de Boston ve Minnesota arasında kıyasıya bir mücadele yaşandı, ama altın madalyayı eve getirmek için birlikte çalıştık. Hoş geldiniz!",nötr,sevgi,0.8885,goemotions_tr
O zaman kendinizi evinizde gibi hissedeceksiniz!,nötr,sevgi,0.8885,goemotions_tr
film kendini izlettiriyor. efektler iyi.,üzüntü,mutluluk,0.8885,mteb_product
"Hemşire burada! Talep nedeniyle beni başka bir hastaneye, evet başka bir koğuşa, tamamen başka bir yere nakletmeleri mümkün değil!",nötr,öfke,0.8885,goemotions_tr
harika harika harika ne yalan söyleyeyim bu kadar basarılı bir film beklemiyordumjennifer lopez mükemmel bir oyunculuk sergilemişaslında oyuncuların hepsi harikaydı graice bile harikaydı jlopez oyunculuğunu gittikce iyiye hele bu filmden sonra mükemmel bir oyuncu oldu diyebilirimhakkaten film boyunca üstümde bir tedirginlik vardı yani insanı geriyor film gercek gibi sli(jlopez)tam benim istediğim kadın tipi cesur hırslı duygusal güzel film harika gidilecel keyifle gecirilecek 2 saatlik bir film son olarak filmde cala müziklerde mükemmeldi filmin soundtrackı varsa hemen bana lütfen özel mesaj yollayın,üzüntü,mutluluk,0.8885,winvoker
"Kurtarıcım: ""Öğrenci sayımız tek olduğundan, bu projede tek başına çalışmayı tercih eden var mı?""",nötr,şaşkınlık,0.8885,goemotions_tr
inanın önceden verdiğim paralara acıyorum,mutluluk,üzüntü,0.8884,winvoker
öyle abartılacak ses çıkmıyor pinpirikli olmaya gerek yok,mutluluk,üzüntü,0.8884,winvoker
"""[İSİM] ***KİM***?!!"" --Bayan [İSİM]",nötr,şaşkınlık,0.8884,goemotions_tr
dokunmatik ekran gayet iyi. dokunmatiği hassas. gps özelliği fena sayılmaz ama türkçe sesli yönlendirmesi yok. ürün macaristan yapımı. çin malı değil. arka kapak malzeme biraz kalitesiz. yukarı itilerek değil resmen tv kumandası açar gibi tırnaklarından açıyorsunuz. o biraz garip.,mutluluk,üzüntü,0.8884,winvoker
El freni zaten kilitlenmiş lastiklerin daha fazla kilitlenmesini sağlamayacak. Sadece söylüyorum.,nötr,öfke,0.8884,goemotions_tr
Belki de şov çifti olmak istiyorlar?,nötr,şaşkınlık,0.8884,goemotions_tr
"ürün reklamında aaa yazıyor ama, halı performansı c, sert zemin performansı a, toz yayma ise a performansına sahip. olumsuz bulduğum tek yönü tutma plastiği ile metal boru arasındaki esneklik, bu kadar güçlü çekiş sonrası sanki kırılacak gibi hissettiriyor.",mutluluk,üzüntü,0.8883,winvoker
Birkere renk asıl zaten ne şekle sokarsan sık değişmez güzelliği asaleti ama saçmak zorundaysam _,mutluluk,üzüntü,0.8883,winvoker
Odadan memnun kalmadım bina eski ve küçüktü ve havasızdı. Servis personel iyiydi. Genel olarak memnun kaldım tavsiye ederim.,mutluluk,üzüntü,0.8882,winvoker
islak kuru ozelligi de iyi ama her daim kuru tras daha iyi. kopuk surup ya da sakali islatip tras oldugunuzda sakal yumusuyor. bu da ondeki petekli kismin sakali kaldirmasini zorlastiriyor.,mutluluk,üzüntü,0.8882,winvoker
"Datça limanını bazen Carettalar ziyaret eder, ""evet hala temiz"" deyip yollarına devam ederler.",mutluluk,nötr,0.8882,winvoker
"kitabı aldıktan hemen sonra okudum, bir solukta elinizden bırakmadan okuyabileceğiniz bir kitap.bir bayan olarak,üzülerek tarifi mümkün olmayan duygular içinde okudum.okunmasını tavsiye ederim.",üzüntü,mutluluk,0.8881,mteb_product
çekim gücü çok çok iyi değil buna rağmen kesinlikle iş görüyor. temizlemeside kolay 2 filtre var birini yıkıyorum içerdekine dokunmuyorum. tavsiye ederim,mutluluk,üzüntü,0.8881,winvoker
[İSİM]. 45. ve Lamar. Biraz buzlu margarita iç. 17 kez evlendim. 2006'dan beri her bekarlığa veda partisini orada yaptım.,nötr,sevgi,0.8881,goemotions_tr
Bunu normal karşılamak gerek .,nötr,öfke,0.888,winvoker
ürünü 13 şubatta sipariş verdim elime 18 şubatta geçti.kurulumu çok basit yap boz misali.ürünle gelen yağ çerezlik.ürünü alacaksanız yağınıda sipariş edin.ürün ev kullanıcıları için iyi bir ürün fazla yer kaplamıyor.yanında verilen eşofman dandik.bisikleti iyi.tavsiye ederim.,mutluluk,üzüntü,0.8879,winvoker
"sesleri kesmiyor,azaltıyor. ayak sesi,yürüme sesi gibi şeyleri duymak istemiyorsaniz işinizi görür ama elektrik supurgesi,televizyon gibi sesleri kesmez azaltir,duymaya devam edersiniz. ayrıca kulağımın içini kaşındırıyor",mutluluk,üzüntü,0.8879,winvoker
düğün pilavı yağlı ballı teksir sıkılgan küçükayı,mutluluk,üzüntü,0.8878,winvoker
şarjını kablo ile yapamıyorsunuz ekstra kablo lazım yada kumanda pillerinden şarj oluyor o da kumanda pilini bitiriyor.,mutluluk,üzüntü,0.8878,winvoker
sert bir ürün ve diş kaşıyıcı için uygun değil fakat çıkardığı sesleri ve renklerini oğlum çok sevdi.,mutluluk,üzüntü,0.8877,winvoker
akusu cok cabuk isiniyor.....,mutluluk,üzüntü,0.8877,winvoker
"Öyle leş bir düzen var ki, benden sonra geleceklere iyi güzel bilgiler öğretip insanlığa faydalı olayım demek yerine rakip olarak görüyorlar.",mutluluk,öfke,0.8877,winvoker
"aralikta yurtdisinda vizyona giriyor, umarim bizde de ayni zamanda vizyona girer. ikinci kitabinin ardindan üçüncü kitabini bekliyoruz",üzüntü,mutluluk,0.8876,mteb_movie
bazı yorumlarda arkadaşlar ürünün işe yaramadığını söylemişler evet haklılar bende kullandım bir işe yaramadı. sonrasında satıcıdanda bilgi alamayınca araştırdım ve sonuca vardım. arkadaşlar..,mutluluk,üzüntü,0.8876,winvoker
"2 kitabı da okumuş 2 filmi de izlemiş biri olarak Melekler ve Şeytanları kitap olarak da film olarak da Da Vinci Şifresinden daha çok beğendiğimi söyleyebilirim.Bu filmde ilginç olarak senaryo ile kitap arasında bayağı farklar var.Kitapta olan bazı kişiler çıkarılmış olmayan bazı kişiler eklenmiş.Haşhaşin karakterini bence çok yanlış işlemişler.Filmde nasıl yaptıklarını en merak ettiğim bölümdü, kitapta Camerlengonun paraşütle,Langdonın paraşütsüz helikopterden atladığı bölüm.Bu bölüm kitabın da en saçma en komik bölümüydü.Senarist de öyle düşünmüş olmalı ki bu sahneyi daha akılcı bir şekilde değiştirmiş.Kitaptaki din ve bilim arasındaki çatışmayı anlatan önemli diyaloglar haliyle filmde çok kısa geçilmiş.Kadın oyuncu bence de iyi seçilmemiş.Kitabı okumayanların daha çok zevk alacağı, okuyanların da senaryodaki değişiklikleri izleyerek tat alabileceği bir film.7/10",mutluluk,üzüntü,0.8875,winvoker
"O altın tanga giyen, porno bıyıklı orospu çocuğuna mutlu yıllar!",nötr,sevgi,0.8874,goemotions_tr
"Piç oğlunu, [İSİM] bulana kadar bekle. Metresi [İSİM] tarafından doğuruldu.",nötr,öfke,0.8874,goemotions_tr
Ama o sadece İsrail karşıtı ve kesinlikle [İSİM]'den nefret etmiyor. /s,nötr,öfke,0.8873,goemotions_tr
"Ne desem boş, bu kadar millet bişey söylüyosa vardır bi hikmeti, sırf bu yorumların hatrına bile gidip izlenir bu film. Başka da birşey demiyorum..Not : Korsana Hayır",mutluluk,üzüntü,0.8873,winvoker
herşey iyi hoş da montaj şemasında kullanılacak parçalar yeterli anlatılmıyor. örneğin yuvarlak minik bir parça var onu tak diyor lakin o minik yuvarlağın bir tarafının kapalı olduğunu diğer parçayı geçirmeye çalışıyorken anlıyorsunuz. en az 2 kişi montajı yapın yoksa çooook zorlanırsınız.,mutluluk,üzüntü,0.8872,winvoker
"çok kibarlar öncelikle, işlerini ciddiye alan insanlarla iş yapmayı her zaman sevmişimdir.",mutluluk,sevgi,0.8872,winvoker
bu ikinci alışım ilkinin kokusu yoktu ve memnundum ama son aldığım bildiğiniz ilaç gibi kokuyor ve kokusu rahatsız edici. onun dışında artıları: parlatması çok değil ve koruması fena değil. toz tutmuyor uzun süre. bir daha alır mıyım diye sorarsanız hayır başka bir ürün bakarım.,mutluluk,üzüntü,0.8871,winvoker
Enes Batur Hayal mi Gerçek mi?,nötr,şaşkınlık,0.887,winvoker
"Ben de! Ve bunu onun sırtından attığı için o kadar mutluydu ki, gerçekten umurundaymış gibi görünüyordu.",mutluluk,sevgi,0.887,goemotions_tr
Keyfi olarak poo bitlerinden nefret ediyorum POO'mdan ÇIK,öfke,tiksinti,0.887,goemotions_tr
ya bu filme vasat yada iyi deil demek herhalde imkansız.bu kadar güzel senaryo piyasada pek az var bence.fazla uzatmaya ne gerek. ama bu filmi kaçırmak büyük kayıb bi an önce gidin bulun bi yerlerden,mutluluk,üzüntü,0.887,winvoker
plastik kalitesi o kadarda iyi değil. elde pro bir his bırakmıyor. herzaman fiyat performans için değerlendiririm. çok iyi.,mutluluk,üzüntü,0.8869,winvoker
fiyat olarak hakkı bu.,üzüntü,mutluluk,0.8869,winvoker
"yoksulduk dünyayı sevdik (1988), onarırken kendini (1992)",mutluluk,sevgi,0.8869,winvoker
"Genel olarak evet, Classified'ın bo1'den beri zombiler konusunda gelmiş geçmiş en iyi şey olmaması durumunda, o zaman katılmak zorunda kalırdım.",mutluluk,öfke,0.8869,goemotions_tr
üzgünüm kesinlikle öyle değildi,üzüntü,öfke,0.8868,goemotions_tr
İhtimalleri de yaktık,mutluluk,korku,0.8868,winvoker
Umarım bunların tadını çıkarma şansınız olmaz çünkü ben hiç beğenmedim :),öfke,üzüntü,0.8865,goemotions_tr
İyi de birincisi ne kadar güzeldi ki ikincisini çekiyorlar?...,üzüntü,şaşkınlık,0.8865,winvoker
"Ürünü Zetta B. dışında bir yerden almanızı tavsiye ederim, herhangi bir problem ile karşılaştığınızda kaale alınmıyorsunuz...",üzüntü,mutluluk,0.8864,winvoker
"bu ürünü görmemişseniz eğer, resmine bakıp aldanmayın. baya bildiğiniz küçücük bir ürün. sanırsınız ki oyuncak. ama bir öğrenci için yada evde elektrikli süpürgesi olupta pratikte kullanmak için almayı düşünen varsa bence ideal. fiyatıda piyasa değerine göre normal ve çoğu yere göre daha iyi. çekiş gücü nekadar kuvvetli desenizde, kendisine göre bir kuvveti var. iş görür mü; elbette.",üzüntü,mutluluk,0.8863,winvoker
Hiçbir şey demedim. Sadece bu güzelliği paylaşıyorum.,mutluluk,gurur,0.8863,goemotions_tr
beklediğimden çok daha iyi bir ürün çıktı kutusundan açıkçası. benzer özelliklere yüklü bedeller ödemenize gerek yok.,üzüntü,mutluluk,0.8863,mteb_product
Başarılı bir film fakat Natalie Portman ve performansı olmasaydı bu kadar değerli olur muydu bilmem..,mutluluk,üzüntü,0.8863,winvoker
"Hayır... havadan bulaşan bir hastalıktı. Yani, havadan yayıldı. Hiçbir kemirgenin veya pirelerinin bununla bir ilgisi yoktu.",nötr,öfke,0.8862,goemotions_tr
senelerdir eziyet cekiyormusum ben bu kadar diyorum.,mutluluk,üzüntü,0.8862,winvoker
O MEMİ geldiği yere geri koy ya da bana yardım et!!!!,nötr,sevgi,0.8861,goemotions_tr
"Dürüst olmak gerekirse, bu tür şeylerin çoğunun 1985-2012 arası olduğunu düşünüyorum. Yaşınıza bağlı olarak çoğu genç bunları deneyimlemiştir.",nötr,şaşkınlık,0.8861,goemotions_tr
"""Neden herkes bana zarar veriyor?""",üzüntü,şaşkınlık,0.8861,goemotions_tr
delme işleri için ideal ancak vidalamada istediğinizi tam yapamıyorsunuz,mutluluk,üzüntü,0.886,winvoker
"Hayalimdeki yer Kanada, biseksüel çevrimiçi arkadaşım yakın zamanda oraya taşındı",nötr,sevgi,0.886,goemotions_tr
League Pass'ın Orlando Feed olmayacağından her zaman endişeleniyorum. Tanrıya şükür bugün [NAME] ve [NAME],sevgi,korku,0.886,goemotions_tr
"SU'nun çok erken bir bölümü olduğunu düşünürsek, uzun boylu trans kadınların kendilerini iyi hissetmelerini sağlamak harika :D",mutluluk,sevgi,0.8859,goemotions_tr
5 yıldız yorum yok,mutluluk,üzüntü,0.8859,winvoker
"gerçek cinsiyetçidir, bununla başa çık",mutluluk,öfke,0.8858,goemotions_tr
Tam olarak öyleydi. Heyecan verici bir eğlence. Bazen sadece bırakıp olduğu gibi kabul etmeniz gerekir.,mutluluk,sevgi,0.8858,goemotions_tr
Hiç de incitici değildi. Okurken bana rahatlatıcı geldi. Hepimiz iyiyiz.,mutluluk,sevgi,0.8858,goemotions_tr
"bu çok tatlı, bayıldım",mutluluk,sevgi,0.8855,goemotions_tr
Sürekli korku halindedir ve hayaletler görmektedir .,nötr,korku,0.8855,winvoker
"bu paraya bu kadar, şarjı hemen bitiyor, tam bir oyuncak....",üzüntü,mutluluk,0.8854,winvoker
Umarım bir GM [NAME]'e bu Raptors hayranı kadar inanır. Belki [NAME] bize bu geleceğin MVP'sini geri almamız için değerli bir şey verebilir.,mutluluk,sevgi,0.8854,goemotions_tr
Çünkü bu düpedüz yanlış. Bu yeni bir fikir ama bu duyguya güvenen herkes tekrar tekrar hayal kırıklığına uğrayacak.,üzüntü,öfke,0.8854,goemotions_tr
3 kelimem var. Daha Fazla Malzemeye İhtiyaç Var.,nötr,sevgi,0.8853,goemotions_tr
bu fiyata ancak bu kadar olur. i̇ş görüyor. kurulum planı kötü. hangi vida nerede kullanacağını anlamak için biraz kafa yormalısınız. yinede memnunum. teşekkürler hb,mutluluk,üzüntü,0.8853,winvoker
Yaratıcı yönetmen hala orada olduğu sürece sorun yok... Ancak yetenek özlenecek,mutluluk,sevgi,0.8853,goemotions_tr
iade ettik büyük geldi,mutluluk,üzüntü,0.8851,winvoker
Ya rocky serisi neden bitiyor... Bence dizi yapmaları lazım. Her hafta ibo showdan sonra yayınlansın... Arkadaşlar yeter artık. Her güzel şeyin bir sonu vardır. Güzel başladı ve güzel bitti. teşekkürler stallone...,mutluluk,üzüntü,0.885,winvoker
daha iyisi yok bence,mutluluk,üzüntü,0.885,winvoker
az önce elime geçti yurtta 3 kışı kalıyoruz odanın sessiz olmasına rağmen fanla birlikte güzel bir ses duyuyoruz :/,üzüntü,mutluluk,0.8848,winvoker
"> Bir şeyi üç kez duyduğunuzda, bir kez duyduğunuzdakine göre ona inanma olasılığınız yüzde seksen daha fazladır. Kaynak?",nötr,şaşkınlık,0.8848,goemotions_tr
"kaliteli, fiyat fena değil mi̇ui̇ 7 yüklü",mutluluk,üzüntü,0.8848,winvoker
ürünü benğendim fotoğraf  kaliteside okadar kötü degil,mutluluk,üzüntü,0.8848,winvoker
"işe yaramasi önemli olan,",üzüntü,mutluluk,0.8847,winvoker
"Dürüst olmak gerekirse, onu tekrar kendisine yalvartacak kadar yük altına sokmak istemiyor.",nötr,öfke,0.8847,goemotions_tr
Anlamsız ama eğlenceli,mutluluk,öfke,0.8846,goemotions_tr
Haha Benim deneyimime göre böyle değil ama sanırım ABD'de durum farklı,mutluluk,şaşkınlık,0.8846,goemotions_tr
Üç yıl önce yaptım! 5 gün hastanede yattım. Şimdi çok daha iyi bir yerde olduğumu söyleyebilirim. :),mutluluk,sevgi,0.8845,goemotions_tr
"film genel anlamda fena değildi. güldürmeyi ve hikayeyi dinletmeyi başarıyor fakat film yapılarak anlatılmayı hak edecek bir aşk yok ortada. baş karakterin yaşadığı üç dört aşkın tümü modern zamanın biraz yozlaştırdığı ilişkiler. romantik tarafı zayıf kalmış kısacası. sonuç olarak izlenmeye değer bir film. 10/7,5",mutluluk,üzüntü,0.8845,winvoker
Her şey için çok geç olmadan .,nötr,sevgi,0.8845,winvoker
"Ah evet, ""[İSİM] için bir açıklama olarak işe yaramıyor"" demek istedim. Kavramın saçma olduğu anlamına gelmiyor.",nötr,öfke,0.8844,goemotions_tr
Bu yorum OP'nin görüşünü tamamen doğruluyor lmao. Amerika'nın senin standartlarını karşılamaması beni çok üzüyor ah güçlü reddit yorumcusu,üzüntü,öfke,0.8844,goemotions_tr
daha iyisi yok.....,mutluluk,üzüntü,0.8844,winvoker
Bunu başarabildiğiniz için kıskanıyor olabilir,nötr,sevgi,0.8844,goemotions_tr
normal bildiğimiz süzgec..,mutluluk,üzüntü,0.8843,winvoker
"Son zamanlarda lezzetli bir yemek veya sadece keyifli bir deneyim için ""tokat gibi"" terimine rastladım.",nötr,şaşkınlık,0.8842,goemotions_tr
hepsi buradaya teşekkürler,mutluluk,sevgi,0.8842,winvoker
korkarak aldım hemde tek seferde 8 adet 10w gün ışığı 1 adet 10w beyaz ve 2li 5w olandan adım.,mutluluk,üzüntü,0.8841,winvoker
"fırın ve ocağın kurulumunu yaptırdık.şok şık görünümü var.kurulur kurulmaz aynı gün denedim pişirmesinden çok memnunum.ancak fırın 200 derecede çalıştığında düğmeleride çok ısınıyor.izgarayı açınca dahada sıcak oluyor.ankastre modulünü marangoza yaptırdık ve kazara olsada fırınla ocak arasında hava almasını sağlayacak açıklıkta kaldı.buna rağmen aşırı ısınma olması normal bir durummu emin değilim.servis davlumbaz kurulumuna geldiğinde bunu netleştireceğiz. ama genel olarak myalı hamur ve fırın olarak çok memnun kaldım, hem çok güzel kabartıyor,hemde kısa sürede pişiriyor. aynı markanın aspiratörünüde almıştık ondan da çok memnunuz almak isteyenler varsa ünlü markalara göre çekim gücü hem daha fazla hemde daha uygun fiyata.",üzüntü,mutluluk,0.8841,mteb_product
Uykun gelmiyo diye gözlerini suçlama boş,mutluluk,öfke,0.884,winvoker
onlara bunun bir tercih mi yoksa diyet kısıtlaması mı olduğunu soruyorum. bununla ilgili hiçbir zaman sorun yaşamadım,nötr,şaşkınlık,0.8838,goemotions_tr
şuan okuduğum kitap.abdülhamid in aslında bize öğretilenden ne kadar farklı ve mükemmel biri olduğunu anlatıyor.yaptığı fedakarlıklardan habersiz geçirdiğim günlere üzülüyorum,mutluluk,üzüntü,0.8838,winvoker
"öyleydi, ama bunu 2008'den ne kadar ilerlediğimizi göstermek için vurguladım. Aslında bunun bir parçası olmak gerçekten harika hissettiriyor.",nötr,sevgi,0.8837,goemotions_tr
"Sallamiyorum,4 lusude vaR",mutluluk,üzüntü,0.8836,winvoker
sessiz çalışıyor.,mutluluk,üzüntü,0.8835,winvoker
tamamen havası bitmiş lastiği şişirdi. lastiğin içine köpük sıkıyor. bu köpük aynı zamanda patlayan yeride doldurdugundan uzun süre idare eder. ama yinede patlayan lastik var hemen lastikciye gitmek gerek diye düşünüyorum. icindeki köpük lastikcinin cok hoşuna gitmedi. birde onu temizleme ile uğraştı. ama stepne ile uğraşmaktansa bu kit cok cok daha mantikli. sallıyorsun sıkıyorsun. 2 dakika..,mutluluk,üzüntü,0.8835,winvoker
3.5 saat olan bu başarılı eser sinema tarihi açısından çok değerlidir. 10/10,üzüntü,mutluluk,0.8833,winvoker
İlk giriş yaptığında ve övgü videosundan sonra güzel bir alkış. Ayrıca 3'lük vuruşu yaptığında biraz gürültü yaptı.,mutluluk,sevgi,0.8833,goemotions_tr
"Vahşi bir hayvanı yemek, onu tüm hayatı boyunca küçük bir kafeste yaşamaya zorlamaktan çok daha az zalimcedir.",nötr,tiksinti,0.8832,goemotions_tr
"Ben kişisel olarak [İSİM]'in aseksüel olduğuna inanıyorum, benzer durumlardaki diğer karakterlerin hepsinde eşcinselliğe dair ipuçları var ama [İSİM] için hiçbir şey hatırlayamıyorum.",mutluluk,şaşkınlık,0.8832,goemotions_tr
"Asla, asla, asla, asla iki kez mesaj atmayın. İlk mesaj cevapsız kaldıktan sonra başka kızların peşinden gidin.",nötr,öfke,0.8832,goemotions_tr
cihaz ithalat garantili olduğu iççin android yeni güncellemesini almıyor,mutluluk,üzüntü,0.8832,winvoker
"Ev yapımı ekmek pudingi var, dolayısıyla geri kalanı da güzel olmalı!",mutluluk,sevgi,0.8831,goemotions_tr
eksi yanı ses çıkışlarının kısık olması.,mutluluk,üzüntü,0.8831,winvoker
"ürünü yorumlara bakarak eşime almıştım. yok böyle bir koku. i̇lk sıktıktan ve verdiğim parayı düşündükten sonra gerçekten baş döndürücü bir etki yaratıyor. üst kokularda hacı misi, alt kokularda ise tarçin ve karabiber sizi mest ediyor. bol baharatlı yemek sevenler sevdiklerine bu kokuyu mutlaka almalılar.  hem iştah açar hemde aşk duygularınız kabarır. bir taşla birkaç kuş yani. zevkler ve renkler tartışılmaz ancak yinede uzak durulması gereken bir koku. i̇nanmayan bir denesin derim.",üzüntü,mutluluk,0.883,winvoker
"Bu, [NAME] kampanyasının aksini söylemelerine rağmen işbirliği yaptığı anlamına geliyor. Rus çıkarlarını ilerletmek için oy verdiyseniz özür dilerim.",üzüntü,sevgi,0.883,goemotions_tr
arkadaşlar teredut edmeden alin derem,mutluluk,üzüntü,0.883,winvoker
Benimki de Mortal Kombat'ta aynısını yaptı.,nötr,şaşkınlık,0.8829,goemotions_tr
"Sphh, bu çok havalıydı. İyi gittiğini söyleyebilirim.",nötr,sevgi,0.8828,goemotions_tr
SONRAKİ SEFER! MEŞE ADASI'NIN LANETİ ÜZERİNE!,korku,öfke,0.8827,goemotions_tr
"Kahverengi insanları hedef alıyorlar. Her seferinde elle taciz edilseniz bile, genel olarak daha fazla kahverengi insanı hedef alıyorlar",nötr,öfke,0.8827,goemotions_tr
Bu ve bunun gibiler artık ceza alsın,mutluluk,öfke,0.8826,winvoker
Bunu düşünen tek kişinin ben olmadığıma sevindim.,mutluluk,sevgi,0.8826,goemotions_tr
hayatımda izlediğim en güzel filimlerden biridir.tavsiye etmem.izlemeyeni direk döverim :),mutluluk,üzüntü,0.8825,winvoker
"Bu gerçekten arkasında durabildiğim bir ifade. Gerçekten yaptığı bir şey yüzünden değil, ama o Scientology olayı... garip.",öfke,utanç,0.8824,goemotions_tr
"filmi izlemeden önce --yıllar önce---kitabını okumuştum ..kitabı aldığımda ve arka sayfaları okuduğumda ağzım açık kaldı....kitabın , bu olağanüztü yaratıkların büyücülerin olduğu bir kitabın beyazperde ye aktarılması beni çok şaşırtmıştı..tabi bunlar daha filmini izlemeden önceki görüşlerimdi..sonra baktım gerçekten diğer masal türlerine hiç benzemiyor..zaten daha sonra hemen filmini aramıştım..şu &quot;çıtkırıldım porselenler ülkesi&quot; acayip bişe yaa...",mutluluk,üzüntü,0.8823,winvoker
makina ile kampanyalı satılan halı yıkama sampuanıyla kullanırsanız da köpürüyorr cünkü o sampuan elde kullanım icin. makinada kullanılan sampuan alınması lazım. (sampuan alırken gözden kacabiliyor).,mutluluk,üzüntü,0.8823,winvoker
efsanenin diğer filmleri kadar akici olmasa da; serinin ilk bölümü olmasi itibariyle arşivde olmayi hak ediyor. bu fiyatta normal. almayi düşünen kaçirmasin,üzüntü,mutluluk,0.8822,mteb_product
arkadaş izmirlilere sordunuz mu biz gideceğimiz yere 1 saat geç gidelim yeter ki şehrimiz ölmesin,mutluluk,üzüntü,0.8822,winvoker
cihaz baya ısınıyor diğer cihazlarda  da normal midir bilemiyorum,mutluluk,üzüntü,0.882,winvoker
Yav uşaum heç me izlemedun o videoyu,mutluluk,üzüntü,0.8819,winvoker
Mutluluk dansı yapıyorum! Yaşasın!,mutluluk,gurur,0.8819,goemotions_tr
"hepsiburda.com için teşekkürler, fakat telefon orta halli diyebiliriz...",üzüntü,mutluluk,0.8819,winvoker
Kraliyet ailesi de bir şey yapacak değil ya!,nötr,öfke,0.8819,winvoker
Türk sinemasının klasiklerinden. Bu tür filmlerin Beyazperde.comda daha çok yer bulmasını istiyorum açıkçası. Türk halkını yıllarca kahkahalara boğmuş bir filmin beyazperde.comda ancak 8. 9. yılında yer bulması çok üzücü. Başta Kemal Sunal ve Şener Şenin müthiş oyunculukları ile bir başyapıt bence.,mutluluk,üzüntü,0.8818,winvoker
Yüzyıllar süren baskı Aleviler arasında genel bir korkuya sebep olmuştur .,nötr,korku,0.8818,winvoker
zamanım olsaydı eğer bir günde bile biterdi iki günde bitti amma.. iz bıraktı.alıntı olduğunu düşündüm biraz can dostum filmi geldi aklıma direk ....,mutluluk,üzüntü,0.8818,winvoker
witwiser yüzünden mağduruz,mutluluk,üzüntü,0.8818,winvoker
Katılmıyorum ama boştaysa şut atacaktır.,nötr,öfke,0.8817,goemotions_tr
"Hayır, seni sahte konusunda uyarmaya çalıştığımda beni dinlemeliydin.",üzüntü,öfke,0.8816,goemotions_tr
i̇se yariyor güzel ürün.lekeleri temizledi.ama mükemmel derecede değil takibi.,mutluluk,üzüntü,0.8816,winvoker
Wtf Powerhouse Macomb gittiğim spor salonu. Bu adamı orada hiç görmedim.,şaşkınlık,öfke,0.8816,goemotions_tr
Muhteşem ötesi bi film yok böle bi senaryo!!!,mutluluk,üzüntü,0.8815,winvoker
salak mı sandın sen beni,mutluluk,üzüntü,0.8814,winvoker
"Paradoks işe yaramıyorsa, o zaman hak toplamak da hırsızlıktır.",nötr,öfke,0.8814,goemotions_tr
yeni aldığım ikinci el otomobilimin koltuk döşemeleri çok kirliydi.ürünü kullanma talimatına uygun olarak kullandım ve döşemeler açık renk olmasına rağmen temizlendi.yalnız ürün sadece ön iki koltuğa yetti.arka koltuklar için tekrardan almam gerekecek.,mutluluk,üzüntü,0.8814,winvoker
"sapı pek hoşuma gitmedi tutması rahat ancak çokta pratiklik sağlamıyor, borusunu çıkarıp diğer aparaları boruyu taktığımız yere diğer elektrikli süpürgeler gibi takamıyorsunuz. mutlaka borusuna takmanız gerekiyor. ayrıca bayağı agır bir süpürge, tavsiye edermisiniz derseniz 2 haftadır kullanılıyor gayet sağlam ve güzel bir ürün.",mutluluk,üzüntü,0.8813,winvoker
daha orjinalliğini sorgullatmadım ama 2 güne elime ulaştı kutu açılmamış her şey tam sıfır sıkıntı,mutluluk,üzüntü,0.8812,winvoker
teşekkürler hepsi burada,mutluluk,sevgi,0.8812,winvoker
şöhnmerhaba ben bu otel hakkında birçok olumsuz yönde yorumlar okudum ve otele çok tedirgin gittim korttuğum şeyler başıma gelmedi denizi çok temiz değil havuzu çok güzel ve temiz yemekleri çeşitli ve lezzetleri harika otel zaten yeni olduğundan tüm malzemeleri yeni ve sorunsuzdu biraz temizlik zamanında ve dikkatli yapılmıyor ama o bu sorunda personel eksikliğinden kaynaklı olduğu için çözmeye çalışıyorlar kısacası bu fiyatlara bundan iyisi olmaz,mutluluk,üzüntü,0.8812,winvoker
"1 Temmuzdan itibaren kafe, eczane, berber, manav, lokanta gibi yerler açılacak",mutluluk,nötr,0.8812,winvoker
8/10 en azından film olarak değilde bazı yönler hemde son 20 yılımızda başımıza gelen vede gelecek olan şeyleri birazda olsa insanlara anlatabilme isteği yüzünden bu film başka bi katergoride değerlendirilmeli....çünkü dediğim gibi bence diziden çok farklı...dizide konular bazı çevrelerde geçiyodu ama filmi izleyenler bilirler daha film başladığı gibi ortaya çıkan haritayla filmin vermek istediği mesaj ortaya çıkıyo....,mutluluk,üzüntü,0.8812,winvoker
Hiçbir şey harekete geçen cehalet kadar korkunç olamaz,mutluluk,korku,0.881,winvoker
ürünü elime hızlı bir şekilde ulaştıran hepsi burada ailesine teşekkür ederim. ürün yetişkinler için biraz basit kalıyor şarjı çok az gidiyor. beklentisi yüksek olmayanlar için bu fiyata alınabilecek en iyi ürün...,üzüntü,mutluluk,0.881,winvoker
"Sınava giren bütün gençlere zihin açıklığı diliyorum. Hakettiğiniz, ama size veremediğimiz tüm güzelliklerle dolsun",mutluluk,sevgi,0.8809,winvoker
ürün pratik ve kullanışlı ancak pek randıman alamadım çünkü internet hızım repeater a bağlandığımda 3 mbps ye düşüyor. onun dışında ölü nokta yok ancak uydunet kullanıyorum ve internet hızı çok düşüyor.,mutluluk,üzüntü,0.8809,winvoker
"yapılan istatistiklere göRe 10 - 17 yaş arası gençlerimiZin pek bi beğendiği, oyunculaRıNa hayRan olduğu, kitaplaRıNı okumaktan öte ezbere bildikLeRi video çekiMi..",üzüntü,mutluluk,0.8808,winvoker
"ürün, 2 iş günü sonra elime geçti. fakat ürün iş yerime benim ofiste olmadığım bir esnada gelmiş, elden teslim alamadım. sonrasında paketi açtığımda, samsung kutusunun kenarında ""bu alan yırtıksa teslim almayınız"" yazılı etiketin yırtık olduğunu farkettim.. hepsiburada yetkililerine ulaştığımda ürünü iade alabileceklerini söylediler fakat telefon, eşime hediye niteliğinde olduğundan, iadesi ve yeniden alımı halinde anlamını yitirmiş bir hediye olacağından iade hakkımı kullanmadım. neyse ki bir haftalık kullanımımız neticesinde üründe herhangi bir soruna rastlamadım.",mutluluk,üzüntü,0.8808,winvoker
Ve internette ahlaki üstünlük için yarışıyorsun. Umarım başarmış hissedersin.,mutluluk,sevgi,0.8808,goemotions_tr
Tekrarlamak size en fazla 10 saniyelik zevk verecektir. Tekrarlamamak size ömür boyu zevk verecektir. Seçim sizin.,nötr,sevgi,0.8807,goemotions_tr
"Sen, benim ilk aldığım güldün..",mutluluk,sevgi,0.8807,winvoker
"Tam da ihtiyacım olan şey; işe gidiş geliş yolculuğumun videosu, böylece boş zamanlarımda bu deneyimin tadını çıkarabilirim.",mutluluk,sevgi,0.8806,goemotions_tr
Bu dağlar kömürdendir,mutluluk,nötr,0.8805,winvoker
"Tanrıya şükür artık flört etmiyorum. Reddit geçmişimi, becermeye çalıştığım bir kızın görmesini riske atmak istemem.",sevgi,öfke,0.8804,goemotions_tr
"Ben ileriye dönük bir yol göremiyorum, ne hükümet ne de muhalefet ne anlaşmasız ayrılık ne de A50'nin iptalini istiyor.",üzüntü,öfke,0.8804,goemotions_tr
Süper hizli diye siparis veriyoruz urun kargoya 2 gunde veriliyor.Ürun guzel ama,üzüntü,mutluluk,0.8803,winvoker
[İSİM]'in sıcakta oynaması beni her zaman güldürür,mutluluk,sevgi,0.8802,goemotions_tr
"bu filmin bütçesi türkiyede sinemaya harcanan en yüksek bütçelerden birisi ama su recep ivedik bile geçebiliyor bu filmi anlamak güç,recek ivedik para harcamadan gise rekoru kirabiliyor aslinda buda bir tür basari sayilir....",mutluluk,üzüntü,0.8801,mteb_movie
"Lütfen /r/feet abonelerinin baş harflerini kaldırın, ama birinin onu çağırmış olmasını umarak elimde kum var.",nötr,sevgi,0.88,goemotions_tr
"küçük yuvarlak düğme kapatma düğmesi, her halde bunu bilemediler",mutluluk,şaşkınlık,0.8799,winvoker
"ürün görsel olarak kibar,hiç ses yapmıyor.üzerinde ki büyük tuş açma kapama,küçük tuş ise iki konumlu basıldığında gösterge giriş voltajı tekrar basıldığında çıkış voltajı göstermektedir.evde yaptığım ölçüm değerlerinde ise (dijital avometrem ile) şu sonuçları aldım: giriş voltajı 229v -çıkış 229 yani belli limitler altında çıkış voltajına müdahale etmeden direkt olarak çıkışa veriyor.bu da demek oluyorki voltaj 200v ile 230v aralığında sürekli dalgalanıyor ise çıkışta dalgalanıp cihaza sabit bir akım vermiyor.voltajın yüksek geldiği anlarda ise bir röle sesi ile kırmızı yüksek lambası devreye girdi ve hemen bir ölçüm daha yaptım ve giriş 239v çıkış ise 203 volt değerlerini gördüm.yani yüksek voltajı olması gereken değerinde altına düşürüyor.özetlersek dalgalı şebekelerde hassas cihazlarda kesinlikle kullanışlı değil.",üzüntü,mutluluk,0.8798,winvoker
5 adet ledi var. gece aydınlatması fena değil ama çok iyi de değil. en azından çukur vs varsa yolda görüyorsunuz. ledlerin yerleşimi ve fenerin önündeki lens daha iyi olabilirdi ama bu fiyata alınabilecek en iyi ürün.,mutluluk,üzüntü,0.8797,winvoker
Bunlar yassı farelere benziyor. : /,nötr,tiksinti,0.8797,goemotions_tr
Tamam dostum. Sanırım hayatım boyunca astımla yaşamadım ve bu konuda hiçbir fikrim yok.,mutluluk,şaşkınlık,0.8797,goemotions_tr
Görüntü hız herşey çok güzelde kullanmaya başlayalı 3 gün ekranda cizgi şeklinde piksel hataları oluştu,üzüntü,mutluluk,0.8797,winvoker
"hayır. Queef vajinal adet dönemidir. Ben buna mırıldanma diyorum, dudaklar hareket ettiğinde ama ne dediklerini anlayamadığında.",nötr,öfke,0.8796,goemotions_tr
"86,Ben aşırı eğleniyorum şuan",mutluluk,sevgi,0.8796,winvoker
bu gece yine rezistansı kesildi,mutluluk,üzüntü,0.8795,winvoker
"EVET!!!! Bazı insanların, başkalarının sıkı çalışmasından para kazanamadıkları konusunda şikayet ederek neden bu kadar öfkelendiklerini asla anlayamayacağım.",mutluluk,öfke,0.8795,goemotions_tr
"evet ""ne, porno dergileri artık korkutucu mu?"" diye düşündüm ve sonra anladım",şaşkınlık,korku,0.8794,goemotions_tr
"o açıklamayla dbd subreddit'inde olduğumu düşünmeme neden oldun, nedenini bilmiyorum",nötr,şaşkınlık,0.8793,goemotions_tr
ilk başta benim gibi hiç büyük saat takmamışsanız aman allahım bu ne böyle diyorsunuz,mutluluk,üzüntü,0.8793,winvoker
"üründe iyonizer yok,bazı kullanıcılar gürültüsünü çok demişler.gürültüsü makul sayılır.biraz ağır denilebilir.",mutluluk,üzüntü,0.8792,winvoker
"ürünü kovadan su çekme aparatı ile aldım. doğrudan musluğa bağladığınızda sıkıntı yok ancak kova aparatı ile çok verimli çalıştığı söylenemez. kovadan su çekme esnasında 2-3 dakika boyunca tazyik yakalayamıyorsunuz. buda zaman kaybına neden oluyor. bunun dışında aracı yıkamalardaki makineler gibi düşünmeyin. yani suyu tuttuğunuzda tertemiz olmayacak. siz sünger, eldüven yada foam lance türü aparatlarla köpük yaparsanız bu makine durulama işine yarayacak.",mutluluk,üzüntü,0.8792,winvoker
Hayır 5 yıldır buradayım :( gittikçe kötüleşiyor,tiksinti,öfke,0.8791,goemotions_tr
halı üzerinde kesinlikle kaymıyor en düşük ayarda bile .,üzüntü,mutluluk,0.8791,winvoker
Alfredo Pacino....filmi kör bile güzel oynuyo be kardeşim. Daha ne olsun....---Bakmaktan kaçtıgımız gün öldüğümüz gündür.,mutluluk,üzüntü,0.8791,winvoker
ortalama bir ürün. traş bıçağı performansı beklemeyin. tüyleri alırken atlama oluyor. tahriş yapmaması ve diğer trimmerlar gibi kanatma yapmaması güzel.,üzüntü,mutluluk,0.879,winvoker
Son iki yıldır ilk defa birinin güncel siyaseti Harry Potter dışındaki bir diziyle karşılaştırdığını görüyorum,nötr,şaşkınlık,0.879,goemotions_tr
"süperde ve ben filmin etkisinde uzun süre kaldım diyebilirim. ikincisi hiç hoş değil birincisini düşünürsek,zatan oyuncularıda farklı.her neyse puanım 10/9",mutluluk,üzüntü,0.879,winvoker
"Demek istediğim şu ki bu gerçekten olan bir şeyin eşiğinde, yani kısmen doğru olabilir",nötr,şaşkınlık,0.879,goemotions_tr
Biliyorsun! Sadece doğru kişiyi bulman gerek.,nötr,sevgi,0.8789,goemotions_tr
"donnie darko gene sürü psikolojisi ile 'overrated' sınıfına girmiş bir film bana göre. yanlış anlaşılmasın çünkü filmi ben oldukça beğendim. ama bir yandan bu denli seyircinin bu filmin neresini sevdiğinin farkında olmadığını düşünüyorum. öyle ki yönetmen filmi filmle sınırlamamış ve de gelin görün ben neler anlatmak istiyorum demiş filmiyle.işte bu noktada filmin dendiği gibi neden bir 'başyapıt' olmadığı konusu ortaya çıkıyor bana göre. bu kadar tema nasıl olur da bir filmin içine sığabilir. barney’in deyimiyle legend-ary olması gerekir herhalde böyle bir filmin. şirinler’in seks yaşamından tutun da, ırkçılığa, paralel evrenden kadere, siyasetten gençlik dönemi problemlerine vs. bir ton konu; kimisine bir cümle kimisine bir sahne atıver geç. toplamak bize düşsün hem de sadece senin ne anlattığını toplamak. kendi çıkarımlarımıza izin vermeyen bir yanı var filmin.burada tabi yönetmenin ilk filmi olması dikkate alınmalı. gerçekten yaratıcı, sağlam bir hayal gücü ürünü senaryo var karşımızda. ama maalesef yönetmenlik bir noktada tıkanmış gibi geldi bana. sahne sahne değil anlatmak istediğim metni senaryolaştırmak gibi senaryoyu filmleştirmek de önemli bir tecrübe işi galiba.",mutluluk,üzüntü,0.8788,winvoker
askerin şerefini sorgulamak kimsenin haddi değil bütçe görüşmelerinde söz alan bdp  li hasip_kaplan uludere olayıyla ilgili  yürekli şerefli bir asker arıyorum orduda roboski katliamının emrini hangi siyasi verdi  deyince milletvekilleri tepki gösterdi molotof atıp otobüs yaktınız ak_parti grup başkanvekili mahir ünal siz molotof atıp halk otobüsünde yanan insanları kepengini kapatmadığı için marketi yakılanları terörü ve teröristi hiçbir şekilde kınamayıp onun şerefini ve haysiyetini sorgulamayıp şerefli ve haysiyetli türk ordusuna laf atma cesaretine kürsü dokunulmazlığıyla sahipseniz bu türkiye_cumhuriyeti nin büyüklüğünü demokrasinin yüceliğini gösterir dedi toptan suçlamak yakışmadı chp_grup_başkanvekili muharrem_ince ordu 12 mart 12 eylül de bize işkence yaptı tırnaklarımızı söktü chp yi kapattı mallarımıza el koydu ama bugün kin güdemeyiz devletlerin yaşamında kin olmaz oh olsun başbuğ a demek olmaz intikamla devlet yönetilmez derken mhp li ali uzunırmak da uludere de hatalı operasyon emrini verenin bir ekip olduğunu belirterek sorumlu kimse onlar sorgulanabilir itham edebilir ama oradan hareketle bütün kurumu itham etmek töhmet altına bırakıp şerefli subay arıyorum demek yakışmayan bir mülahazadır dedi görevde iken hepsi şereflidir kaplan la en sert tepki savunma_bakanı yılmaz dan geldi yılmaz tsk da görevli personelin şeref ve haysiyetini sorgulamak kimsenin haddi değil kahraman ordumuzda görev yapan her subayımız şerefli ve onurludur görevinde kaldığı sürece dedi uludere de yaşananları savunanın olmadığını belirten yılmaz milletimiz kurtla beraber kuzuyu avlayanların koyunla beraber ağlayanların kimler olduğunu çok iyi bilir bunu batman da mizgin doruk ve karnındaki 8 aylık bebeğinin ölümünde gördük biz bir aileyiz dedik dedik bunu anlayamayanlar oldu kişiler yanılsa da milletin vicdanı asla yanılmaz dedi bedelli den 2 8 milyar lira savunma_bakanı ismet_yılmaz 15 aralık itibariyle 69 bin 320 yükümlünün bedelli askerliğe müracaat ettiğini belirterek 2 milyar 4 milyon 780 bin lira gelir elde edildiğini bedelin tamamının ödenmesi halinde 2 milyar 79 milyon 810 bin lira gelir sağlanacağını bildirdi,nötr,üzüntü,0.8786,ttc4900
ağırlıklar plastikten imal edilmiş. i̇ş görür ama yere sert düşüşlerde çatlayıp kırılabilir.,üzüntü,mutluluk,0.8785,winvoker
Bu tam olarak pololara benziyor,mutluluk,şaşkınlık,0.8785,goemotions_tr
Ve yeni bir gelinle rabbin ayrıcalığını unutmayalım. Ahhhh......eski güzel günler.,mutluluk,sevgi,0.8785,goemotions_tr
"Aman Tanrım, çok güzel!",mutluluk,sevgi,0.8785,goemotions_tr
"Doğru. Ben ABD'li değilim, bu yüzden bu yasayı nasıl uygulayacaklarını bilmiyorum.",mutluluk,şaşkınlık,0.8785,goemotions_tr
Çok özel durumlarda bunlardan yiyorsunuz,nötr,sevgi,0.8785,goemotions_tr
Peki sen twitch'te kimsin?,nötr,şaşkınlık,0.8784,goemotions_tr
sonuç: yazin yaz lasti̇ği̇ kişin kiş lasti̇ği̇ kullanin 4 mevsi̇m aldatmacasina kanmayin...,üzüntü,mutluluk,0.8784,winvoker
"> Evet, ruh eşlerine gerçekten inanıyorum. Sadece anlaşamadığımız konusunda anlaşmamız gerekecek",mutluluk,sevgi,0.8783,goemotions_tr
Harika. 250 ve 500 saatte nerede olduğunu görmeyi çok isterdim - eminim hala 1/3 saatlik cihazımdan çok öndedir.,mutluluk,sevgi,0.8783,goemotions_tr
"fairy platinumdan başka bulaşık deterjanı kullanmıyorum, makinanın içi bile ışıl ışıl sürekli.en son marketten aldığım çok kötüydü, fairy kaliteyi düşürdü dedim ama hepsiburadadan son bi kez daha alıp denedim, eski kalitesinde geldi.fairy platinumu hepsiburada.com dan başka yerden almam artık",mutluluk,üzüntü,0.8783,winvoker
Üzgünüm [İSİM]. Bir daha yapmayacağım.,üzüntü,öfke,0.8783,goemotions_tr
allah taksiratlarını fetsin,mutluluk,üzüntü,0.8782,winvoker
bu filme kimse bir kusur bulmasın yok akıcı değilmiş yok abartılacak birşeyi yokmuş fena değilmiş gibi sinema tarihinin gelmiş geçmiş en güzel filmlerinden birine bu haksızlığı yapmayın lütfen.,mutluluk,üzüntü,0.8782,winvoker
Seviyesizliğin alemi yok Görüntü yayınlamanın bin türlü tekniği var Bilmediğiniz konuda mal mal konuşmayın,üzüntü,öfke,0.8782,winvoker
Olmaz dostum. Sonsuza kadar rock yapmaya devam edeceğiz. Sonsuza kadar. Sonsuza kadar. Sonsuza kadar...,mutluluk,öfke,0.8782,goemotions_tr
"zımba makinesini küçük olduğu için tercih ettim. üstelik 16 sayfayı zımbalıyor diye aldım. ama 16 sayfayı zımbalamıyor, saymadım ama 10 sayfayı ancak zımbalıyordur. az yapraklı zımbalama için ideal.",üzüntü,mutluluk,0.8781,winvoker
"Eğer cevapları buysa, kameralar çalışmayı bıraktığında müşteri aramak için sokağa çıkıp gezerler mi diye sorun. Sanırım hayır.",nötr,şaşkınlık,0.8781,goemotions_tr
Herkes şoke olmuştur .,nötr,korku,0.8781,winvoker
Herşeye rağmen yıllar sonra tekrar efsane Herbie’yi görmek güzel. Teknolejininde yardımıyla bence bu filmin yıldız oyuncusu; numara 53.,üzüntü,mutluluk,0.8781,winvoker
Ben değilim... Sahil güvenlik şu anda maaş almıyor. Eminim o paraya bağlı aileleri vardır.,nötr,öfke,0.8779,goemotions_tr
tek olumsuz yanı şarjla ilgili bir çok kişi rahatsız. 1 ün gittiğini söylüyor herkes umarım yanılıyorlardır.,mutluluk,üzüntü,0.8778,winvoker
"Ve o da ""Şey, beni bunun için mi uyandırdın, [İSİM]?!"" gibiydi. Lmao. Bu beni güldürdü.",mutluluk,şaşkınlık,0.8777,goemotions_tr
Bu yüzden sömürgecilikte en iyisi değildi. Köleleştirmeniz gereken insanları öylece öldüremezsiniz.,nötr,öfke,0.8777,goemotions_tr
Aşağıda gayet iyi görünüyorlar.,mutluluk,sevgi,0.8777,goemotions_tr
"O saçma, Spurs'teyken batıyı hiç izlemedim. Ama kahretsin. Umarım kalır.",mutluluk,öfke,0.8776,goemotions_tr
Ah evet...aile şarkısı!,nötr,sevgi,0.8776,goemotions_tr
"kitapta her şey çok güzel anlatılmış açıklanmış ama ben uygulayamadım. biraz bizim kültürümüze uzak bir yöntem.biz salla, gezdir yöntemini tercih ediyoruz herhalde ondan başaramadık.",mutluluk,üzüntü,0.8776,winvoker
"İkisi de. Gözlerinizi açık tutun, daha fazlasını göreceksiniz.",nötr,sevgi,0.8775,goemotions_tr
Bu durumda bir sonraki turda geri dönene kadar ne kaybedeceğime bakabilirim.,mutluluk,şaşkınlık,0.8775,goemotions_tr
"Dostum, [İSİM]'in Barboza'dan tam güçte bir tane aldığında nasıl hissettiğini hayal et.",nötr,şaşkınlık,0.8774,goemotions_tr
ürün güzel tek bir yanı kötü o da ürünün kolyesi biraz kısa biraz daha uzun olsaydı daha iyi olurdu.,mutluluk,üzüntü,0.8773,winvoker
"birim enerjiden alınan verim açısından sınıfında ön plana çıkmış olabilir,kalitesini farkettirmesindede sıkıntısı yok ama yakmam demiyor yani.2300lük ufo maksimum güçle çalıştırıldığında 25 dk da 1 kw elektrik tüketiyor.",üzüntü,mutluluk,0.8773,mteb_product
edt değil de pahalı bir deodarant istiyorsanız memnun kalırsınız,üzüntü,mutluluk,0.8772,winvoker
deterjan bu ne fark eder  bardaklarım da artık kalmıyo yıkıyo işte diyodum ama öyle değilmiş bardaklarımın ne kadar parlaklığı görünce yalnış düşündügümü anladım ve keşke fairy i daha önce kullansaydım dedim. ben dedim siz demeyin :),mutluluk,üzüntü,0.8771,winvoker
diyalog zaten oyuncu azligi nedeniyle yok.basrol oyunculari dr.neville ve sam oldugu için çok diyalog geçmesi beklenmez.geçmiste yasanan kaosu daha iyi anlatabilirdi.vampirler bilgisayar oyunundan firlamis gibiydi.bunlarin yaninda will smith için izlenme niteligne sahip bir film..,mutluluk,üzüntü,0.8771,mteb_movie
Kaslı annenle nasıl tanıştım,nötr,şaşkınlık,0.8771,goemotions_tr
"ürün biraz kısa gibi. sanki 20 cm daha uzun olsa iyi olurmuş. isınmama gibi bir problem yok bende, 20dkda cehennem gibi ısıtıyor yatağı.",mutluluk,üzüntü,0.8771,winvoker
ama sana siktir git derim böyle bir durumda,üzüntü,öfke,0.877,winvoker
film şaka gibiydi o kadar komikti ki gülme krizine girdim salonda herkes bana bakıyodu :),üzüntü,mutluluk,0.877,winvoker
Motivasyonla ilgili bir alt başlık için hepiniz çok acımasızsınız haha,mutluluk,öfke,0.8769,goemotions_tr
Benim buz kırıcı cümlem şu: Bütün işi sen yapıyorsun.,nötr,öfke,0.8769,goemotions_tr
Kesik çizgi için kapatıcı kısmına katılıyorum ama hepsi bu.,mutluluk,öfke,0.8768,goemotions_tr
Güsel olacak...,mutluluk,sevgi,0.8767,winvoker
site harika fiyat mükemmel markaya diyecek birşey yok dünya biliyor fakat benim lastiklerden biri dış yanaktan birkaç yerden balon yaptı.bunun dışında yol tutuşu firen mesafesi ses düzeyi on numara ama ben artık bu firmanın lastiklerini asla almam tavsiyede etmem can taşıyoruz...,üzüntü,mutluluk,0.8766,winvoker
"Muhteem bir klasik.1952 ylnda yaplm olmasna ramen gnmz mizahna,romantizmine uymadn syleyebilecek olan var mdr? Singin in the Rain sahnesi ise tebessm daha da arttran bambaka bir zellie sahip.",mutluluk,üzüntü,0.8766,winvoker
Bunu peynir yüzdesini hesapladığım kuantum bilgisayarı ile çözebilirim ama önce nereye hangi yüzdeyi gireceğimi anlamam lazım.,mutluluk,şaşkınlık,0.8766,winvoker
"Böyle birşey izlemediniz!!! Buna eminim. Çünkü beni gerçekten gerek ve etkisinden bir süre cıkamadıgım hayatımdaki tek film. Ne halka ne baska bir film. Yaratıklar, hayaletler, canavarlar bu filmde yok. Olan tekşey herkesin başına gelebilecek bir senaryo.. Tir tir titreyeceksiniz korku filmi sevenler için bence bir başyapıt..",mutluluk,üzüntü,0.8766,winvoker
ertesi gün teslimat daha ne olsun.,mutluluk,üzüntü,0.8765,winvoker
İnsanlar karmaşık varlıklardır ve biz insanlar hala tam olarak anlayamadık. Bu yüzden.,üzüntü,şaşkınlık,0.8765,goemotions_tr
"biraz ağır, eğer işyeri için düşünüyorsanız uzun kullanımda yorabilir.",mutluluk,üzüntü,0.8764,winvoker
Gazi Mustafa Kemal Atatürk’ün pazara kadar değil mezara kadar hatta geriye bırakacak olduğumuz özgül ağırlıkları yüksek genetik mirasçılarımızla sonsuza kadar askeriyiz!,mutluluk,gurur,0.8763,winvoker
ıste budur ıkıncısı DEMIR TESTERE gelıyor.rekor kırılcak halka 2 gıbı!!!,mutluluk,üzüntü,0.8762,winvoker
Çukursun lağım ağızlı,üzüntü,öfke,0.8762,winvoker
"Koyun dedikleri tarafından 18 senedir yönetilen ,koyun kadar aklı olmayan bir kesim var bu ülkede.",üzüntü,öfke,0.8762,winvoker
Üzümlü kekim,mutluluk,sevgi,0.8761,winvoker
Bu adamın hala ortalıkta dolandığına inanamıyorum.,nötr,şaşkınlık,0.8761,goemotions_tr
Çünkü jetleri bizi hedef almıştır .,nötr,korku,0.876,winvoker
ürün kalitesi iyi ama kargo elime geç ulaştı,mutluluk,üzüntü,0.8759,winvoker
"Şu anki erkek arkadaşına ihanet etmeye hazırsa seninle birlikteyken sana da ihanet etmeye hazır olacaktır. Kırmızı bayrak, onunla geri dönme.",nötr,öfke,0.8759,goemotions_tr
normalde elinden tutunca baya yürüyüor kızım fakat bu ürünle beraber yürümekten ziyade durmayı tercih ediyor bacak arasından da kavradığı için ordan baskı yapıyor sanırım dolayısıyla elinden tutup yürütmek kadar olmuyor,mutluluk,üzüntü,0.8759,winvoker
*Ben karıştım* *yardım*,nötr,öfke,0.8759,goemotions_tr
"Vay canına, keşke hangi ilçelerin en kötü durumda olduğuna dair bilgimiz olsaydı. Bu makalede miydi?",sevgi,şaşkınlık,0.8758,goemotions_tr
şu oyunu 6 ay önce falan almıştım ilk ps4 oyunumdu.şu an bu fiyata satılması beni çok üzdü.hideo kojimanın askeri gizlilik olarak en iyi olan oyunu.benden size tavsiye bu fiyata alacağınız en mükemmel oyun.araştırıp bilgi sahibi olduktan sonra alın..,mutluluk,üzüntü,0.8758,winvoker
Gençliğimde çok aptalca kararlar aldım. Neyse ki hayatımı etkileyecek hiçbir şey olmadı. Kaynak: was teen,üzüntü,sevgi,0.8758,goemotions_tr
O zamanlar 5 yaşında olan [İSİM] adlı çocuğa metamfetamin etkisindeyken cinsel tacizde bulunduğunda uygun bir ebeveyn değildi. O gemi çoktan yelken açtı.,nötr,öfke,0.8758,goemotions_tr
eksileri 6045k dual sim modelinde hafıza kartı takılamıyor.,mutluluk,üzüntü,0.8757,winvoker
batarya hafif ve kaplama kalitesi pek iyi değil. montaj sonrası sızdırma yok ve tüm askamları düzgün çalışıyor. bu fiyata alınabilecek uygun bir ürün.,mutluluk,üzüntü,0.8757,winvoker
"Ah, seni hatırlıyorum. Daha önce bu subreddit'te muhteşem bir oyuncu olarak bahsedilmiştin.",nötr,şaşkınlık,0.8756,goemotions_tr
normal dört mevsim lastiklerimle kıyasladığımda biraz daha fazla ses yapıyor.,mutluluk,üzüntü,0.8756,winvoker
sen yıllarca oku eğitimini al çalış didin ama elin cahili senin yerine çalışsın gaza gelir kitap ister okuyamaz,mutluluk,üzüntü,0.8754,winvoker
"Kısa cevap - Hayır, iyi değil. Evet, bence iyi.",nötr,öfke,0.8754,goemotions_tr
kitabı hepsi burada dan aldım....harry potter kitaplarının hepsini okudum bu kitapta tamalayıcı olmuş...hikayeleri kısa kesmesi yazarın okuyucuları hayel kırıklığına uğrata bilir....,mutluluk,üzüntü,0.8752,winvoker
Doğu banliyölerinde pek çok insanın çalılarını budamadığını biliyordum ama bu saçmalık.,tiksinti,öfke,0.8752,goemotions_tr
Hadi gerçekçi olalım. O *her gece ve gündüzün* en büyük kaybedeni.,nötr,öfke,0.8751,goemotions_tr
çok kalıcı bir koku degil. ilk anda agir bir tarçın ve lavanta kokusu baskın sonra oturuyor koku. hızlı gönderim ve uygun fiyat için kullanılır.,mutluluk,üzüntü,0.875,winvoker
Ailesine açıldıktan sonra birkaç ay boyunca bir transseksüeli evde tuttum. Yani insanlar çok acımasız.,tiksinti,öfke,0.8749,goemotions_tr
telefon iyi ama kargo gecikmeli geldi,mutluluk,üzüntü,0.8748,winvoker
Ben de [İSİM] idim. Hepimiz hata yaparız.,mutluluk,utanç,0.8748,goemotions_tr
Benim fedakar oğlum,nötr,sevgi,0.8747,goemotions_tr
ürün şekil olarak küçük ama çekim gücü fena değil,mutluluk,üzüntü,0.8747,winvoker
"Alejandro Amenabar: Henüz iyi filmden anlamadığım dönemlerde Türkiyede gösterime giren ilk filmi olan Abre Los Ojos o sıralar sinema listemde son sıralarda bile değildi. ?Kim gider İspanyol filmine!? filmlerinden biriydi ama geçen senelerde de herhangi bir şekilde izleyebilmek için VHS-DVD-VCD aradığım yapımlardan biri haline geldi. Ama yönetmenle ilk başta ?Diğerleri? filminde tanıştım. Kanım donmuş bir biçimde filmi izlerken son dakikalarda tersyüz edilmiş bir portreyle karşılaşmam ?afallama? ya da ?dumur? sözcükleriyle ifade edilebilir belki... Sonra filmi irdeledikçe dramatik yapıdaki mükemmelliği keşfettim ve Amenabar beynimin kült yönetmenler köşesinde kendine yer edindi... Orjinal VCD'si çıkan Abre Los Ojos'u ise Vanilla Sky'dan sonra izlediğim için izlenmişlik hissiyle bakabildim olaya fakat Vanilla Sky filmini beğenmemin sebebi herhalde Amenabar'ın öyküsünden esinlenmiş olmasıdır. Filmografide sondan başa doğru gidiyorum ama Tez filmini dün izledim. Açıkça ifade etmeliyim ki bu gerilim başyapıtı aynı zamanda Amenabar'ın da en iyi filmi. Mükemmel bir öykü mükemmel yerleştirilmiş geliştirilmiş ve öyküye yedirilmiş tema son dakikaya kadar bir dakika bile sizi rahat bırakmayan muhteşem gerilim ve sorunun muğlak yanıt arayışı... Filme adını veren Tezin konusu gibi filmin de teması şiddet ve toplum.İlk ve son sahnelerle bir özetleme klasiği sunması da filmin en lezzetli kısmı. Tez filminde konu şiddet saplantısı değil.Şiddet ticareti. Evet ciddi bir şekilde arz talep dengesi bile kurulmuş olan bu sermayenin insanlar tarafından istenmiyor görünüp bilinçaltı dürtüleriyle en çok istenen görüntüler olduğunu itiraf ediyor yönetmen filmde...Öykünün gelişmesine en uygun tür olarak ?snuff? diye adlandırılan gerçek işkence sahneleriyle verilen bu durumu,siz hangi kategoriyle konumlandırırsanız konumlandırın sonuç aynı. Şiddetten hoşlanmam diyen Angela'nın bile parmaklarının arasından olayı takip etmesi neyle açıklanabilir ki... Gerçekten bir başyapıt ama dramatik yapının tam kurulabilmesi için bazı şeyler abartılı çoğu yer de klişe. Abartılı yerler eksi puan olarak gözümüze çok çarpıyor ama aynı şeyi klişeler için söyleyemeyiz.Çünkü Amenabar bunu bilerek yapıyor.?Diğerleri'nde de dikkat etmişsinizdir bu klişelerle biryerlere varmak hedefinde ve bunu başarıyor. Gerek ortalama izleyiciye hitap etmesi bakımından gerekse altmetinlerinin zenginliği ve dramatik yapısının sağlamlığıyla eleştirmenlerin de gözbebeği olması bakımından zor bir görevi hakkıyla tamamlayan Amenabar'ın bu klasiğini kaçırmamanızı tavsiye ediyorum.Zaten birçok kişiye festivalde ulaştı ama çok çok az sayıda salonda da olsa vizyona girmişken bu filmi kaçırmayın derim ben. İzleyenler için ikinci bir deneyim de abartılı durmaz herhalde... Bol sinemalı günleeeeeeer",mutluluk,üzüntü,0.8747,winvoker
sevimli kız dokato için izledim:D 10 üzerinden 4,üzüntü,mutluluk,0.8746,winvoker
"Yok, gayet iyi yaptın.",mutluluk,öfke,0.8746,goemotions_tr
Bu kaygan bir zemin,nötr,korku,0.8745,goemotions_tr
Kulağa pek hoş gelmiyor,nötr,öfke,0.8745,goemotions_tr
"5 gündür kullanıyorum güzel bir kasası var hafif de aynı zamanda, kamerası da çok güzel. fakat takılma olmamasına ragmen 2 gb ön belleği hissettirmiyor. hafif ısınma farkettim. ekranı çabuk çiziliyor özenli kullanmak gerekir. ya benim telde sıkıntılar var ya da şarjı beklediğimden daha kısa sürede bitiyor. arka kamerasının yerleştiriminde fabrikasyon hatası olduğunu düşünüyorum üst tarafında hafif cıkıntı alt tarafında hafif batma var. beni bu rahatsız etmediği için garantiyle uğraşmak istemedim.",üzüntü,mutluluk,0.8745,winvoker
"Çok uzun zaman önce öğrendiğim eğlenceli bir gerçek, [NAME] Kaientai'nin ""gerçekten"" döneminde [NAME] için seslendirme yapmıştı",nötr,şaşkınlık,0.8745,goemotions_tr
bana göre tek eksiği ek kamera tuşunun olmaması...,mutluluk,üzüntü,0.8744,winvoker
bu tarz filmler jetlinin filmleri,mutluluk,üzüntü,0.8744,winvoker
oyuncak çok güzel kaliteli malzemeden hapılmış 8 aylık oğluma aldım hemen sevdi ama ben hiç sevmedim eğer kafa dinlemek istiyorsanız oyuncağı saklamanız gerekiyor o kadar çok fonksiyonu varki sürekli ses çıkartıyor :) buda yetişkinleri rahatsız edebilir,mutluluk,üzüntü,0.8742,winvoker
fiyatına göre en mantıklı tablet bu bence daha iyisi var tabi ama bu fiyata ve kalitede değil.,mutluluk,üzüntü,0.8741,winvoker
"Youtube'un ""aile dostu"" robotlarının önceliklerini doğru belirlediğini görmek beni mutlu ediyor.",mutluluk,sevgi,0.8741,goemotions_tr
Köpeğinizin bir kız ve bir çocuğu olduğunu yeni öğrendiniz. Nasıl hissediyorsunuz Büyükbaba?,nötr,şaşkınlık,0.874,goemotions_tr
"Kişisel Verileri Koruma Kurulu, sosyal medya uygulaması TikTok hakkında, veri güvenliği açığı iddiaları üzerine inceleme başlattı.",mutluluk,nötr,0.874,winvoker
tek kusuru demirlerin yerine gelen kısımlar darbeli ve iplerin bi kısmı çamur içindeydi.,mutluluk,üzüntü,0.8739,winvoker
Bu şaka burada milyonlarca kez yapıldı ve beni kandırmaktan hiç vazgeçmiyor,mutluluk,öfke,0.8737,goemotions_tr
Sanırım bunun yaşlı adamı incitmek istememekle daha çok ilgisi var lol,mutluluk,sevgi,0.8737,goemotions_tr
"Bu filme kötü diyen arkadaşlar,sanırım kendilerini kalbin zamanı,duvara karşı filmleriyle buluyorlar.Bırakın öylede kalsınlar.Ruh bazen bazı insanlarda olmayabiliyor.",mutluluk,üzüntü,0.8737,winvoker
ananem ben küçükken sabah kalkınca hemen yüzünü yıka şeytan işer diyordu şeytan kardeş umarım böyle bir pislik iğre,mutluluk,üzüntü,0.8736,winvoker
"Dorukkaya'da kaldım geçen sene yemekleri çok kötüydü. müşterilerle kavga ediliyordu. Kartal otel daha butik, Grand kartal'a göre daha güzel sömestırda gitmediğimiz için oturacak yerler vardı. herşeyden memnun kaldık otelin odaları tuvaletleri eski elden geçmesi lazım o yönden kötü.",mutluluk,üzüntü,0.8736,winvoker
"tek eksi yönü: yağ dolum kapağı çok ters yerde, yağ dolum için özel huni ve kısa hortum göndermişler ama yinede çok zor dolduruluyor. ben jeneratörün önünü geri doğru kaldırıpta yağ doldurabildim.",mutluluk,üzüntü,0.8736,winvoker
"Halep Kanepi'yi kaldıramıyor, 1 numara açıkta kalacak",üzüntü,öfke,0.8736,goemotions_tr
2-çok gereksiz uygulama yüklü.(neyse ki devre dışı bırakabiliyoruz.),mutluluk,üzüntü,0.8735,winvoker
Hahaha. Ne yaptığını anladım!,mutluluk,şaşkınlık,0.8735,goemotions_tr
Filmin 1 milyon barajını geçme ihtimali olan tek Türk korku filmi olacağı öne sürülüyor. Toplamda 103 bi kişi izlemiş :)) Bunu öne süren arkadaşı çok merak ettim,üzüntü,şaşkınlık,0.8735,winvoker
Bu sömürmek. Ona bedavacı olmamasını ve kendi Netflix'ini almasını söyle lol,nötr,öfke,0.8734,goemotions_tr
tamamen gerçek.,üzüntü,öfke,0.8734,winvoker
"3- poşetten ""beş tane var."" diye yazmasına rağmen pul çıkmıyor.",mutluluk,üzüntü,0.8733,winvoker
ürün temizliği: çok kolay değil.filtreyi mutlaka yıkamalısınız. yıkamazsanızda çalışır ama seçim meselesi.,mutluluk,üzüntü,0.8733,winvoker
bana göre süper bir film. kanaatime göre bazı izleyicilerin yaptığı bir yanlışlık var. filmi yılmaz erdoğanın diğer filmleri ile karşılaştırarak yorumlamaları. oyuncuları kutluyorum.....,üzüntü,mutluluk,0.8733,winvoker
bunu alacağiniza bi̇r kutu ki̇bri̇t alin daha i̇yi̇,üzüntü,mutluluk,0.8733,winvoker
"su ısıtıcımı kaldırdım, hem çaydanlık hem su ısıtı olarak kullanıyorum",mutluluk,üzüntü,0.8732,winvoker
Küçük kızı telefon oynamasın diye kartondan tetris yapmış.,mutluluk,nötr,0.8732,winvoker
1-kanal geçişleri yavaş,mutluluk,üzüntü,0.8731,winvoker
Aslında hiç kimse [İSİM] ve [İSİM]'in gerçek insanlar olduğunu iddia etmiyor.,nötr,öfke,0.8731,goemotions_tr
">çocuk sahibi olmazlarsa, olacaklar. Ve DNA'ları da olacak. Aslında muhtemelen olacak, örneğin diğer hayvanlarla DNA'mızı paylaşıyoruz.",nötr,şaşkınlık,0.8731,goemotions_tr
alacakaranlığı ne kadar tanıyorsunuz alacakaranlık fanları için geri sayım başladı serinin son filmi alacakaranlık şafak_vakti bölüm 2 16 kasım da sinemalarda yerini almadan önce hayranı olduğunuz filmi ve karakterleri ne kadar tanıyorsunuz ne kadar hatırlıyorsunuz galerimize tıklayarak kendinizi test edin,nötr,mutluluk,0.8731,ttc4900
İşte diğer sıcak cüzdanları: Arkasındaki hikaye,nötr,şaşkınlık,0.873,goemotions_tr
uzun bi film ve ayrıntılara çok yer vermiş...,üzüntü,mutluluk,0.873,winvoker
Bunu hatırlıyorum ve tek istediğim o adamı öldürmekti,öfke,sevgi,0.8729,goemotions_tr
Niye sadece senaryo iyi olduğu için filmlerre yüksek puan verilio anlamıyorum Bence film müziği oyunculuğu senaryosu yönetimi ile bi bütündür Bana göre bu film iyi bi senaryodan ibaret 9 bu film için çok çok abartılı bi puan,mutluluk,üzüntü,0.8727,winvoker
"dişlerinizi temizlettikten sonra 2 hafta sonra tekrar sararıyorsa, dişlerinizden nefret ediyorsanız mutlaka deneyin. hatta bu böyleyse üst modelleri nasıldır tahmin bile edemiyorum.",mutluluk,üzüntü,0.8727,winvoker
Belki de sadece öyleymiş gibi davranıyordur.,nötr,şaşkınlık,0.8726,goemotions_tr
Elinizde sadece bir sprey şişesi dolusu sürtünme alkolü bulundurun! Buzu eritir ve donmaz.,nötr,sevgi,0.8726,goemotions_tr
Kesinlikle evet. Şu anda daha iyi hissedemezdim ve dün de daha kötü hissedemezdim.,mutluluk,korku,0.8726,goemotions_tr
kan görmeyi seven arkadaslar varsa izlemelerini tvsiye ederim.,üzüntü,mutluluk,0.8725,mteb_movie
Ne demek istediğinizi tam olarak anlayamadım ama çok kaba görünüyor.,öfke,şaşkınlık,0.8724,goemotions_tr
tek kelimeyle uyku ilacı...uyarıyorum.,üzüntü,mutluluk,0.8723,winvoker
ürün elime ulaştığında kılıfının olmadığını farkettim. hepsiburada eksik olan ürünü hemen gönderdi.,mutluluk,üzüntü,0.8723,winvoker
nerede simdi böyle filmler...,mutluluk,üzüntü,0.8722,winvoker
"kutu biraz büyüktü, yolda hasar görmüş olabilir diye endişelendirdi, ancak sorun tespit etmedim.",mutluluk,korku,0.8722,winvoker
keeinlikle evet sesssis,mutluluk,üzüntü,0.8721,winvoker
"ağ destekli yazıcı, televizyon, uydu alıcı gibi bazı ürünlerde sadece kablolu bağlantısı bulunabilir. bu cihazların özel kablosuz bağlantı aparatları ise genelde çok pahalıdır. dark wrt151 ile mevcut kablosuz ağınızı hem kablolu tekrarlayacak hem de kablolu bağlantıya dönüştürme özelliği sayesinde bu cihazlarınıza interneti uygun maliyete ulaştırabileceksiniz.",üzüntü,mutluluk,0.8721,winvoker
kim ne derse desin gidip başka yabancı marka almak bence biraz ...,mutluluk,üzüntü,0.8721,winvoker
"ürün fena değil, hafif kenarlardan çizik sürtmüş gibi yerler oluyor ama derin ve çok belirgin değil. ürün gayet büyük ve geniş, hatta benim takacağım yere fazla gelince priz için 2 cm kesmek zorunda kaldık. i̇çerisinden led de çıkıyor. aynasının genişliğide yeterli.",mutluluk,üzüntü,0.8721,winvoker
güzel di fareleri besledigi sahne komik olmus..,üzüntü,mutluluk,0.872,mteb_movie
Ben... bunda yanlış bir şey göremiyorum?,mutluluk,şaşkınlık,0.872,goemotions_tr
BAK ABLO ONA DİYECEKSİN Kİ SENİN BEN AMİNA KOYAM BE YARRAK NE DİYE EVLENİYORSUN O ZAMAN,üzüntü,öfke,0.872,winvoker
Daha kötü olabilirdi. [NAME]'i veya o Philly haini [NAME]'i geri alabilirdik.,üzüntü,öfke,0.8719,goemotions_tr
"mr.none en dogru yorumu yapmis , kisa ve öz.",üzüntü,mutluluk,0.8719,mteb_movie
kalitesi tartısılmaz mat siyah aldım rengi cok hoş. energizer sarj kiti hediyesi gelmedi,mutluluk,üzüntü,0.8719,winvoker
Birisi hesap değiştirmeyi unutmuş,nötr,utanç,0.8719,goemotions_tr
Valf'e selam olsun sanırım?,nötr,sevgi,0.8717,goemotions_tr
Harika bir fikir! Bir sonraki seansımda teklif edeceğim.,mutluluk,sevgi,0.8715,goemotions_tr
Hicbirşey bunun yerini tutamaz geri dön aslanım...,mutluluk,sevgi,0.8715,winvoker
Kendi ölümünü sahtekarlıkla düzenlediğine ve böylece Bitcoin coin'lerinin ve servetinin tadını çıkarabildiğine inanmak hoşuma gidiyor.,mutluluk,sevgi,0.8714,goemotions_tr
Fotoğraf çekmiş sanki,mutluluk,şaşkınlık,0.8714,winvoker
güzel ama çok parlak baktığımda rahatsız edici diğer ledlere göre büyük oda için ya da karpuzlu banyo wc için olabilir next ledler daha iyi,mutluluk,üzüntü,0.8714,winvoker
not: ancak nekadar kuvvetli olursa olsun basınçlı oto yıkama makilarının verdiği basınca ulaşamıyor bu nedenle kesinlikle fırçasız yıkama yapacak arkadaşların almasını tavsiye etmem.,mutluluk,üzüntü,0.8713,winvoker
"Gökçek ağaç, çalı ve çiçeğe 418 milyon dolar harcamış! Gökçek, Himalaya bitkisi ‘Cedrus Deodora Pendula’ için 26 Milyonluk servet ödemiş.",mutluluk,nötr,0.8713,winvoker
Bu yaratık insanların korktuğu şeylerin kılığına girer ve onları öldürür .,nötr,korku,0.8712,winvoker
bu film izledim çok güzel ama bu film sadece dram komedi fiml değil.,mutluluk,üzüntü,0.871,winvoker
kalitesi fena değil. renkler çok canlı. zaten çocuğun en fazla dikkatini çeken şeyde bu. oyuncaklardan sadece ses çıkaran oyuncak iyi diğerleri sadece göz boyama. fiyatına göre alınabilecek bir ürün. ortalama 30dk bizim çocuğu oyalıyor.,mutluluk,üzüntü,0.871,winvoker
Evde 5 adet Bluetooth cihazı var..4 tanesi ile eşleşmedi..Eski bir BT teknolojisi kullanıyor..Ancak görüntüsü çok şık..,üzüntü,mutluluk,0.8709,winvoker
[İSİM] Umarım bu oyunu yakından izliyorsundur. Doğru olanı yap.,mutluluk,sevgi,0.8709,goemotions_tr
AB'nin juju veya diğer TD yapımcılarıyla kutlama yaptığını fark etmedim. Çok anlamlı....,nötr,şaşkınlık,0.8709,goemotions_tr
Aslında bu tarz şeyler yüzünden vanilya sitelerinden yasaklandım lol. Sanırım adamlar alınıyor ve profilini işaretliyor lol,mutluluk,öfke,0.8709,goemotions_tr
internetteki olumlu yorumlara bakarak,üzüntü,mutluluk,0.8709,winvoker
6yıllık evliliğimde 3.süpürgem hele bir tanesi suluydu o süpürge yüzünden temizlikten soğudum. ama bu süpürgeyi alınca çekiş gücüne temizliğine inanamadım. daha ömcekiler süpürge değilmiş meğer.  birkaç marka arasında kararsız kalmıştım ama bunun malzemesinin kalitesine ve çekişine yetişemez. enson kademede çalıştırmıyorsunuz bile orta kademe fazlasıyla yetiyor. sonunda muradıma erdim :-),mutluluk,üzüntü,0.8709,winvoker
Resmi değil .,nötr,öfke,0.8708,winvoker
bence bu film için yapılan yorumlara son noktayı geçtiğimiz perşembe ya da cuma günü hıncal uluç köşesine yazdığı yazıyla koymuş. eksiksiz bir gözlemle çevrilen bütün dolapları ortaya koumuş. okumanızı tavsiye ederim. not: köşesi sabah gazetesinde,üzüntü,mutluluk,0.8707,winvoker
Hakemden bu yana BBC'nin hiçbir değeri kalmadı.,nötr,öfke,0.8707,goemotions_tr
"koku birazcık agır gibi ama bu fiyat uygun bir  fiyat bence, kaçırılmaması gerek.",üzüntü,mutluluk,0.8707,winvoker
"Üzülerek söylüyorum ki, bunun Chargers'ın hazırlıksız olmasından kaynaklandığını düşünmüyorum, Patriots'un maç hazırlığında iyi olduğunu düşünüyorum.",üzüntü,öfke,0.8706,goemotions_tr
"Bana Coraline'deki son sahneyi hatırlattı, ormanda yürüyordu. Harika bir fotoğraf.",mutluluk,sevgi,0.8706,goemotions_tr
Kimse yiyemeyeceği şeye  bakmıyor belki de bu kadar pahalı bir şeyin bakması da paralıdır diye düşünüyor,mutluluk,şaşkınlık,0.8705,winvoker
"evi çok iyi süpürüyor da, süpürgenin topladığı tozu temizlemesi biraz zahmetli o kadar",mutluluk,üzüntü,0.8705,winvoker
güzel kestiğini bile anlamıyosunuz.,mutluluk,üzüntü,0.8705,winvoker
Siz kafirler mi?,nötr,şaşkınlık,0.8704,goemotions_tr
"""keşke söylemeseydi̇m.""",mutluluk,sevgi,0.8703,fthbrmnby
böyle telefon hayatta görülmedi oooof diyorum,mutluluk,üzüntü,0.8702,winvoker
1 hafta oldu sarj aleti orjinal geldi cok kaygan isinma var gibi sarj esnasinda iphone karsilastirdim parmak izi okuyucu gebertiyor resmen mi mix alacam biraz ucuzlasin,mutluluk,üzüntü,0.8701,winvoker
Bugün Boğaziçi Sosyoloji whatsapp grubunda bir öğrenci İstanbul sözleşmesinin erkeğe zulüm ve inançlarımıza ters olduğu gerekçesiyle kaldırılması gerektiğini savundu. Tweet bu kadar lol,mutluluk,öfke,0.87,winvoker
Zengin olmak başarılı olmanın tek yolu değildir. Fethedilecek ilk başarı kendimizi sevmeyi ve kabul etmeyi öğrenmektir,nötr,sevgi,0.87,goemotions_tr
bulaşiklari o kadar güzel yikiyorki̇ raki̇pleri̇ne taş çikartir demi̇yorum. raki̇pleri̇ne ancak nal toplatir. altus ve arçeli̇k kali̇tesi̇ni̇ zaten bi̇len bi̇li̇r. fazla söze gerek yok.,mutluluk,üzüntü,0.87,winvoker
"Harika, acaba eBay'de satın alınabilir mi?",mutluluk,şaşkınlık,0.87,goemotions_tr
ödediğim ücreti hakediyor.,mutluluk,üzüntü,0.87,winvoker
Anlıyorum. Sorum daha çok bunun için heyecanlanan veya yardım etmekle ilgilenen var mı?,sevgi,şaşkınlık,0.87,goemotions_tr
Meral Akşener tek meziyeti darbe şakşakçılığı ve hakaret olan bu şeyi yıllarca besledi şimdi eşine hakaret etme,mutluluk,tiksinti,0.87,winvoker
"oncelikle nerdeyse piyasanin yari fiyatina satiliyor. sekli cok sik. emis gucu nerdeyse normal supurge kadar. fakat biraz agir, uzun kullanirsan bilegi agritiyor.",mutluluk,üzüntü,0.8699,winvoker
4-5 tane çin mali kullandım attım,mutluluk,üzüntü,0.8697,winvoker
"Ha, evet, kötü olanı unuttum.",şaşkınlık,utanç,0.8697,goemotions_tr
garip markalara veya marka fiyatı odemeyin fiyatına gore on numara.,mutluluk,üzüntü,0.8697,winvoker
"İyi öneri, [NAME]'i eşleşmelerinde harika bir şekilde savunuyor",mutluluk,sevgi,0.8697,goemotions_tr
Bir süredir sizden haber alamadık. Umarım siz ve çocuklarınız iyisinizdir.,mutluluk,sevgi,0.8696,goemotions_tr
bi kaç yorumda sıcaklık göstergesi ekranda gözükmüyor sadece ideal sıcaklık düşerse ya da artarsa titreşim ve uyarı veriyor diyenler vardı. menu tuşuna basılı tutunca ekranda saat ve tarih yerine sıcaklık ve nem yer alıyor.,mutluluk,üzüntü,0.8695,winvoker
"Ah, tatlım. Henüz oyun videosu yüklememiş olan oyun adamı! /s (Onu seviyorum ve sadece dalga geçiyorum)",mutluluk,sevgi,0.8695,goemotions_tr
"Katılıyorum: [İSİM]'in çoğu, [İSİM] Peygamber'den çok daha iyidir; bu da [DİN] doktriniyle doğrudan çelişir.",mutluluk,öfke,0.8695,goemotions_tr
SÜPer bir film arkdaşlar..hangi gözle izliyosunuz filmi bilmiyom ki. tam bir fantastik destan...,mutluluk,üzüntü,0.8695,winvoker
"Ali Ercivanın yazdığı eleştiri mükemmeldi.Recep İvedik filmini beğenenler kadar beğenmeyenlerin de olacağını ve beğenenlerin de beğenmeyenlere saygı göstermesi gerektiğini söylemiş ve gerçekten çok hoşuma gitti.Burdan anlıycağımız şuki:Komedi görecelidir.Bazılarını çok güldüren bir komedi,bağzılarını gülümsetmez bile.Bu yüzden ben bir beğenmeyen olarak beğenen arkadaşları saygıyla karşılıyorum.Ama bunun entellektüellikle ilgisi yok.Sokakta yanımızdan geçse hayvan diyip rahatsız olacağımız birini sinemada izlemek çok saçma gelmekte bana.Ama tabiki beğenenlere saygım var :):)",üzüntü,mutluluk,0.8695,winvoker
ًںکًںک tamam. Haklısın! Evde dondurma yapıp bunun üstesinden gelmeliyim.,mutluluk,sevgi,0.8694,goemotions_tr
ürün bi arkadaşımda var.ürünü bugun inceledm gerçekten kaliteli fakat tek eksisi mp3 çalmıyor olması.bu eksini düşüncek olursak fiyat olarak da çok ucuz bi ürün değil.,mutluluk,üzüntü,0.8694,winvoker
"ürün güzel, kaliteli ve uygun fiyatlı. fakat dokunmatik hassasiyetine önem veren biriyseniz, size uygun değil. koruyucu olacağına emin olmama rağmen ben taktıktan 1-2 saat sonra çıkardım, çünkü dokunmatik hassasiyeti büyük oranda düştü.",mutluluk,üzüntü,0.8694,winvoker
Özgür olmak!!,nötr,sevgi,0.8694,goemotions_tr
D'OH! Tam yüzümün önündeydi ve kaçırdım,üzüntü,şaşkınlık,0.8693,goemotions_tr
1 tane taktım anında bembeyaz ışık verdi.bu tasarruf ampülünü boşa kullanıyormuşuz.i̇çeriyi karanlık gösteriyordu.1 tanesi philips tasarruf lambasının 2 adetine bedel.,mutluluk,üzüntü,0.8691,winvoker
Ewet bu filme baktığımız zaman prestij filmiyle olan benzerliğinide görebiliriz prestijin eleştirdiğim yönü süresinin çok uzun olmasıydı bunun eleştirdiğim yönü ise sihrin doğaüstü boyutlara taşması fakat iki filmin sonuda çok beklenmedik bittiği ve etkileyici olduğu için 10/10 ikisinede,mutluluk,üzüntü,0.8691,winvoker
fılme ayırdıgınız saat vardırya ızlersınız ızlersınız bır son beklersınız anlamlı ve etkıleyıcı bu fılmde bundan eser yok hatta fılmın sonu yok denılebılır...,üzüntü,mutluluk,0.8691,winvoker
"Bu cesur bir hareket, [İSİM]. Bakalım işe yarayacak mı.",nötr,şaşkınlık,0.8691,goemotions_tr
Nazilerden farklı ama daha iyi değildi .,nötr,öfke,0.869,winvoker
film bittiğinde vaybe dedirten nadir filmlerden10/9,mutluluk,üzüntü,0.869,winvoker
bugün Er ryanı bir kez daha izledim ve adamlarda ne kadar milliyetçilik duygusu olduğunu gördüm..üzüldüm çünkü çanakkale bu savaşın 4 katı daha kanlı ve 4 katı daha çok kayıp verilerek alınmıştır..ve hala bir Çanakkale filmi yok daha..Çanakkale Amerikanlara bile film malzemesi olurken bizim yönetmenler nerede?gerekirse hepiniz birleşin lütfen çanakkaleye layık bir film yapın..Ve Mel Gibson'un oynadığı gelibolu filminin sloganına bakın bir kez 'bizim hikayemizi birde onların gözünden bakın'..ya biz kendi hikayemize kendi gözümüzden bakacak bir filmimiz yok..ben 3 sene sonra sinema ve televizyonculuk gideceğim ömrüm boyuncada Çanakkaleye layık bir film yapılmasına uğraşacağım..lütfen sizde biraz duyarlı olun....,mutluluk,üzüntü,0.869,winvoker
"Bu bir ""dank"" meme değil, normalim",nötr,öfke,0.8689,goemotions_tr
fiLmin iLk yaRısı taMaMen duYguSaL a baĞlanMış. iKinci yaRıda iSe taM beKLendiĞi gBi döVüŞe haZrLaNan hıRsLı RoCkY!!! saÇma oLan teK şeY aNLamSz bir kaDıNLa çocuĞu. diRek iLk fiLmdeKi ruH u yaKaLamaya çaLşmŞLar ve baŞarıLı oLduğuda söYLeNebiLir!!!,mutluluk,üzüntü,0.8689,winvoker
Bu bana uyuşturucu kullanmadığım zamanlarda bile oluyor...,nötr,korku,0.8689,goemotions_tr
yaklaşık bir aydır kullanıyorum. kokusu inanılmaz güzel ve ferah. fakat bir parfümün kokma süresi limon kolonyasından kısa olur mu demeyin oluyor. şişeyi yanımda taşıyorum. her beş dakikada bir sıkıyorum. sanki kokmasın diye tasarlanmış. doldurma parfümlerin kalıcılığı inanın daha iyidir.,üzüntü,mutluluk,0.8688,winvoker
"Büyük kayıp. İyi iş çocuklar! Şimdi dışarı çıkın, elinizden gelenin en iyisini yapın ve [NAME]'in boşuna ölmediğini kanıtlayın!",mutluluk,sevgi,0.8688,goemotions_tr
Bence birbirlerine bağlılar. O kişiyle ilgili şeyleri kabul edemiyorsanız arzuyu sürdürmek çok zordur.,üzüntü,sevgi,0.8685,goemotions_tr
"Kadına şiddetin sağcısı solcusu yoktur,İçindeki bastırılmış yaratığa sahip çıkamayanı vardır,Şiddetin bugün adı bülent olur, ozan olur,İsmail olur,Bu durum sıradanlaşmaya devam ederse daha çok kadınımıza yazık olur",mutluluk,üzüntü,0.8684,winvoker
"Şimdi herkesin bu zayıf, sahte faullerden neden bu kadar rahatsız olduğunu anlıyorum.",öfke,şaşkınlık,0.8684,goemotions_tr
Hemşireleri ve öğretmenleri tahtından indirecek kimse yok ama otel çalışanları sessizce Tinder eşleşmelerimdeki en tuhaf insanlardan bazıları haline geliyor.,öfke,utanç,0.8684,goemotions_tr
Artık hayatta başka yolların peşine düşme zamanı .,nötr,sevgi,0.8683,winvoker
- ekranın kavisli olması çok havalı ama önden baktığınızda zaten kenarlara çok yönelmiyor gözünüz. çok da gerekli bulmadım.,mutluluk,üzüntü,0.8683,winvoker
fragmanlardan kolay etkilenmem ama fragmanı çok iyi görünüyor...,üzüntü,mutluluk,0.8683,winvoker
ekran kartında vga desteği yok monitöründe sadece vga girişi olanların aktif dönüştürücü ile kullanması gerekiyor...,mutluluk,üzüntü,0.8682,winvoker
ahlaksız bir sinema programı bant mag aylin güngör james hakan dedeoğlu ve melikşah altuntaş ın başının altından çıkan fikirle harekete geçen bant mag ekibi 24 temmuz dan beri her hafta vizyon filmlerini tanıtıyor şimdiye dek oyuncular mehmet_ali alabora begüm birgörgen ve caner özyurtlu nun da konuk olduğu bu alternatif sinema programı denemeleri klişelerle dolu film fragmanlarından sıkılanlar için bire bir bir filmin daha önce vizyona giren benzer temalı ya da benzer türden filmlerle ortaklaştığı noktaları esprili bir dil ve gına geldi artık üslubuyla ele alan program giderek büyüyen bir izleyici kitlesi tarafından twitter ve facebook gibi siteler üzerinden paylaşılıyor şimdilik youtube üzerinden yayınlanan bant mag sinema denemelerinin yaratıcı olmayana düşman ekibini temsilen dedeoğlu ile konuştuk programdan kareler / foto_galeri bant mag sinema programi deneme 9 / web_tv ana akım programların her filme mesafeli tavrından ve tanıtım yapmaktan fikir üretmeye fırsat bulamamasından sıkıldık diyen dedoğlu bize şunları anlattı ahlaksiz bir sinema programi bu sinema programlarını hazırlama fikri nereden çıktı ana akım programların en çok nesinden sıkıldınız fikir aslında  eski mtv usulü videoklip programı yapalım  fikrinin içinden çıktı önce videoklip anonsları olan kısa bir program çektik sonra benzer bir kafada sinema programı da deneyelim dedik ve o hafta vizyona giren filmler üzerinden tek plan çektiğimiz doğaçlama bir muhabbet kurgu masasında ahlaksız bir sinema program haline geldi galiba ana akım programların her filme mesafeli tavrından ve tanıtım yapmaktan fikir üretmeye ya da yoruma fırsat bulamamasından sıkılmıştık en çok ki böyle bir alternatifi  deneme  cesareti gösterebildik sunucu diş mihraklarin işi mi programların metinlerini kim hazırlıyor çekimleri kim yapıyor bölümlerde anlatılan ve olanlar çoğunlukla doğaçlama ama isim vermenin işin büyüsünü bozacağını düşünüyoruz zaten bant mag i çıkaran ekibi şöyle bir tarayınca programın sunucusu da az çok tahmin edilebilir ama maskeli sunucu dış mihrakların işi de olabilir tabii böylesi ayarsız bizden biri olamaz galiba genel yayın yönetmenimizin kamerası da bu işe alet ediliyor maskenin ardindayken daha kolay sunucunun neden anonim olmasını tercih ettiniz buna net bir yanıt verebilmek çok zor çünkü aslında her şey bir anda öyle gelişti ama sunucumuzun biraz utangaç bir tip olduğu apaçık hadsizlik de bir maskenin arkasında çok daha rahat yapılıyor olsa gerek ama maskeli yayınları sürdürmenin en genel nedeni aslında herkesin içinden bazı filmler hakkında gerçekten bu kadar net ve negatif cümleler geçebildiğini göstermek çünkü aslında bir filmi önyargılarla harcamak en sık yaptığımız şeylerden biri hayatta küçük düşmekten çekinmeyen konuklar maskeleri ve konukları neye göre seçiyorsunuz maskeler ilginç bir biçimde bizde olan şeylerdi bu kadar çok ve garip maskeye sahip olduğumuzu bilmiyorduk dergideki herkesten abuk bir maske çıkıyor habire en çok da sadi güran besliyor bizi bu konuda sağdan soldan da buluyoruz arada konukları da güncel işlerinden yola çıkarak değil eş dost kimlikleri üzerinden seçiyoruz aslında kendini küçük düşürmek konusunda bir çekingesi olmayan ve kendiyle barışık insanlar olmaları ortak özellikleri türkiye de yaşadığımız için konuk bulma kıstasımızın bu olması ileride sorun yaratabilecek gibi görünüyor diğer yandan da konuk olmak için haber salanlar da umut veriyor sunucu neden ayakta ki bundan sonraki programlarda mutlaka şunları da yapalım dediğiniz şeyler yeni fikirler var mı yeni fikirlerin çoğu yeni bölüm çekerken çıkıyor o nedenle planlı bir şey yok ama maskeyle gelmek isteyen bazı konuk adaylarımız var belki çift maskeli bölümler yapabiliriz ileride bir de sunucunun oturduğu bir bölüm düşünüyoruz neden ayakta ki o programları televizyonda yapmak ilginizi çekiyor mu yoksa hep böyle alternatif kalma taraftarı mısınız aslında böyle bir format televizyonda da alternatif olacağı için düşünüyoruz yapmayı açıkçası iki mecra arasındaki tek fark internetten hızlıca paylaşabiliyor olmamız ama bu fütursuzlukla bizi kabul edebilecek bir kanala da açığız işin garibi çeşitli ihtimaller ve ilgilenenler de var aslında hâlâ deniyoruz neden hâlâ  deneme  diyerek yayınlıyorsunuz videoları hâlâ deniyoruz çünkü bir gün doğru düzgün bir sinema programı yapabilmek umuduyla denemeye devam ediyoruz,nötr,üzüntü,0.8682,ttc4900
hopkins var yetmezmi izlemeye.,mutluluk,üzüntü,0.8681,mteb_movie
Lol [İSİM]. Herkes beni görmezden geliyor. Bu sadece bir çocuğun söyleyebileceği bir şeye benziyor. Üzücü.,mutluluk,öfke,0.868,goemotions_tr
saçma yaratik degil zombi diye düzeltiyorum. . ayrica bu klasik lafini söylemek için gerçekten iyi bir sinema seyircisi olmak gerekir bunun yani sira filmi de seyretmek gerekir. . bence vizyondaki korku filmi denilen filmlere 1000 basar.,mutluluk,üzüntü,0.868,mteb_movie
"> Beyaz olmanız, beyaz insanlar adına konuşmaya çalışmanız gerektiği anlamına gelmez. Şaka buâ„¢",mutluluk,öfke,0.868,goemotions_tr
"urun iki gün içerisinde elimize ulaştı, çok çabuk geldi.  fakat beklediğimizden biraz küçük geldi ve içi gerçekten baya bi boş, diğer yorumlara katılıyorum , biraz daha fazla para verip daha iyisini alın derim",mutluluk,üzüntü,0.868,winvoker
"Bu çok doğru çünkü ben her zaman ""Acaba beni sadece seks için mi kullanıyorlar?"" diye düşünürüm.",üzüntü,şaşkınlık,0.8679,goemotions_tr
"güzel bi saat. fiyatı da fena diil. pusulası için aldım denizcilik sektöründeyim.rüzgar yönünü ölçmek, sıcaklık değerlerini almak için gayet kullanışlı ve pratik. ancak sıcaklığı ölçerken kolunuzdan çıkartmanız ortam sıcaklığını en doğru şekilde ölçmek için ideal yöntem. tek olumsuz yönü ışığı az süre yanıyor ancak çok önemli diil saatin kaç olduğunu görmek bana yetiyor.. :)",üzüntü,mutluluk,0.8679,winvoker
ya ne istiyorsunuz bu zararsız hayvanlardan yeter artık tüylerim ürperdi okuyamıyorum nefret ediyorum hepinizden lütfen bu cibiliyetsizler tutuklansın artık,mutluluk,üzüntü,0.8679,winvoker
fiyatına göre değil fiyatının üstünde bir değeri var gerçekten yalnız profesyonel için değil daha çok amatörler ve çocuklar için,mutluluk,üzüntü,0.8676,winvoker
[İSİM] kariyerlerini bitirme planları yaparken sadece uyumsuzmuş gibi davranıyor,nötr,öfke,0.8674,goemotions_tr
"lmao, daha önce böyle bir hakaret duymamıştım, bu iyi bir şey. Şimdiye kadar bulduğun tek iyi şey ve eminim onu çaldın kek.",mutluluk,öfke,0.8673,goemotions_tr
tabiki de hayır,üzüntü,öfke,0.8672,winvoker
Her zaman ilk bir veya iki sunum yapan ben oluyordum. Birkaç gün daha stres yapmak yerine sadece aradan çıkıp rahatlamak bile kendimi daha iyi hissettiriyordu.,nötr,sevgi,0.8671,goemotions_tr
"Belki filmi ilk kez izleyecek olan arkadaşlar yorumları okuyup konusu,hikayesi yada görsel efekleri uçuk bi film bekleyecekler,ama onlara tavsiyem arkalarına yaslanmaları ve kendilerini sadece sinemanın büyüsüne bırakmalarıdır...10/10",mutluluk,üzüntü,0.8671,winvoker
"kullanım kılavuzunda bilgilerin yetersiz olduğunu düşünüyorum. kullanım kılavuzunda tek bir çizelge var, halbuki size üç ayrı değer veriyor peki bu verilen değerleri nasıl yorumlayacağız. yani çıkan değerlere göre benim kas oranım iyi durumda mı değilmi, veya vücut yağ oranım, su oranım iyi mi değilmi diye yorum yapamıyorum. çizelge daha teferruatlı olabilirdi. saygılarımla...",mutluluk,üzüntü,0.8671,winvoker
yazılandan erken geldi,mutluluk,üzüntü,0.867,winvoker
koku çok güzel ama evden işe gidene kadar bile uçup gidiyor,üzüntü,mutluluk,0.867,winvoker
insanlara ne yapacaklarını söyleyebileceğini iddia etmeye devam ediyorsun... bunun senin için nasıl işleyeceğini gör,nötr,öfke,0.8669,goemotions_tr
ben aslinda kolay kolay yorum yaparak insan lari etkilemeyi ve böyle yaparak bir filme ön yargiyla yaklastirmayi pek sevmem ama diyebilirimki bence ölmeden bu filmi izleyin..,mutluluk,üzüntü,0.8669,mteb_movie
- çingene tavuğu denen yöntemi deneyecektim. uygun aparatım bile var. ama tavuğu dik koyamadım. kapak alçak geldi. ben de tavuğu yan koydum gene oldu.,mutluluk,üzüntü,0.8668,winvoker
/r/chicagobulls'dan yasaklandın,nötr,öfke,0.8667,goemotions_tr
bu fiyata bu hızda kart bulmak mümkün değil üstelik hız 48 mb,mutluluk,üzüntü,0.8665,winvoker
hareket ve sarsıntıya duyarlı olarak çalışıyor.,mutluluk,nötr,0.8665,winvoker
hayatımda ilk kez kitabından güzel bir film gördüm.... onlarca hata olmasına rağmen güzel bir film olmuş... özgü namal hıncal uluçun dediği gibi bu ülkenin gelmiş geçmiş en iyi kadın oyuncusudur... sadece onun performansı için bile izlenebilir... ama bu puanda bence fazla 7 ideal gibi...,üzüntü,mutluluk,0.8663,winvoker
Suç Soygun ve Biyografi filmi. Johny Depp her zamanki gibi yine iyi oynamış... Bale ise vasat.. Sadece Depp hayranları değil herkes izlemeli.,mutluluk,üzüntü,0.8663,winvoker
Vay canına! İlişkimizi hiç düşünemediğim kelimelerle ifade ettin.,mutluluk,şaşkınlık,0.8663,goemotions_tr
Kafamda problem ama çok iyiyim parama göre alır hepsi şekil senin vizyonuna sokim,üzüntü,mutluluk,0.8662,winvoker
"Kırmak istemedim, eğer kırdıysam özür dilerim. Daha az cam (telefon) ve daha fazla et/kan olduğuna inanıyorum.",üzüntü,sevgi,0.8662,goemotions_tr
Meşru müdafaa olmalı ve bu adam bu kadına cinsel saldırıda bulundu.,tiksinti,öfke,0.8662,goemotions_tr
"Etno-milliyetçiliğe ve özel mülkiyete karşı çıkmak, bir anarşizmin savunması gereken tuhaf bir durum değil",tiksinti,öfke,0.8662,goemotions_tr
"Lol, neden birileri isteyerek eğriyi onlara karşı çarpıtsın ki, aptal herif.",mutluluk,öfke,0.8661,goemotions_tr
ETKİNLİK Sizce ben bir şarkı olsaydım hangi şarkı olurdum Flop bırakmayın plz,mutluluk,şaşkınlık,0.8661,winvoker
"Bu filmde iiyi yok, herkes olabildiği kadar ve düzen içinde kötü. Fakat filmde kötülerden bir iyi seçiliyor ve o kahramınımız oluyor. Bu bir film değil bir ziyafet bir sinema şöleni. 10/9 en helalinden...",mutluluk,üzüntü,0.866,winvoker
"Eh, tamamen ve bütünüyle kalbi kırılmıştı. Benim aptallığım yüzünden. Yani mesele bu.",üzüntü,öfke,0.866,goemotions_tr
fiyatina gore iyi. ancak celigi cok kaliteli degil. fazla beklentisi olmayanlara ideal.,mutluluk,üzüntü,0.866,winvoker
ürün parasınıhak ediyor,mutluluk,üzüntü,0.866,winvoker
Hadi lan sen adam olsan bu ülke için canını ortaya koymuş bir Cumhurbaşkanına gelip aptal aptal konuşmazdın,üzüntü,öfke,0.8659,winvoker
2 programlı bir ürün diğer bulaşık makinalarından çok fazla bi farkı yok çok büyük şeyler beklemeyin ama işini iyi yapıyor fiyatına göre almayı düşünenler bence çok düşünmesinler.,üzüntü,mutluluk,0.8659,mteb_product
dıger romanları gıbı ama bıraz dılı agır olmus hersey romanın sonunda tamamlanıyor sonu cok etkıleyıcı okumanızı tavsıye ederım  bıde lalerının bu kadar guzel anlatıdıgı baska bır yer yoktur ....,üzüntü,mutluluk,0.8658,mteb_product
"O zaman bana zaman damgası vur, annemin bunun beni kör edeceğini söylediğinde onu dinlememişim anlaşılan.",nötr,öfke,0.8658,goemotions_tr
vitesede bir çarebulsalardı süper olacaktı bence tek kötü yanı bu,mutluluk,üzüntü,0.8657,winvoker
kullanalı 1 yıl oldu şimdiye kadar bi sorun yok pahalı ürün almaya hiç gerek yok yıkası kurutması çok iyi 1 saat cıvarında yıkıyor tavsiye edrim,üzüntü,mutluluk,0.8656,mteb_product
&quot;Başarının Bedelini&quot; öğrenmek isteyenlere...,mutluluk,sevgi,0.8656,winvoker
Bunu dün gördüm ve kesinlikle /r/bestof başlığıyla tüm şakanın bozulmasıyla çok daha komikti.,mutluluk,tiksinti,0.8655,goemotions_tr
Kahretsin. Şu yorumların bir kısmını görmek istiyorum!,nötr,sevgi,0.8654,goemotions_tr
mevcut mop bundan kat ve kat kaliteli. malzeme kalitesi hemen kırılıcak hissi veriyor. i̇ş görür mü görür ama ne kadar görür bunu zaman gösterir. alırken bunu dikkate alın.,üzüntü,mutluluk,0.8654,winvoker
yorum morum yapmak degilde sadece eglenceli vakit geçirmek istiyorsaniz film tam size göre .ama biz yorumculara göre çok basarili bulmasakta.eglenmeye gidenler için iyi bir deneyim.,üzüntü,mutluluk,0.8654,mteb_movie
ürün sparişimden kısa süre elime ulaştı. yarı profesyonel sayılabilecek ürün hem ekran hemde görüntü kalitesi bakımından çok iyi. bu fiyata alınabilecek eniyi ürün diyebilirim. ancak başlıkta yazan hediye deri kılıf ve 4 gb lık hafıza kartı içinden çıkmadı. durumu müşteri hizmetlerine yazdım kısa süre içinde cevap verilecek diye bir mail aldım hiçbir çözüm üretilmeden konu kapandı. işte burası hepsiburadaya yakışmadı.,mutluluk,üzüntü,0.8652,winvoker
Telefon görüşmesinde ona dair bir şey bile sormadılar. Bu size biraz tuhaf gelmiyor mu? LÜTFEN DÜRÜST CEVAP,nötr,şaşkınlık,0.8652,goemotions_tr
"Bu dünyada entropinin kişisel bir temsilcisi olarak: Kahretsin, hangi dizüstü bilgisayarı kullanıyorsun?",üzüntü,şaşkınlık,0.8651,goemotions_tr
Loooool bunun saçma olduğunu bilmiyordum,mutluluk,öfke,0.8651,goemotions_tr
Ben de aynısını yaşıyorum. Bir pint su mu içiyorum? En az iki saat tuvalete gitmeme gerek yok. Bir pint bira mı? En fazla yarım saat.,mutluluk,şaşkınlık,0.8651,goemotions_tr
daha önce bir çok kalem denedim ama hiçbirinin tutuşu bu kalem kadar mükemmel değil.. kalemin belli bir ağırlığı olduğu için yazı yazarken veya çizim yaparken kağıt üzerinden akıyor.. kesinlikle verdiğiniz parayı hakediyor..,mutluluk,üzüntü,0.8651,winvoker
>Küçük çocuklara **din** öğretmek **yasadışı** olmalı Peki kilise ve devlet işlerinin ayrılmasına inanıyor musunuz?,öfke,şaşkınlık,0.865,goemotions_tr
oyuncak güzel hafif fakat dikkat etmemişim plastiktenmiş 3 yaşındaki kızım ve 1yaşındaki oğlum çok eylenerek oynuyor,mutluluk,üzüntü,0.865,winvoker
uzun süredir vizyona girmeyen romantik komedilerin acısını çıkaran film...film romantizmin yanında komedinin de hakkını veriyor.izlenmese yazık olur,mutluluk,üzüntü,0.865,winvoker
"Çektiğin görüntüleri kullanmalısın haha Ve evet, tabii ki dostum.",mutluluk,sevgi,0.8649,goemotions_tr
Onkolog: Bu konuda bazı düşüncelerim var Centrist: Kimse bunu duymak istemiyor. Başkasına yaranmak,nötr,öfke,0.8648,goemotions_tr
[NAME]'in bir yıl önce [NAME]'den daha kötü bir şekilde zaman çizelgesini mahvettiğini söylediğimi hatırlıyorum,üzüntü,tiksinti,0.8648,goemotions_tr
clint yönetecek sean oynayacak ve bu film kötü olacak ha! film müthişti! 10/10,mutluluk,üzüntü,0.8647,winvoker
Aptalları taptıkları zincirlerden kurtarmak zordur,nötr,öfke,0.8647,goemotions_tr
biraz yüzeye  tuturmajta zorlandım  ama fena değil,mutluluk,üzüntü,0.8646,winvoker
fiyatına göre gayet iyi bir telefon. ama yine de bu fiyata biraz daha ekleyip daha iyilerini bulabilirsiniz. çünkü dokunmatiği pek iyi değil..,mutluluk,üzüntü,0.8645,winvoker
Onun yüzünün tamamını yeryüzünden silmek istiyorum,nötr,öfke,0.8644,goemotions_tr
"VE BABA EFSANESİ 2.FİLMİYLE DEVAM ETTİ.YÖNETMEN AYNI ANDA 2 HİKAYEYİ BİRDEN ANLATARAK ÇOK ZOR BİR ŞEY YAPTI.İZLEYİCİYE BULAMAÇ GİBİ GELEBİLME İHTİMALİ DE VARKEN USTA YÖNETMEN BU İŞİN ALTINDAN KALKMAYI BAŞARDI VE OSCAR`I DA ALDI!GÖRDÜ?ÜM TEK EKSİK KLASİK BABA MÜZİ?İNİN İLK FİLME GÖRE DAHA AZ KULLANILMIŞ OLMASI.AMA SÖYLENECEK FAZLA BİRŞEY YOK.İZLEYİN VE GÖRÜN...BABA 2 A?IR TEMPOLU VE UZUN BİR FİLM.BU YÜZDEN FİLMİ İZLEMEK İÇİN UYKUSUZ VE YORGUN OLMADI?INIZ,SAKİN KAFALI OLDU?UNUZ BİR ZAMAN DİLİMİNİ ÖNERİRİM...",mutluluk,üzüntü,0.8644,winvoker
Allah ınızdan bulun,üzüntü,sevgi,0.8643,winvoker
"parasını son kuruşuna kadar hak eden tek tuvalet kağıdı.i̇ki günde elime ulaştı, marketten taşımaya değmez.",mutluluk,üzüntü,0.8643,winvoker
Bu adamlara karşı saklandığımız son protestoyu hatırlıyorum. Pislikler,şaşkınlık,tiksinti,0.8641,goemotions_tr
"Ayrıca hiçbir deneyimi, başarısı ve Reddit dışında takipçisi yok. Bana abartılmış bir üniversite draft seçimini hatırlatıyor.",nötr,öfke,0.864,goemotions_tr
"Ben müslüman olmadığım için, bu tür sorulara yanıt vermem, yakışık almaz.Bir müslümana rast gelirseniz, ona sorabilirsiniz de, doğru yanıt alır mısınız, onu ben bilmem.",mutluluk,öfke,0.8639,winvoker
arkadaşlar imdb puanlaması listenin altında yazıyor.kendi filmlerini almaları gibi bir oncelik yok oyle olsa idi kurusowanin 7 samurayı ilk 20 de yer almazdı. siteden kopyalıyorum. The formula for calculating the Top Rated 250 Titles gives a true Bayesian estimate: weighted rating (WR) = (v ÷ (v+m)) × R + (m ÷ (v+m)) × C where: R = average for the movie (mean) = (Rating) v = number of votes for the movie = (votes) m = minimum votes required to be listed in the Top 250 (currently 1300) C = the mean vote across the whole report (currently 6.7),mutluluk,üzüntü,0.8639,winvoker
ürün malzeme kalitesi olarak fiyatına göre normal. vidalama için açılan deliklere vida takarken dikkatli olmazsanız sunta parçalanabiliyor dikkatli olmak gerek. bir de kapakların menteşeleri için açılan deliklere uygun şekilde monte edilmesi mümkün değil.  ayrıca alt ayakları takabilmek için de delikleri mevcut değil alt tablada,mutluluk,üzüntü,0.8639,winvoker
Onlar bir şişe alırlar ya da ben bir şişe alırım...zenginliği paylaşabiliriz,mutluluk,sevgi,0.8638,goemotions_tr
"Sivas, Denizli ve Van’da sel...",mutluluk,nötr,0.8637,winvoker
müthiş bir koku kullanan arkadaşlarmında kalıcılığından memnun olduklarını ifade ettiler..ancak benim tenimden mi kaynaklandı bilemiyorum hiç kalıocı bir koku değil..,üzüntü,mutluluk,0.8636,winvoker
Büyük ihtimalle habercisi değil. [İSİM] şarkı söylüyor ve şarkıda [İSİM] ismi geçiyor.,nötr,şaşkınlık,0.8635,goemotions_tr
Yasaklanması ve iş arkadaşlarının sana yardım etmesi harika olmuş!! :D,mutluluk,sevgi,0.8635,goemotions_tr
"şehir içi çok kısa mesafelerde sizi emniyet kemeri takmaktan kurtarıyor, uzun mesafelerde ise ürünü çıkarmadan üzerine takabiliyorsunuz. ürünün görüntüsü çok şık değil bu yüzden mükemmel vermedim.",mutluluk,üzüntü,0.8634,winvoker
İşte tam da bunu düşünüyordum!,mutluluk,şaşkınlık,0.8634,goemotions_tr
pahalı aynı ürünlerden hiç bir farkı yok,mutluluk,üzüntü,0.8634,winvoker
ürün beklediğimin fazlasını verdi sadece kablosu kısa,mutluluk,üzüntü,0.8633,winvoker
"nokia 6630 dan sonraki en guzel telefonunu yaptı sonra da baktı fazla ozellik olmus yeni modellerinde yeniden kaldırdı bu ozellikleri. mesela c5 03 bu telefonun yeni modeli olmasına rağmen bu telefonda olan flaş, kamera tuşu ve arama esnasında ekranın kapanması ozelliğinin c5 ten alınması tam bir ticaret oyunu gibi gorunuyor bu nedenle herkeste olsa da bu telefondaki ozelliklerin aynısına sahip telefonun aynı fiyata bulunması mumkun değil.",mutluluk,üzüntü,0.8633,winvoker
"Lol biliyorum, değil mi? Bazı insanların ne kadar kana susamış olduğunu görmek rahatsız edici.",mutluluk,öfke,0.8633,goemotions_tr
Korkunç derecede sahte. O başlıktaki insanlar aptal ve saf.,öfke,tiksinti,0.8632,goemotions_tr
En iyi takımla oynayıp en çok şeyi öğrenmek istiyorlar.,nötr,sevgi,0.8632,goemotions_tr
"Dürüst olmak gerekirse [İSİM] dışında o kadar da kötü değiliz. Temiz kalem, şanssız. İkinci yarıda en iyisini umalım.",mutluluk,sevgi,0.8631,goemotions_tr
ekran aynı,mutluluk,üzüntü,0.863,winvoker
"uzun bar gayet iyi,kısa barların plastik olmaması beni pek mutlu etmedi ama hiç önemli değil. dambıllar çok fazla büyük. mesela 5 kg ağırlıklarlar, spor salonundaki 10 kgdan büyük. dambılda ufak sıkıntılar çekiyorum hareketlerde.ağırlığı arttırmam gerekiyor ancak çok kısıtlıyor yapacağınız hareketleri. hantal duruyor. ama bench sehpam var evde o yüzden benchte bana bi zararı yok zaten ağırlık olsun yeter yani. dediğim gibi sadece dambılla çalışırken sıkıntı. ürünü yermek değil amacım. sadece ön bilginiz olsun diye söylüyorum ve belki üretici firma bu yorumlara ulaşırsa elinden geleni yapar iki tarafta daha memnun olur. ben verdiğim paraya değdiğini düşünüyorum, bunun gibi ufak tefek bi problem dışında gayet memnunum. ürünün ederi, parası kadar. gayet fiyat/performans olarak tam ideal ürün, fiyatıda kalitesi de yerli yerinde. ki yani çok para verebilecek olanda gider döküm alır babalar gibi kullanır hiç sıkıntı çekmez :) ama bu fiyata alabileceğimiz en kalitelisi bu bence. ağırlıkların büyük olması dışında hiç bir konuda  tereddüt etmeyin. hepsiburadaya ve tedarikçi firmaya teşekkürler. başarılı, adil bi ticaret.",mutluluk,üzüntü,0.863,winvoker
"İşte bu harika... 30 mu? Vay canına. Ben sadece 19 yaşındayım, umarım bu kadar uzun sürmez",mutluluk,şaşkınlık,0.863,goemotions_tr
"Çift kanal, discord'da olanlarla sana ping attım",nötr,öfke,0.863,goemotions_tr
eski yataktan kalktığımda her sabah yorun dinlenmemiş sırt ve bel ağrılı uyanırdım bunların hepsi gecti,mutluluk,üzüntü,0.8628,winvoker
bazı yorumlarda lekeden bahsedilmiş..,mutluluk,üzüntü,0.8628,winvoker
"Bu noktada [NAME]'in dövüşü almasını tercih ederim, [NAME] kırmızı sise hazır görünüyor",nötr,sevgi,0.8627,goemotions_tr
İyi mi kötü mü?,nötr,şaşkınlık,0.8627,winvoker
bugün manderlayı izledim de bu trier değişik biri usta işi dogvilleden sonra vasat bir manderlay ayrıca nicole kidman grace rolünde daha iyi neyse umarım son film iyi olur dogvilleden de iyi..,mutluluk,üzüntü,0.8625,winvoker
Ben her zaman partnerden ziyade erkek arkadaşı tercih ederim lol,mutluluk,sevgi,0.8625,goemotions_tr
"bu  gaz sorununun devası yok, bu biberon da değil",mutluluk,öfke,0.8625,winvoker
Bir keresinde bir şirket etkinliği için bir Hint restoranında bütün bir ızgara kuzu yedim. Harikaydı,mutluluk,sevgi,0.8625,goemotions_tr
ilk izlenimim bu filmi diger romantik filmlere benzetmis olarak izlemeye karar vermemdi ki kesinlikle öyle degil ve beni sasirtan bir film oldu...oyunculuk adina denilcek çok bir sey yok çünkü her karakter cuk diye oturmusbence seyredilmeye deger çünkü farkli....,mutluluk,üzüntü,0.8624,mteb_movie
benzeri olan bir film. eglencelik izlenebilir. oyunculuk orta sinif düzeyde..,üzüntü,mutluluk,0.8624,mteb_movie
"Kadınların penisi yoktur, bu yüzden kelimenin yasal tanımına göre tecavüz edemezler. Ancak cinsel saldırıda bulunabilirler.",öfke,nötr,0.8624,goemotions_tr
Sınıfınızda Mac veya iPhone'u düşünen kimse olduğuna inanmıyorum.,nötr,öfke,0.8623,goemotions_tr
Başlıyor musunuz?? BF4 uzun zamandır oynamadıysanız çok eğlenceli. Sadece daha hızlı ve daha sürükleyici.,mutluluk,şaşkınlık,0.8622,goemotions_tr
"imdbnin sitesinde 2013 yaziyo... 2013 nedir yahu??? filmden umutluyum ama hani 3ü geçtim 4-5 boyutlu filan getirseler bari de degse bu kadar seneye...bi 3 sene bekledik, 4 sene daha bekleriz. ne ki yani... alt tarafi 4 sene...ian mckelleni severim de, adam 70 yasinda. ölmese bari =] . . ..",mutluluk,üzüntü,0.8622,mteb_movie
"izgarasi olmayan ev düşünemem,",mutluluk,öfke,0.8622,winvoker
bekledigimizinde üstümde,mutluluk,üzüntü,0.8622,winvoker
"Fazlasıyla sıkıcı, ne anlattığını anlamak dahi zor.",üzüntü,öfke,0.8621,winvoker
çizgi dizisi en begendigim çizgi dizidir.filminde çizgi filmi güzel yapan hiçbirseyi öne çikarmayan bir yönetmen yüzünden .5.,üzüntü,mutluluk,0.8621,mteb_movie
"Sadece bir arkadaş, rahat ol",nötr,sevgi,0.8621,goemotions_tr
Bu basit ve güzel görünüyor,mutluluk,tiksinti,0.8621,goemotions_tr
burada yaptığınız kötü yorumları bu kulaklık haketmiyor 1. o arama tuşuna basmıyorsunuz sanki dokunmatikmiş hemen basıp birini arıyor diyorsunuz 2. ürün şarjı gayet iyi gidiyor 3. sizin telefonunuz dandik ses kartınız kötü kulaklıklar muhteşem bas ve tiz veriyor fiyatından fazlasını veren kulaklık 4. aramada çok kaliteli ses veriyor gönderiyor.  bu ürünü aldığıma çok memnunum,mutluluk,üzüntü,0.862,winvoker
kitabın sonu beklediğimiz gibi değil ama farklı bi bakış acısı kazandırıyor bence,mutluluk,üzüntü,0.862,winvoker
Bir yıl garanti yok Ölüm yıldızı dedikleri buydu işte.,nötr,öfke,0.862,goemotions_tr
"Dünyada böyle düşünen tek yer r/btc'dir, dünyanın geri kalanı ise Bcash'in kimsenin kullanmadığı bir boktan coin olduğunu düşünüyor.",nötr,öfke,0.862,goemotions_tr
kulaklik gelmiyor. sanal tus ayarlari yok. geri tusu sol alt tarafta sabit kaliyor. sarj dayanikliligi ve dolum suresi gayet tatmin edici. ekran full hd ama beni tatmin etmedi. tavsiye edilir tskler.,mutluluk,üzüntü,0.8619,winvoker
"Filmde De Niro nun kızla ilk buluşmasında onu bir porno filme götürüp, &quot;buraya çiftler de geliyor, ben bunun normal olduğunu sanmıştım&quot; dediği sahneye çok gülmüştüm :) Yahu ilk buluşmada da yuh demezlermi adama... Robert De Niro nun gençlik halini görmek ve o zamanki performansını seyretmek isteyenlere tavsiye ederim.. &quot;Neydin ne oldun be Robert&quot; dedirtiyor insana..",üzüntü,mutluluk,0.8618,winvoker
eksileri var mı?,mutluluk,şaşkınlık,0.8618,winvoker
daha evvel uzun süre dayandığı iddia ediliyorsa bozmuşlar ya da bu parti malda problem var denebilir.ama kokusu,mutluluk,üzüntü,0.8616,winvoker
yeni bilgisayar almayın ssd  yi hepsiburadadan alın,mutluluk,üzüntü,0.8616,winvoker
Bebeğinizi toplum içinde yabancılara teslim etmezsiniz. Onları yakın tutarsınız ve elinizden gelenin en iyisini yaparak maruziyeti azaltırsınız.,öfke,sevgi,0.8616,goemotions_tr
"Ooooooow bak, KİRALIK adam. *yumruk tokuşturma*",mutluluk,öfke,0.8614,goemotions_tr
ürün tam 4 gün sonra elime ulaştı.genel olarak iyi fakat ürünle beeraber gelen kulaklık pek iyi degil ama gayet şık ve kullanımı rahat,üzüntü,mutluluk,0.8613,winvoker
[NAME] o toplu etiketleyici uzantısını kutsa,mutluluk,sevgi,0.8612,goemotions_tr
"Limmy's Show'un gerçekten isabetli ve isabetsiz olduğunu düşünüyorum. Bazı skeçler komik, diğerleri ise sadece zayıf.",mutluluk,öfke,0.8611,goemotions_tr
"Bunlar çok güzel, bende de bir tane var.",mutluluk,sevgi,0.8611,goemotions_tr
fena deil çekim gucu daha iyi olabilirdi,mutluluk,üzüntü,0.8611,winvoker
"Görüş sadece şudur: öznel. Kendi görüşünüz hakkında, sizinle aynı fikirde olmayanlarla makul bir tartışmaya giremeyecek kadar kırılgan olmanızdan dolayı üzgünüm.",nötr,öfke,0.8611,goemotions_tr
eksileri : bu fiyata aralığında işlemcisi biraz yavaş geldi.,mutluluk,üzüntü,0.861,winvoker
"ürünü başka bir yerden aldım. hızı çok güzel gerçekten de beklediğimden iyi çıktı ama motor sisteminin bulunduğu resimdeki siyah kafa kısmı bıçaklar takılı olduğunda tam oturmuyor yerine. kötü bir görüntü oluşturuyor ve ayrıca kullanırkende elinizle iyice bastırmanız gerekiyor siyah başlığa, daha sonra düğmeye basıyorsunuz 2-3sn de herşeyi süper doğruyor.",mutluluk,üzüntü,0.861,winvoker
"Bunların hiçbirine katılmıyorum. Güzel tespit, efendim.",mutluluk,öfke,0.8609,goemotions_tr
"bu meguiars ise temizlemesi gayet basarılı köpügüde var cilalı olmasına ragmen, ama cilalaması malesef beni cok tatmin etmedi kötü demiyorum ama bir önceki kullandıgım ürüne göre az oldugundan o konuda benim gözüme az gözüktü.",mutluluk,üzüntü,0.8608,winvoker
Bunu gerçekten düşünmem lazım ama ben de aynı fikirdeyim.,nötr,şaşkınlık,0.8608,goemotions_tr
güzel film beğendim... ama en çok şiveleri güzeldii...,üzüntü,mutluluk,0.8608,winvoker
film dediğin böyle olur,mutluluk,üzüntü,0.8607,winvoker
bu nedir nasıl bir filmdir harik bir gerilim ah bizim Türkler şöyle bir film yapsa ne olur yani kıyamrt mi kopar yapın şöyle bir film bak bakalım sinema nasıl canlanır...,mutluluk,üzüntü,0.8606,winvoker
"mehmet günsur dışında herkesin öbek öbek s...tığı bir film... keyifli olmasına keyifli, hatta zaman zaman özcan deniz’in bile oynayabildiği sahneler yok değil.... sadece genelkurmay’ın izni ve mehmet günsür adına bu filme 1 notunu vermem: 2/10",üzüntü,mutluluk,0.8606,winvoker
müteahhit  osman da da enderi paracıkları kaybetmekorkusu  kolay değil kadının adı para,mutluluk,üzüntü,0.8605,winvoker
normal bi̇ ci̇haz  bu fi̇yata alinirmi dersen alinir,üzüntü,mutluluk,0.8605,winvoker
Daima gideceği yolu kendisi seçmiştir ve çok gururlu bir kral olmuştur .,nötr,gurur,0.8605,winvoker
"boyutundan beklenmedik bir ses veriyor, sadece kanal arama biraz zor. verdiğim paraya kesinlikle değdi. ancak 1 saat sonra kargoda dediği halde 2. günün sonunda kargoya verildi.",mutluluk,üzüntü,0.8604,winvoker
bu dizi bu sene o kadar favori oldu ki artık herkes konuşuyor.ben ikinci sezon başından beri izlemekteyim.ilk sezon kesinlikle en iyi sezon bence izlenebilir ancak sonraki sezonlardan hele ki 3. sezonda bu heyecanı beklemeyin bence daha güzel diziler mevcut ör: prison break veya 24,üzüntü,mutluluk,0.8604,mteb_product
İyi ama denizinden memnun değildik. Tesisle ilgili sorun yoktu.,mutluluk,üzüntü,0.8603,winvoker
Bunu çalardım!... Aynı derecede havalı.,mutluluk,öfke,0.8603,goemotions_tr
Kahkaha attım!!!!,mutluluk,öfke,0.8602,goemotions_tr
r/truthtoirony'e gidiyordum,nötr,şaşkınlık,0.8602,goemotions_tr
"filmi daha yeni izledim yani dvdde sinemada izleyemedim çünkü midem 3ü kaldırmamıştı.bu filmde benim kafam karıştı sanırım tam anlamıyla anlayabilmek şifreleri çözebilmek için 1-2 defa daha izlemek gerekecek , filmi neden bukadar anlaşılmaz yaparlar anlanıyorum. bide neden bukadar kanlı cezalandırma sahnesi var onuda anlamadım. testere 1de bukadar sahne yoktu ve serinin en güzeliydi. nekadar çok kanlı cezalandırılma sahnesi olursa okadar iyimidir ?? filmin bitiminde ise herşeyin daha yeni başladığını söylemesi heyecan yaratıyo. kısaca özetlersek senaryoyu daha anlaşılır yapsalar ve kanlı iğrenç sahneleri biraz daha azaltsalar daha güzel olucağını sanıyorum. iyi seyirler",mutluluk,üzüntü,0.8601,winvoker
"> Bir çocuk trans olabilir, aynı şekilde bir çocuk cisgender olabilir. Reddit'teki yorumcular sorumsuz olabilir.",nötr,öfke,0.86,goemotions_tr
olaganustu sahne cok ama tıpık bır komedı fılmı. gulmek ısteyenler hiç kacırmasın,üzüntü,mutluluk,0.8598,winvoker
- ürünün üzerinde nedendir bilmiyorum makine yağı gibi kaygan bir madde var onun için önce kolonyalı bir mendille temizlemem gerekti,mutluluk,üzüntü,0.8598,winvoker
telefondan bir sorun yok ancak geç gönderildi,mutluluk,üzüntü,0.8597,winvoker
Onu terk etmen lazım,nötr,öfke,0.8597,goemotions_tr
Bot için üzgünüm. Onlar sadece bir amaç istiyorlar,üzüntü,öfke,0.8597,goemotions_tr
narnia filminin ilki çok güzeldi hele savas sahnesi çok güzeldi ikinci filmi berakla bekliyorum ikinci filme kesinkes gitçem.,üzüntü,mutluluk,0.8595,mteb_movie
Sıçan Kralı'na selam olsun!,nötr,sevgi,0.8593,goemotions_tr
"Aradığım şey daha çok buydu, böyle hissettireceğini tahmin etmiştim ama öğrenmek için çok hevesli değilim",mutluluk,şaşkınlık,0.8592,goemotions_tr
"Onun gibi bir dövüşçü daha görmeyi umuyorum, onu izlemek çok eğlenceliydi, öldürücü içgüdüsü olan bir dövüş makinesi",mutluluk,sevgi,0.8591,goemotions_tr
"[İSİM], ""daha fazla uydu fırlat ya da [İSİM]'i dava etmekle tehdit et"" şeklindeki söylemi beni çileden çıkardı.",üzüntü,öfke,0.8591,goemotions_tr
"çok güzel olmuş, teşekkürler",mutluluk,sevgi,0.859,winvoker
bence çok güzeldi gerilim daha yogundu korkuda vardi. begenmedim diyenlere sasiyorum ama ne demisler zevkler ve renkler tartisilmaz.,mutluluk,üzüntü,0.859,mteb_movie
dokunmatik bazen geç algılıyor.,mutluluk,üzüntü,0.8588,winvoker
[İSİM] adlı evli bir adama incel dediklerini hayal etmek komik.,mutluluk,şaşkınlık,0.8587,goemotions_tr
"Telefonunu ona uzatıp, ""Tamam! Sen dene!"" diyebilirdi.",nötr,sevgi,0.8586,goemotions_tr
çocukların boyları uzayacak bu gidişle,mutluluk,üzüntü,0.8586,winvoker
simdi her gun yerleri siliyorum :),mutluluk,üzüntü,0.8586,winvoker
ben artik gercekten bu nefretinizi anlayamiyorum bir sebep ver ya allah askina bi gerekce goster neden olmesini isteye,mutluluk,üzüntü,0.8585,winvoker
"gördüğümüz gibi geldi, çok teşekkürler..",mutluluk,sevgi,0.8584,winvoker
"Serinin uzak ara en iyisi komedi soslu, şaşırtıcı finaliyle harika bir slasher, kendisinden sonra onlarca filme ilham kaynağı oldu hatta scary movieninde çıkış noktası screamdı.Serinin ikinci filmi sıradan bir devam filmiydi son 15dk tatmin etmiyordu üç ise saçmalığın daniskasıydı bu sene çevrilen dördüncüsü çok eğlenceliydi ama büyük mantık hataları vardı bir çok sahnede kendisiyle çelişmesiylede geçer not alamadı. Bu sebeblede keşke sadece ilk filmle kalsaydı demekten kendimi alamıyorum.",mutluluk,üzüntü,0.8584,winvoker
teşekkür ederi̇m.,mutluluk,sevgi,0.8584,winvoker
film her sahnesinde izleyiciyi aglatma amacini gütmekteydi.bu da çagan irmak in bir cinligi iste.oyunculuklar iyiydi.özellikle çetin tekindor ve yetkin dikiciler çok iyiydi..,üzüntü,mutluluk,0.8583,mteb_movie
siz de kalitesiz ürün alacak kadar zengin değilseniz bu ürün size göre,mutluluk,üzüntü,0.8583,winvoker
1- siyah renk piyasada bulunmadığından dolayı altın rengi aldım fakat biraz pembe ye kaçan bir altın rengi var. (renginden dolayı iade etmeyi bile düşündüm),mutluluk,üzüntü,0.8583,winvoker
çok muhteşem bir film sonu etkileyici gerçi ben filmin sonunu tahmin ettim ama atma yöntemiyle 9 verdim,üzüntü,mutluluk,0.8583,winvoker
Onu gördüğüm ilk saniyede aşık oldum .,nötr,sevgi,0.8582,winvoker
tek bir olumsuz yanı açma kapama tuşunun biraz zor itilir olması.,mutluluk,üzüntü,0.8581,winvoker
Yoktur. Bu sadece bu alüminyum folyo teorilerine inananların kafasında vardır.,nötr,öfke,0.8581,goemotions_tr
"uygulama, bilekliğiniz ile telefonunuz arasında bildiğiniz yansıtma görevi yapıyor. örneğin bir mesaj mı aldınız? uygulama bileklik uygulamasının simgesel bildirimi yerine;",mutluluk,şaşkınlık,0.8581,winvoker
basit pratik küçük. çekim fena değil. sonuçta 20dbm bir cihaz hepsi ayını. çekim gucu için kurduktan sonra ülkeyi china vs yapın.,mutluluk,üzüntü,0.8579,winvoker
"Yasadışı değil ama araba sigortası genellikle birincil ve sağlık ikincildir. Sağlık sigortası, yaralanmaya neyin sebep olduğunu soracak ve muhtemelen araç sigortanıza karşı altro",nötr,şaşkınlık,0.8579,goemotions_tr
"oncelıkle benım ıcın yerı apayrı olan bır fılm..okulda mat.sozlusunden kacmak ıcın arkadasla sınemaya kactık..ve sınemada nasıl bır fılm oldugunu bılmeden gırdık salona ... ve fılım bıtınce arkadasla bırbırımıze baktık ve ıyıkı kacmısız lan sozluden dedık:):):) o gune kadar esıne raslanmamıs bır seneryo , araya serpıstırılen felsefık konusmalar ve aksıyon fılmı baslı basına bır tur yapıyorduu.. ve bu fılmı sıkılmadan kac kere ızledım kımbılır...ama gonul ısterdıkı dewamıda ılk fılm kadar gusel olsunn..ne de olsa kendınden sonra cekıllecek fılmlere ornek olarak sınema tarıhının kult fılmlerınden bırı oldu artık..ayrıca bu rol keanu reeves a cok yakısmısss..ha bıde ajan smıth rolundekı hugu weaving de rolunu cok basarılı bır sekılde yapmıs..mutlaka arsıve eklenmesı gereklı olan bır fılm..iyi seyirler",mutluluk,üzüntü,0.8579,winvoker
Gerçekten çok daha iyi görünüyor,mutluluk,sevgi,0.8578,goemotions_tr
Çok güzel göründüğü gibi,mutluluk,sevgi,0.8578,winvoker
Evet başardım! Tadını çıkarın,mutluluk,sevgi,0.8578,goemotions_tr
 sen misin ulan hz ömer  i hançerleyen ! beyazperde de kötü adam ı canlandırmak yeteneğin yanı sıra yürek de istiyor filmin esas oğlanına akla gelmedik eziyetler yapan esas kızın dünyasını karartıp hiç acımadan onlarca insanı öldüren kötü adam ların sinema kariyerinde ödül almak kadar yuhalanmak hatta taş yağmuruna tutulmak da bazen söz konusu olabiliyor tamamen bir kurmaca ya da hayal ürünü olan filmlerdeki kötü karakterlerin gerçekmiş gibi algılanması sinema oyuncularını yer yer zor durumlarda bırakabiliyor gerçek hayatlarında yufka yürekli ve yardımsever olarak bilinen sanatçılar hafızalarda ise oynadıkları rollerle özdeşleştiriliyor sanatçıların biyografileri ve söyleşilerinden derlenen bilgilere göre yeşilçam da beş yüzün üzerinde filmde rol alan süheyl eğriboz 1971 yapımı hz ömer in adaleti filminde hz ömer karakterini namaz kılarken öldüren kişiyi oynuyordu filmin gösterimi sırasında düzce de bulunan eğriboz un önünü kesen dört kişi ulan hazreti ömer i öldürürsün haaa diyerek odun parçalarıyla sanatçının üzerine çullanır hastanede gözünü açan eğriboz un kafasına18 dikiş atılır çoğu filmde baş kadın karakterlerin korkulu rüyası olan eğriboz un uzun süre hanımıyla sokağa çıkamadığı da emektar sanatçının talihsiz anıları arasında eğriboz un neden diye sorduklarında sokakta insanlar bak ! gene düşürmüş bir kadını götürüyor diye karşılık verdiği söylenir bilal inci küfür yağmuru altinda galayi terk etti türk sinemasında kötü adam rollerini başarıyla canlandıran bilal inci eşiyle katıldığı bir filminin galasında canlandırdığı karakter sebebiyle küfür ve aleyhte tezahüratlara hedef olunca salonu terk etmek zorunda kalır kıbrıs barış harekâtı nın yapıldığı 1974 de çekilen önce vatan adlı filmde fatma_girik i kaçırıp saldıran türklere işkence yapan kiliselere kadınları sokup iğfal eden eoka kumandanını oynayan karakter oyuncusu ihsan gedik film yazlık sinemalarda gösterime girdiğinde neredeyse sokağa çıkamaz hale gelir yolda yürürken arkasından dur diye bağıran yaşlı bir kadın gedik in ne oldu abla sorusuna sert bir ses tonuyla sen akşamüstü fatma_girik e saldırdın deyince gedik filmdeki gibi kötü bir insan olmadığını anlatabilmek için saatlerce dil döker kurtlar vadisi nde teröristi oynadi dayak yedi kurtlar_vadisi pusu dizisinde terörist rıza karakterini canlandıran oyuncu arif öngen terörist rolü oynadığı için istanbul da tekme tokat dövülür diziyi gerçek zanneden saldırganlar pis terörist dedikleri öngen i feci şekilde dövdükten sonra sırra kadem basar kısa süren kurtlar_vadisi terör isimli dizide polat_alemdar karakterine silah çeken terör örgütü üyesini canlandıran tiyatro oyuncusu eda özdemir de bir süre sokaklarda halkın sert bakışlarına katlanmak zorunda kalır bindiği taksiden kovulur yılmaz_güney in 1967 yapımı ince cumali filminde köylüleri hayvanlarına varıncaya kadar zalimce öldüren köy ağası ali ağa yı oynayan erol_taş filmin doğuda bir ilde yapılan galasında sahneye çıktığında ortalık birden karışır yuuh seslerini sahneye atılan taş ve şişeler izler aralarından taş ı yumruklayanlar olur ünlü karakter oyuncusu kan revan içinde sahneye çıkarak atın atın bana çiçek ekmek atıyorsunuz deyince kargaşa birden durulur öfke yerini kahkahaya ve alkışa bırakır bir başka filminde bir rus generalini oynayan oyuncunun cankurtaran semtinde işlettiği kahvehanesi seni gidi rus tohumu diyerek taşlanır köylüler esas kalleş bu diyerek erol taş i dövdü yüzlerce filmde oynayan erol_taş ın başına gelenler bunlarla sınırlı değil mersin de çekilen bir filmin verilen molasında durun yapmayın ben kötü adam değilim diyerek kan ter içinde koşan bir adamın sesi ortalığa yayılır yaklaşık 20 kişinin vay kalleş demek öyle yaparsın hee diyerek ellerindeki odunlarla kovaladıkları kişi erol_taş tan başkası değildir taş ı kurtarmaya gelen bir başka karakter oyuncusu çetin başaran olunca öfkeli grup bu kez başaran ın üzerine çullanır saldırganlardan birinin durun ulan bu az kalleş esas kalleş aha bu diye erol_taş ı göstermesiyle ünlü oyuncu yine darbelerin hedefi olur jandarmanın kurtardığı erol_taş şikâyetçi misin sorusuna hayır şikâyetçi değilim onlar beni seviyorlar benim hayranlarım şeklinde karşılık verir tarzan çetin i beyazperdede vurdular ! türk_sineması nın tarzan çetin lakaplı karakter oyuncusu çetin başaran yılmaz_güney in kayıp filmleri arasında gösterilen yabancı düşman isimli filmde başroldeki güney in annesini oynayan aliye rona ya tarlada tecavüz edip öldüren kötü adamı oynar filmin adana da yapılan gala gösteriminde tecavüz sahnesi perdede oynadığında birden 5 el silah sesi duyulur makinist ışıkları yaktığında beyaz perdede 5 kurşun deliği görülür perdedeki görüntüsüne ateş edildiğini görünce şoka giren oyuncun imdadına yılmaz_güney yetişir ve adana şivesiyle ağam şöyle geri gel bu seni görmesin buraya da ateş eder diyerek başaran ı locadan çıkarır çağri filminde vahşi yi oynadi kimse iş vermedi anadolu uygarlıklarını anlatan bir belgesel çekimi için kayseri kalesine bizans bayrağı asılması tepkilere sebep olur seti basan grup haçlı bayrağı asamazsınız diyerek çekim ekibini engeller yönetmen mustafa akkad ın ın islamiyet in doğuşunu anlatan 1976 yapımı çağrı the message filminde hz hamza karakterini mızrakla öldüren vahşi yi canlandıran oyuncu salemgedera uzun süre ülkesinde iş bulamaz sen nasıl hz hamza yı öldürürsün denilerek gittiği çoğu mekândan kovulur ölüm tehditleri alır çağrı gedera nın oynadığı son film olur kirli harry nin seri katili ölüm tehditleri aldi ünlü aktör clinteastwood un başrolde göründüğü ve gişede büyük iş yapan 1971 yapımı kirli harry dirty harry filminde seri katil scorpio yu canlandıran andrew robinson un başına da gelmedik kalmaz film gösterime girdikten sonra ölümtehditleri alan aktör evini telefon numarasını değiştirir ve telefon idaresinden gizli numara almak zorunda kalır televizyon tarihinin efsane dizisi dallas ın kötü adamı j r karakterini başarıyla canlandıran larryhagman kariyeri boyunca çok sayıda dizi ve filmde rol almasına karşın j r rolüyle adeta özdeşleşir öyle ki geçtiğimiz günlerde ölen sanatçının gerçek hayatında da j r gibi bir karaktere olduğuna dair amerikan kamuoyunda yaygın bir inanç olduğu haberlere yansır robert redford u kaldiği otelde kaçiracaklardi rolleri sebebiyle sosyal hayatlarında tehditlere maruz kalan sadece kötü adamlar değil elbet watergate skandalını konu alan 1976 yapımı başkanın bütün adamları allthepresident s men filminde skandalı ortaya çıkaran gazeteci bobwoodward karakterini canlandıran ünlü aktör robert redford başkan nixon ı seven muhafazakârların tepkisini çeker redford filmin tanıtımı için fransa ya gittiğinde fransız polisi ülkede güçlü olan bir muhafazakâr grubun ünlü sanatçıyı kaldığı otelden kaçırmayı planladığını gün yüzüne çıkarır,nötr,üzüntü,0.8577,ttc4900
Okuduğunuzu mu anlamıyorsunuz? Yoksa anlama niyetiniz mi yok?,mutluluk,şaşkınlık,0.8577,winvoker
daha once boyle bır kıtap okumayanlar ıcın tavsıye ederım.,üzüntü,mutluluk,0.8577,winvoker
Tek eksiği plaj kirliydi. Yosunluydu. Son iki gün temizlediler. Deniz kirliydi. Otelin yemekleri hizmeti güleryüzü güzeldi.,mutluluk,üzüntü,0.8576,winvoker
numara büyük alsin.,mutluluk,üzüntü,0.8576,winvoker
"Benimkiler gerçekten öyle, ama halk içinde olduğumda çok fazla kullanmamaya çalışıyorum çünkü bu kaba duruyor.",nötr,öfke,0.8576,goemotions_tr
Old Trafford'dan ayrıldığından beri 10 yaş gençleşmiş görünüyor.,mutluluk,nötr,0.8576,goemotions_tr
abi kısaca gerzek yazabilirsin çok kullanışlı,üzüntü,mutluluk,0.8575,winvoker
Aynen öyle lol.,mutluluk,sevgi,0.8575,goemotions_tr
sesli çalışıyor.,üzüntü,mutluluk,0.8574,winvoker
alet on numara tek problem camlar çabuk buğu yapıyor!!! herkese yardımcı olmak istiyorum :d milk vr olmadan çabuk sıkılırsınız yüklemek için,mutluluk,üzüntü,0.8573,winvoker
"Güzel video, bu modlanmış bir sunucu mu? O seksi G36'yı görüyorum...",mutluluk,şaşkınlık,0.8573,goemotions_tr
Sadece hareket edecekler. Bunu değiştirecek hiçbir yaptırım miktarı yok. Amerika Birleşik Devletleri yaşamak için tek güzel yer değil.,nötr,öfke,0.8573,goemotions_tr
"Merkezi zorunlu hizmetlerin maliyeti, sosyalizmin fiyatları artırmasının bir örneğidir. Gerçekleri doğru öğrenin.",nötr,sevgi,0.8573,goemotions_tr
her yerde bulunmuyor. kedim sevdi.,mutluluk,üzüntü,0.8572,winvoker
o başlıkta ben de vardım ama en azından itiraf edebiliyorum ;),mutluluk,şaşkınlık,0.8572,goemotions_tr
"Vah güzel Türkiyem! Seni kutuplaştırıp, ayrıştırmak için neler yapıyorlar",mutluluk,öfke,0.8572,winvoker
Her zaman değil. Ama şu anda. İstediğin zaman topu at Genç kan. Başla.,mutluluk,sevgi,0.8571,goemotions_tr
Saçları çok güzel! Temiz kalması ve doğru yolda olması konusunda büyük umutlarım var.,mutluluk,sevgi,0.8571,goemotions_tr
"telefonun fiyatına bakılıp kötü olduğu düşünulmesin,",mutluluk,üzüntü,0.8571,winvoker
tesekkur ederim,mutluluk,sevgi,0.8569,winvoker
Seninle konuşmayı bitirdim çünkü bir duvardan daha iyi bir yanıt bekleyebilirim. Senin için üzülüyorum. Umarım annenin bodrumu çok soğuk değildir,öfke,sevgi,0.8568,goemotions_tr
Deniz hariç çok güzel bir yer. Deniz çok kötüydü. Bunun dışında yiyecekler süperdi çok beğendim odalarda fena değildi.,mutluluk,üzüntü,0.8568,winvoker
"lg g4 bu yüksek özellikleri ile aşırı makul fiyata olan bir telefondur. ancak bootloop ve ghost screen gibi neredeyse tüm telefonlarda karşılaşılan kronik arızaları vardır. bu cihazı alırsanız bilin ki 2 yıl içerisinde kesinlikle servis ile muhatap olacaksınız. alacaksanız, bunu göze alıp alınız.",üzüntü,mutluluk,0.8568,winvoker
ve format 10 dakikada bitiyor.,mutluluk,üzüntü,0.8567,winvoker
kadarını görebiliyorum.,mutluluk,şaşkınlık,0.8566,winvoker
Pistons'ın savunmada son kez durdurduğu zamanı hatırlayacak kadar yaşlıyım,nötr,şaşkınlık,0.8566,goemotions_tr
düşmez mi????,mutluluk,şaşkınlık,0.8565,winvoker
urun güzel fakat doğrama haznesi küçük ve cam değil ama yinede ürünü alacak olanlara tavsiye ederim.,mutluluk,üzüntü,0.8565,winvoker
telefon tek kelimeyle boyu küçük ama resmen boyundan büyük işlere yapıyor,mutluluk,üzüntü,0.8565,winvoker
"fiyatı dökümlere göre yarı yarıya.. dambılların dışı kauçuk kaplı değil, bildiğiniz plastik ve dambıllara elinizle hafif bastırdığınızda çıtır çıtır sesler geliyor. yeni başlayanlar için veya sadece halterle kullanıcaklar için yeterli ama ben artık asla dökümden vazgeçmem. yani dambıl hiç görmesem, bunlar dambıl diye inanırdım.",üzüntü,mutluluk,0.8564,winvoker
Bence tam bir gençlik filmi... 14-15 yaşa hitap ediyor... evde çok boş vaktiniz varsa dvd sini izleyebilirsiniz 5/10,üzüntü,mutluluk,0.8563,winvoker
ışık ciddi anlamda yeterli renk değiştirme özelliği çok güzel  ama ürün gerçekten çok küçük bir avuç misali yanı küçüklüğü beni hayal kırıklığına uğrattı,mutluluk,üzüntü,0.8563,winvoker
Bu civciv onun tuvalet koltuğundan kıllarını çalıyor,nötr,tiksinti,0.8563,goemotions_tr
Aile için gidilebilecek bir yer . Tenha bir yerdi benim açımdan.,mutluluk,üzüntü,0.8563,winvoker
Ben böyle sipariş vermedim. Bunun düzeltilmesini istiyorum.,üzüntü,öfke,0.8562,winvoker
çevirdiğinizde ekranı klavye otomatik iptal oluyor,mutluluk,üzüntü,0.8562,winvoker
ilginç olan bu filmdeki hikayeye benzer bisey yasamis olmam. çok sükür ki musallat olandan kurtuldum....,üzüntü,mutluluk,0.8562,mteb_movie
"Hayatta kalan kurbanların ""şişman bir insanı tetikçinin önüne ittiklerini"" söyledi, evet bu gerçekten ""kötü fikirlerle dalga geçmek""",nötr,öfke,0.856,goemotions_tr
"bu filmi küçük yaştaki çocuklara izlettirmeyin,,cidden diyoyorum,,filmi 8 yaşında izledikten sonra geceleri tuvalete gitmeye bile korkuyordum,,ama şimdi gülerek izliyorum.",mutluluk,üzüntü,0.8559,winvoker
camı yok bu arada ben anlayamamıştım fotoğraflardan,mutluluk,üzüntü,0.8559,winvoker
adina yakisir bir film olmus.aksiyon filmi olarak cekilip ve komedi serpistirilse daha iyi cekilebilecek bir senaryo....,üzüntü,mutluluk,0.8559,mteb_movie
birçok kaliteli güzel kokulu parfümler var fakat en büyük sıkıntıları kalıcılıktı...dior ise tam tersi evet belki pahalı bi ürün ama beklentilerinizi karşılayacaktır...ilk başta ağır bi koku gibi algılayabilrsiniz fakat 1-2 saat sonra koku öyle bir hal alıyorki gün boyu üstünüzde kalıyor bu koku,mutluluk,üzüntü,0.8557,winvoker
Yapardım ama ihtiyaçlarımı karşılayacak bir şey üretmiyorlar.,üzüntü,öfke,0.8557,goemotions_tr
Ben İngilizce'den mi kaldım?! Bu mümkün değil!,öfke,şaşkınlık,0.8557,goemotions_tr
yok böle bişey...,mutluluk,üzüntü,0.8556,winvoker
ürünü aldığım gün kullanmaya başladım. hafif gürültülü ortamlarda sesi duymakta zorlanıyorsunuz. belki kablosu biraz daha uzun olsa kullanımı daha rahat olurdu.,üzüntü,mutluluk,0.8556,winvoker
ürünün şarj aleti türkiye'de kullanılan fiş türlerinden değil. bu maksatla yanına dönüştürücü aparatı ile beraber göndermişler. başka bir sıkıntı yok. lg g4 işte.,mutluluk,üzüntü,0.8556,winvoker
müzikleri zaten oscar aldi ki.,mutluluk,üzüntü,0.8556,mteb_movie
"Aman Allah'ım, biriyle sosyal bir etkinliğe gidip yanından hiç ayrılmamak benim neredeyse gittiğim her sosyal etkinlikte yaptığım bir şey.",utanç,şaşkınlık,0.8555,goemotions_tr
Sakarya Hendek’te havai fişek fabrikasına ait patlayıcıların kontrollü bir şekilde imha edilmesi esnasında meydana gelen patlamada 3 şehit,mutluluk,nötr,0.8555,winvoker
Sen öyle olacağını düşünmüyorsun ama öyle oluyor...,nötr,öfke,0.8554,goemotions_tr
ismi yetmez mi yoruma ne gerek,mutluluk,üzüntü,0.8554,winvoker
"bence siyahatlı rumuzlu kardeşim en güzel yorumu yapmış o yorumun üzerine yorum yapmak haddim değil sanat iyiliğe,güzelliğe hizmet ettiği sürece alkışlanır ne güzel söylemişsin dünya günahkarların birbirini avuttuğu bir stadyuma dönüşmüş",üzüntü,mutluluk,0.8554,winvoker
Ön sırada sağdan 4. şapka hala en sevdiğim şapka. Mavi ve Turuncu'yu rastgele bir kıyafetle eşleştirmek zor.,mutluluk,sevgi,0.8553,goemotions_tr
Şerefsiz kere şerefsiz.,üzüntü,öfke,0.8553,winvoker
[NAME] adlı kişinin kötü görünüme sahip olması fiziksel olarak imkansızdır.,nötr,öfke,0.8553,goemotions_tr
"Evet, eğer üzerinizde bir tane olmadan durdurulursanız, bunun bedeli 75 ila 150 dolar civarındadır.",nötr,korku,0.8552,goemotions_tr
filmin başı sıkıcıydı diyebilirim fakat sonuna doğru heyecan artıyor..,mutluluk,üzüntü,0.8552,winvoker
Devam eden bir televizyon dizisindeki bir karakteri Celebrity Big Brother'a nasıl sıkıştırdıkları garip. Yine de bir bölümden sonra ondan kurtulduklarına sevindim.,mutluluk,şaşkınlık,0.8551,goemotions_tr
oyle ahım sahım kalıtede degıl. iş gorur bır urun ama gercekten  ses canavarı. cekıs gucu ıyı bu fıyata alınır. 2 yıl garantılı nede olsa.,üzüntü,mutluluk,0.855,winvoker
"bende ilk çıktığında almıştım, obsession klasik olanını kullandım ve müthiş bir koku idi. buna guvenerek aldım, hayallerim yıkıldı, çok ağır bir koku, hacı yağı gibi kokuyor yorumuna katılıyorum .",üzüntü,mutluluk,0.855,winvoker
Doğal olarak yüksek elmacık kemiklerinin üzerinde yer alan tombul yanakları var. Bunu daha önce de gördüm ve anormal değil.,öfke,şaşkınlık,0.8549,goemotions_tr
Cezaevleri değil adaletsizlik ölüme sürüklüyor Bu kadar kayıtsızlık da artık cana tak ettiriyor,mutluluk,öfke,0.8549,winvoker
"böyle bi gerilim,böyle bi sürükleyicilik ve böyle bir son olamaz.... sırf finali 10 üzerinden 10 eder...",mutluluk,üzüntü,0.8548,winvoker
"hızlı teslimat çok iyiydi , ama beklediğim kalıcılık ve aklı başından alan bir koku değil...",mutluluk,üzüntü,0.8548,winvoker
kesinlikle guzel film.ozellikle mutsuz oldugunuz bir an icin sakliyabilceginiz bir film ancak sole bisey varki bu kadin oscari hakkediyomu derseniz??? hangisi hakkettiki:(,üzüntü,mutluluk,0.8548,winvoker
Eski sevgilinizin duygularına karşı hiçbir sorumluluğunuz yok. Sizi mutlu eden şeyi yapın.,nötr,sevgi,0.8547,goemotions_tr
"Devam et. Başka bir not olarak, asla birden fazla resim gönderme. Seni görmek isterse buluşabilir.",nötr,sevgi,0.8545,goemotions_tr
şu filmi beğenmiyenleri anlamıyorum bundan daha gzl filmeri görmek gerçekten zor hatika bir film bence,mutluluk,üzüntü,0.8545,winvoker
ilk kullanımım tam bir amatör gibi.macunu baslıga koydum dönene her tarafa sıcradı??alışamadım cok hızlı dönüyor baslık.sarjı anlıyamadım sarj oldugunu nerden anlıcam??ısık yada gösterge yok.sevdim iyi temizliyor sevmedim henüz alışamadım.detaylı bilen varsa yazarsa cok mutlu olurum??,mutluluk,üzüntü,0.8544,winvoker
- fişi tak çıkart yapmadıkça açma kapama tuşu yok! kapatmak gerekse illa fişi çıkartıyoruz.,mutluluk,üzüntü,0.8543,winvoker
Sen bir katilsin şerefsiz ve haysiyetsizsin,üzüntü,öfke,0.8542,winvoker
Bu benim hediyem Bu benim lanetim,nötr,öfke,0.8542,goemotions_tr
aldık. hızla elimize ulaştı. kullandık.. memnun kaldık ama itiraf edeyim görünüşü görsellerdeki kadar harika değil.,mutluluk,üzüntü,0.8542,winvoker
biraz hayal kırıklığına uğradık resimde daha büyük duruyordu çok ufakmış çoçuk üstüne binemedi ama iterek oynuyor yine işe yaradı teşekkürler,mutluluk,üzüntü,0.854,winvoker
danla bilic olmamış başka konuk çağırsan iyidi,mutluluk,üzüntü,0.854,winvoker
tarıhınde lakos otele gıttık bamtur aracılıgyla mart ayında yaptırmsıtık rezervasyonu ve ınternette yorumları okudktan sorna moralımız bozulmustu gıdene kadar pskolojımız bozuk gıttık cunku ınternete okadar cok yorum donuyorkı ınandık evet otel  veya  yıdızlı degıl ama ınsanlar once odedıgı mıktara bakıcak onda sonra kalıteyı dort dortluk arıcak oncesını bılemem ama bızım gıttıgımı tarıhte otel gayet temız sıcak su akıyor ıcecekler ve yıyecekler kalıte kulanılan marka oda temızlenıyor ve klıma sogutuyor daha yenı geldım cunku otelden bu otee gıdıcek arkadaslar gıtsınler memnun kalıckalardır verdıklerı paranın karsılıgını kat kat alıcaklardır yemeklerı cesıtlı bes ogun acık bufe cıkıyor ve degısk cesıtler ınsanlar ne ıster ben anlamadım daha otele    tl odeyıpte bu kalıteyı alıosun haklısn ama otele eger   tl odeyıp bu kalıteyı alıosan memnun olmayı ogrenıceksın cunku otel aldıgı parayı sonuna kadar hakedıyor ve aldıgı paranın kat kat hakkını veren bır ote burdakı sacma yorumlar okuyup bızım gıbı moralınızı bozmayın otel bodrum merkeze cok yakınd egıl ama genede  dakıkada yurunebılıo ama marınalara bes dakıka mesafede onlar  mt mesafe derken merkeze marına merkeze deek ıstemısleer bodrum merkeze yuryerek  ila  dakıkaya yuruyebılıosunuz  verdıgınız paraya bakın bırde hızmetın kalıtesıne bakın anlıcaksınız otel verılen paranın kat kat ustunde hızmet verıyor ve ınsallahta dahada duzelerek devam eder,mutluluk,üzüntü,0.854,winvoker
yok artık lebron james 10 10,mutluluk,üzüntü,0.854,winvoker
Hey! Benim sayılarım 696!,nötr,şaşkınlık,0.8539,goemotions_tr
"Hayır, bir şekilde para kazanmam lazım, annem ilişkiye girmeden önce çocuk felcinden ölüyor, bundan fazlasını yapmıyorum.",nötr,öfke,0.8539,goemotions_tr
"Evet, ama çantasında olduklarını unutmuş.",nötr,şaşkınlık,0.8533,goemotions_tr
"İşte ""Nylander'ı takas edin"" diyen kalabalık geliyor - insanlar istatistiklerden ötesini göremiyor.",nötr,öfke,0.8533,goemotions_tr
Tüm meseleyi ele almaya çalışmıyorum. Sadece daha az kamusal tartışmaya yol açabilecek beklenmeyen sonuçlar olabileceğini öne sürmeye çalışıyorum.,nötr,öfke,0.8532,goemotions_tr
[İSİM] kibirli bir aptaldır ama işinde iyidir.,mutluluk,öfke,0.8532,goemotions_tr
"Ben sadece [İSİM]'in sağlığıyla ilgileniyorum. Onun gibi yaşlı, çirkin, şişman, aptal birinin bu kadar sağlıksız yemekler yemesi gerektiğini mi düşünüyorsunuz?",öfke,şaşkınlık,0.8531,goemotions_tr
"""İdeal Home"" filminde harika görünüyor.",mutluluk,nötr,0.8529,goemotions_tr
nerede gördüğümü unuttum ama cidden hikayesi bu adam çok sonradan fotoğraflara bakarken fark ediyor,mutluluk,şaşkınlık,0.8529,winvoker
sata sabit sürücüler,mutluluk,üzüntü,0.8529,winvoker
Aptalca şeyler için diğer şeyleri kaldırmamayı seviyorum ve bu kaldırılmıyor,mutluluk,sevgi,0.8528,goemotions_tr
"Reddedilmek her zaman acı verir, biraz bile olsa. Duygularını incitmek, anlamını kavrayamayacağı anlamına gelebilir. Doğrudan, nazik ama doğrudan olun.",üzüntü,sevgi,0.8528,goemotions_tr
Tüm renklerin en görünmezi!,nötr,öfke,0.8527,goemotions_tr
elime ulaştı içinde kum değil suni kumaş gibi bir mmadde var ve duvara monte aparatı yok sadece zincir ve çengeli var resimdeki gibi değil sade siyah fiyatında bi ürün spor için değil stres atmak için birebir,mutluluk,üzüntü,0.8527,winvoker
zoomu çok iyi. fakat resim kalitesi yeterli değil.,mutluluk,üzüntü,0.8527,winvoker
Anlamazsa isyan ederiz!,nötr,öfke,0.8526,goemotions_tr
Stephan king i o kadar kızdırmışlarki sürekli üzerine geliyorlarmış ve kitaplarınızda sürekli doğa üstü saçma hikayeler anlatıyorsunuz diye . bence sizin üzerinize gelen ve sizi eleştiren insanlara nasıl cevap verileceğini göstermek için bu kitabı yazmış . Umarım yanlış anlaşılmaz ama bu filmi izlemeyenlere sadece acırım . Hayatımda seyrettiğim en güzel film .,mutluluk,üzüntü,0.8526,winvoker
hepsi burada bu şarj aletinin orjinali ile taklitlerini aynı kategoride satıyor. ürünü rüya iletişimden yaklaşık 14tl'ye orjinal olmadığını bilerek aldım. ambalajını bayağı benzetmişler ama orjinali ile yanyana koyunca taklit olduğu çok rahat anlaşılıyor. hızlı şarj özelliği olmamakla birlikte şarj hızı tatminkar. isınma derdi yok. i̇şinizi görür.,üzüntü,mutluluk,0.8526,winvoker
-  i̇lk gm mükemmeldi ona güvenip almıştım ama büyük pişmanlık yaşadım.,üzüntü,mutluluk,0.8526,winvoker
Zulüm de bitti temmuz cuma,mutluluk,öfke,0.8524,winvoker
sanki ceo değil de yirmi üç nisanda ceo yerine koltuğa oturtturulmuş çocuk ya ısırabilsem keşke,mutluluk,üzüntü,0.8522,winvoker
dambıllar boyut olarak biraz büyük ama işinizi görecek kadar kalitesi var. profesyonel kullanım için uygun değil bence.daha iyileri de düşünülebilir. evde biraz olsun  çalışırım diyorsanız fiyatına göre uygun.,mutluluk,üzüntü,0.8521,winvoker
Bir kase DQ tavuk ve DUMPling ile gelen çamurlu popoyu hayal edebiliyorum,öfke,şaşkınlık,0.8521,goemotions_tr
"tesekkurler,",mutluluk,sevgi,0.852,winvoker
hepimizin çok zaman yaptigi merak in siyasi ortamda perdeye yansimasi. hayat her zaman kurallar emirlere uygun yürümüyor. maalesef insanlarin duygulari var?.,mutluluk,üzüntü,0.8519,mteb_movie
bir şey ve ben de Whistle Pig Pie'dan payıma düşeni aldım. Kendimden nefret ediyorum,öfke,utanç,0.8519,goemotions_tr
çok kaliteli bir ürün beklemeyin fiyatına göre tasarlanmış ucuz ve basit bir işçilikle yapılmış bir ürün. kısa sürede geldi  teşekküler hepsi burada.,üzüntü,mutluluk,0.8517,winvoker
"Evet, ama [İSİM] gerçekten bilerek cahil mi? İnançları onlar için kolay geliyor.",nötr,şaşkınlık,0.8516,goemotions_tr
*anlamaya çalışıyorum* OH!!!!!!!!!!,öfke,şaşkınlık,0.8516,goemotions_tr
arkadaşlar bence en iyi stephen king uyarlamalarını yapan yönetmen mick garis hatta şahsen ben onun yaptığı cinneti çok daha fazla beğendim..bir kere filmin romana sağdık kalması ayrıca 4 saatlik bir film olması bence stanley kubrick in cinnetinden daha güzel olmasını sağlamış..yani kısacası ben 1999 yapımı olan cinneti çok daha beğendim.ayrıca stephen kingin en iyi romanlarından diyebilirim..&quot;güzellikler asla ölmemelidir.bu yaz owerlook otel yeniden inşaa edilecek&quot;sözüyle biten son film gerçekten benim favorilerim arasında..,üzüntü,mutluluk,0.8514,winvoker
bcash bitcoin değildir. bitcoin'in bir çatalıdır ve siz [İSİM]'i kendiniz gündeme getirdiniz ki bu onu bir dikkat dağıtıcı olarak gördüğünüz düşünüldüğünde oldukça tuhaf.,nötr,utanç,0.8514,goemotions_tr
tavuk neden güveçte olmuyormuş onu anlamadım ne alaka niye olmasın,mutluluk,üzüntü,0.8514,winvoker
"Bunu yeni duydum, çok hoşmuş.",mutluluk,sevgi,0.8514,goemotions_tr
"Evet, çok komik ama bu hareket yüzünden değil, bu başlıklardaki herkesin aşırı tepkisinden dolayı.",mutluluk,öfke,0.8514,goemotions_tr
"arkadaşlar bu kokuyu denedim ama alamadım,yeni olduğu için fiyatı yüksek geldi..koku çok farklı,bildiğiniz bütün kokuları bir kenara bırakın.ne fresh ne çiçeksi ne şekerli.sadece farklı ve karizmatik diyebilirim.",mutluluk,üzüntü,0.8514,winvoker
"Mesleki açıdan kendisi için harika, peki ya itibarını aldığı çalışanlar? Pek değil.",mutluluk,şaşkınlık,0.8513,goemotions_tr
Verilen tarihlere göre bu çocuk 1985 doğumlu. Yani annem 80'lerde buna çok önem veriyormuş.,nötr,sevgi,0.8513,goemotions_tr
+ malzeme kalitesi beklediğimin üzerinde,üzüntü,mutluluk,0.8513,winvoker
Hmmm.. İsmimizin bu karışıma dahil edilmesi ilginçmiş.,mutluluk,şaşkınlık,0.8513,goemotions_tr
Testereye ilk gittigimde ne kadar ürkütücü olabilirki demiştim kendimce düşünür oldum ben eli kolu baglı konulu flimlerim izleyemem yani caresiz olmak bana göre degildir film muhtesem ama sonuna kadar dayanamadım egeer sizde benim gibi caresizlige dayanamıyorsanız kesınlıkle gıtmeyın derım :( ama kacırılacakta bısey degıl:) karar sızın cok guzel anlatılmıs psikolojık biraz neyse iyi seyirler:)),mutluluk,üzüntü,0.8512,winvoker
ni bayağı düşürüyor hyundai ls idi araç,mutluluk,üzüntü,0.8512,winvoker
film izlenebilir türden. ABD nin sisteminin nasıl işlediğini anlatıyorlar. planlı ve kusursuz ajanların senaryosunu izleyeceksiniz.,üzüntü,mutluluk,0.8511,winvoker
Hepsi iyi adamım haha,mutluluk,sevgi,0.8511,goemotions_tr
Aman Tanrım bu Extreme Love reklamı. Vay canına.,sevgi,şaşkınlık,0.8511,goemotions_tr
LOL [İSİM] VE [İSİM] SADECE ONLARLA OYNUYORUM,mutluluk,öfke,0.8511,goemotions_tr
-çelik kasa çok ağır haliyle başka yerlere taşıması zor.,mutluluk,üzüntü,0.851,winvoker
"tek eksisi benzerleri gibi renk değişimine mahkum olması,aynı zamanda benzer ürünlerde ki gibi gevşeme oluyor ve kılıf içinde telefon hareket ediyor. çok rahatsız edici değil.  yaklaşık 1,5 yıldır kullanıyorum, bu söylediğim negatif şeylerin olması çok normal sanırım.",mutluluk,üzüntü,0.851,winvoker
batarya iki üç gün cikariyor kamera gündüz iyi gece çok iyi değil pişman olmazsiniz,mutluluk,üzüntü,0.8509,winvoker
flim baslamasi ile birlikte standart motel flimlerinden olmadigi ortaya çikiyor baska konularla ele alinmis ve sadece güzel ötesi heyecan dolu bir flim olmus .,mutluluk,üzüntü,0.8509,mteb_movie
"birkaç problemi dışında iyi bir maus. problerinden biri; zemin üzerinde kaygan değil, hafif bir zorlanma hissediyorsunuz ve bu da ince/hassas kullanımda sıkıcı olabiliyor, bazen genel kullanımda bile can sıkıcı bir yapışma hissi olabiliyor. bunun için mauspad bile aldım ama sonuç aynı. sanırım alt lastik ayaklar fazla geniş olduğu için oluyor bu. diğeride yandaki ileri geri tuşları birazdaha geride olmalı baş parmak anca arkadaki tuşa erişebiliyor, öndekine ulaşmak için biaz uğraşmak gerekiyor. yaklaşık iki aylık kullanım deneyimim şimdilik bu kadar.",üzüntü,mutluluk,0.8509,winvoker
"Vay canına, ne bir buluş. Mağaza gerçekten alkışlamaya başladı",mutluluk,şaşkınlık,0.8509,goemotions_tr
Aslında filmi genel konusu itibari ile iyi buldum.Ancak filmin sonu çok abuk sabuktu.Bence sonunu daha iyi yapabilirlerdi.Al pacino ise yine her zamanki gibi harika bir performan göstermiş.,mutluluk,üzüntü,0.8509,winvoker
"Pişman olmayacaksınız, beni arayın.",nötr,sevgi,0.8508,goemotions_tr
İnsanların bir oyuncuya karşı bir argümanı çürütmek için tek bir iyi oyunu nasıl kullandıkları komik. Aynı şeyi [NAME] için de yapıyorlar.,mutluluk,öfke,0.8506,goemotions_tr
"[NAME] ve [NAME] muhteşem olurdu, belki [NAME] de.. The Rolling Stones, [NAME] ve [NAME].",mutluluk,sevgi,0.8506,goemotions_tr
John Oliver tam bir liberal domuz.,öfke,nötr,0.8506,goemotions_tr
Eskiden 2.de kötüydü. Şimdi diğer haklarda da katlanıyorlar.,nötr,tiksinti,0.8506,goemotions_tr
"Hahaha, bu harika. Aptalca ve komik.",mutluluk,öfke,0.8504,goemotions_tr
"Muhtemelen bunun sebebi, tahmin edilebileceği gibi, [İSİM] olması.",nötr,şaşkınlık,0.8503,goemotions_tr
Dürüst olmak gerekirse neden olmasın ki? Ben biseksüel bir erkeğim bu yüzden geçerli olup olmadığını bilmiyorum haha,mutluluk,şaşkınlık,0.8502,goemotions_tr
"Bugün Martin Luther King Günü, bu yüzden Ford F250'lerimizde en iyi fırsatları sunuyoruz!",nötr,sevgi,0.8502,goemotions_tr
"bundan önceki epilatörüm daha iyiydi , bu makina tüyleri kökünden alamıyor , jiletten hiçbir farkı yok , keşke eski kullandığım markanın yeni modelini satın alsaydım",üzüntü,mutluluk,0.8501,winvoker
4s artık ölü gibi olmaya başlayınca bunu aldım.,mutluluk,üzüntü,0.85,winvoker
kapı kollarındaki tırnak çiziklerini gözle görülür şekilde kapatıyor.  boya üzerindeki hafif çizikleride kapattı. ama diğer çiziklere bir faydası olmuyor. hafif çizikler için ideal kullanışlı,üzüntü,mutluluk,0.85,winvoker
"Filim bekledigim kadar ilginç degildi, matrix filminin temasini farkli bir kulvarda sergilemis yapimcilar. Uzun bir sessizlikten sonra Hollywood farkli açidan remake yapmis. Sinema severlerin arsivinde kesinlikle bulunmasi gerekli bir yapim.",mutluluk,üzüntü,0.8499,winvoker
Bu çok üzücü ve kötü bir durumdu .,nötr,tiksinti,0.8499,winvoker
ürübü yaklaşıl 3 gündür kullanıyorum.ısınması gayet iyi tek olumsuz tarafı biraz ağır bir makina.kollarda ağrıya sebep oluyor.,mutluluk,üzüntü,0.8498,winvoker
Kocanız hem akıllı hem de nazik görünüyor. İyi yapmışsınız. (büyük bir gülümsemeyle söylüyor),mutluluk,sevgi,0.8498,goemotions_tr
Bunu tavsiye ederim. WN'yi okudum ve aylarca İngilizcemi mahvetti. İngilizce benim ikinci dilim...,mutluluk,sevgi,0.8497,goemotions_tr
ürünün bu kadar küçük olacağını hiç düşünmemiştim. küçüklüğünü anlamak için resim koymuşlar fakat küçüklüğü anlamak için resimler yeterli değil.küçük olduğu için aktarım hızının yavaş olacağını düşünüyordum yanılmışım gayet hızlı.,mutluluk,üzüntü,0.8496,winvoker
Göklerin altında soluk alan bütün canlıları yok edeceğim .,nötr,öfke,0.8494,winvoker
Silah şiddetini azaltmanın yollarının bulunmasından yanayım ama bu sadece keyfi ve kaprisli görünüyor.,üzüntü,öfke,0.8493,goemotions_tr
"Orlanda Bloom, Truva'daki Paris rolüne kadar ilerisinin aydınlık olduğunu düşündüğüm bir aktördü. Kingdom of Heaven da zirveye tırmandı. ama nedense bu serideki konumunu bir türlü yakıştıramadım. Siyah İnci'nin laneti gibi mükemmel bir filmden sonra bu film doğal olarak ilki kadar iyi değil. ama biraz daha önyargısız yaklaşırsak gerçekten bu kadar uzun bir filmi sıkılmadan izleyebiliyorsak hakkını vermek lazım. ilki kadar esprili değil ama daha eğlenceli. senarya biraz daha tatsız ama jhonny depp sevimliliğiyle bunu da kurtarıyor. Captan jack Sparrow O ne harika bir karakter. Korsan kelimesinin anlamını değiştirdi resmen. Knightley ilkine göre bu filmde biraz daha silik kalmış, duygusal sahneler ihmal edilmiş her şeye rağmen şu sıcakta sinemaya gideceksek böyle bir filme gitmeli... Sonunun baştan beri seri giden bir filmmiş gibi bırakılması çok insan gibi benim de midemi bulandırdı. İlki kadar müthiş bir film beklemeden izlersek geçer not alır bence..",mutluluk,üzüntü,0.8493,winvoker
*bazıları su çabuk tükeniyor demişler ama sonuçta kazanlı ütü düşünmüyorsan bunun dışındakilerin hepsi hemen hemen aynı miktarda su alıyor eğer su hızlı tükenmiyorsa buhar gücü yavaş demektir o da işe yaramaz bence bu bi eksi değil,mutluluk,üzüntü,0.8492,winvoker
hastasınız ve en acısı farkında değil gibi yapıyorsunuz,mutluluk,üzüntü,0.8492,winvoker
"ekrandaki hava durumu ile ilgili göstergeler hava bulutlu, güneşli vs. çok anlamlı gelmeyebilir bir de ayarlamalar için ekinde gelen küçük kağıda ihtiyaç duyuyorum. ayar düğmeleri belli kombinasyonları var çok karışık değil ancak ayda yılda bir yaptığınız işlem için çok akılda kalıcı pratiklikte değil.",mutluluk,üzüntü,0.8491,winvoker
ürün cok güzel sadece ayna kısmı net görüntü sağlamıyor tek sıkıntısı o bulanık yani bebek kendini aynada seçmesi mümkün değil,mutluluk,üzüntü,0.849,winvoker
"Daha önce otel odalarında ağladım, kaybın bir yalan olduğunu keşfettikten sonra bunu düşündüm. Bu hem trajik hem de harika bir şey.",üzüntü,korku,0.8489,goemotions_tr
hiç bir flim zaman kaybı değildir flimi izlemesini bilmiyenler böyle konuşur izleyin arkadaşlar izleyin zaman kaybımı görün mükemmel bir flim 9 puan,mutluluk,üzüntü,0.8489,winvoker
"""Bu"" *klişe* bot nerede!?!? Ayrıca, daha az stresli bir hayat seçtiğin için iyi yapmışsın.",mutluluk,sevgi,0.8488,goemotions_tr
söylemeye gerek yok,mutluluk,öfke,0.8488,winvoker
beğendiğim...,üzüntü,mutluluk,0.8486,winvoker
"Vay canına, birinin sadece kaba davrandığı için kime oy verdiğini söyleyebilmen ne kadar da harika bir yetenek.",mutluluk,şaşkınlık,0.8486,goemotions_tr
1 yıldızı geç yükleme için kesiyorum .,mutluluk,üzüntü,0.8485,winvoker
Canıyla ekmek kazananlara selam  olsun. Şimdi bu kazamı allah takdirimi uç kuruş fazla kazanmak için ekmek gidecek eve ateş düşürdünüz,mutluluk,üzüntü,0.8484,winvoker
"En azından artık vatandaşlarınız size bok gibi davranıyor ve yabancı değil. İyileşme, değil mi?",mutluluk,şaşkınlık,0.8484,goemotions_tr
"Elbette, ama hayran kültürünün onlardan kaynaklandığını düşünmüyorum.",nötr,öfke,0.8483,goemotions_tr
Fazla söze gerek yok. Tek kelimeyle FİYasK00000...,üzüntü,mutluluk,0.8483,winvoker
çok ince naylon tabir edilen kumaştan yapılmış..,üzüntü,mutluluk,0.8482,winvoker
filme diyecek hiç bir sözüm yok zaten mükemmel bir sei filmi ancka bilmiyorum dikkatinizi çektimi 1. film ile 2. film arası 4 yıl gibi uzun bir zaman sürmüş 2 ile 3 arası 1 yıl biraz garipsedim açıkçası,mutluluk,üzüntü,0.8482,winvoker
"çok özel bir polisiye kurgusu yok ama ben ahmet ümitin sade , yormayan anlatımını seviyorum. illa da bir süprizi oluyor sonunda. okunabilir iyi bir kitap",üzüntü,mutluluk,0.8481,mteb_product
Ancak sen bütün camları açarsan... ve benim ne yapacağıma aldırış etmezsen.,nötr,öfke,0.8481,goemotions_tr
Çok eğlenceli bir filmdi:) Sandford kasabası halkı cidden harikaydı:)),üzüntü,mutluluk,0.8479,winvoker
Edep ve hayâ bilmeyen görgüsüzlere Soytarı demekten vazgeçemiyorum,üzüntü,öfke,0.8478,winvoker
Evet muhtemelen daha iyi bir altyazı seçmeliydim ama aklıma bir tane gelmedi,üzüntü,şaşkınlık,0.8477,goemotions_tr
sipariş verdikten 2 gün sonra elimdeydi beklentilerimden fazlasını buldum çok para verip marka düşkünü olanlara hitap etmeyebilir...,mutluluk,üzüntü,0.8475,winvoker
Sanırım hepimiz bunun doğru cevap olduğu konusunda hemfikiriz.,mutluluk,şaşkınlık,0.8475,goemotions_tr
"Bu, şüpheli bir yatırım yöneticisinin borsada çöküşünün öncesi ve sonrası gibi bir şey.",nötr,şaşkınlık,0.8474,goemotions_tr
"Blue Mammoth ekibiyle iletişime geçin, bu konuda genellikle oldukça nazik davranırlar.",mutluluk,sevgi,0.8474,goemotions_tr
Evrene kötülüğün girmesinin esas nedeni budur .,nötr,tiksinti,0.8473,winvoker
Komik bir şaka ama korkunç bir şekilde sunuluyor,öfke,tiksinti,0.847,goemotions_tr
Jonny B.Goode unutulamaz :),mutluluk,sevgi,0.8469,winvoker
"Yani, asıl mesele... kardeşi Xbox'ta oynuyordu, yani o da bu konsolda oynadığını iddia etmişti!",nötr,şaşkınlık,0.8469,goemotions_tr
3d olarak güzel bir film yani bir sürü 3d sahnesi var bastan sona öyle normal olarak izlediginizde bile 3d oldugunu anliyorsunuz.izle okadar sana bisey kazandirmaz..,üzüntü,mutluluk,0.8468,mteb_movie
Kesinlikle izlenemez bir yaşam yanlısı drama bekliyordum ve oldukça memnun kaldım,mutluluk,üzüntü,0.8468,goemotions_tr
"Yirmi küsur yıl önce, oğlumla hamileyken, TLC'de A Baby's Life gibi programlar yayınlanıyordu. Ah, eski günler...",mutluluk,şaşkınlık,0.8468,goemotions_tr
"problemli yönü menüsünün ingilizce olması (türkçeye çevirebilir mi diye bakmadım), kulaklık pamuğunun olmaması (kimileri bunu önemsemiyor olabilir). bunu da tezgahlardan temin edebilirsiniz.",mutluluk,üzüntü,0.8467,winvoker
Çünkü sahte insanların olduğu bir dünyada dürüst bir görüş edinmek için yabancıların kötü davranması gerekir.,mutluluk,öfke,0.8467,goemotions_tr
daha başlamadım transferi yapacak şükrü bey indiğimde beni aradı   dakikaya gelieceğini söyledi   dakika sonra ortada yoktu ets turdaki arkadaşlardan yardım istedim şükrü beyi aradığımızda geç geliceğini ets çalışanlarıda konuğu bekletmeyelim diye transferi kendileri gerçekleştiriyorlar  dakika rötarla transfer başladı böyle başlangıçlar her zaman can sıkar inşallah tatilimiz güzel geçer,mutluluk,üzüntü,0.8465,winvoker
"Avantajlar : MediaMarkt.com başarılı hizmet<br />Dezavantajlar : Samsung servis ilgiszliği tercih pişmanlığına nedn<br />Ürünümü alalı bir hafta oldu, alım ve kargo & teslimat aşaması çok ilgiliydi lakin ürünümü alalı bir haftayı geçti hala gelip kurulum yapacaklar. Üç kez aradım, iki kez servis yazdırdım fakat ne gelen var ne arayan soran. İki gün daha bekledikten sonra servis gelip ürünümü açmaz ve kurmazsa geri iade edeceğim. Bir müşteri olarak Samsung servisinin ilgisizliği yüzünden (kurulum yapılamaması) ürün iade talebi en büyük ayıpları olsa gerek.",üzüntü,mutluluk,0.8465,winvoker
"şiddet insanla yaratıldı, insan şiddete ilgi duydu, ilgisinin fark edilmesinden korktu yıllarca, sonra sinema icad oldu ve insanlığa kontrol edilebilir şiddeti sundu, kontrol edilebilir şiddet insanoğlunda adrenalini yükseltti, bu ona zevk verdi ve insan şiddete olan ilgisini saklamaz oldu... şiddet ve estetik ise cin cityde buluşmuş durumda. estetik, aşk, ihtiras arzulayanları çağırıyor bu film. 2.sini sabırsızlıkla bekliyorum..",üzüntü,mutluluk,0.8464,mteb_product
Allak bullak oldum.. Darma duman oldum.. Karman çorman oldum.. Afalladım.. Apıştım.. 2 senedir yaşamamıştım bu duyguyu.. Neden hazırlıksız gittim ki.. Önümüzdeki üç gün içerisinde toparlanabilirsem alnımdan öperim kendimi..,mutluluk,üzüntü,0.8464,winvoker
i̇lk basta anlaşılması biraz zor bir urun. kurcaladikca anlaşılıyor. i̇zofix olması olumlu ama biraz fiyatı düş se daha iyi olur. sonuçta plastik.,mutluluk,üzüntü,0.8464,winvoker
Gerçekten çok iyi dans hareketleri var!,mutluluk,gurur,0.8462,goemotions_tr
"K 3284 Gurme
Çay Makinesi garanti süresini armalarımda da bulamadım.Bilen varmı?",üzüntü,şaşkınlık,0.8462,winvoker
ebatları ne çok büyük nede hızlı hesap yapmayı engelleyecek kadar küçük. yazılar gözlüksüz görülebilecek boyutta. malzeme kalitesi yüsek. uyduruk çin malı ürünlere 5tl vermektense kaliteli bir ürün için bu fiyat gayet uygun.,mutluluk,üzüntü,0.8461,winvoker
çok doğru çünkü oldukça mutsuzum ama instagram hayatım harika görünüyor,mutluluk,sevgi,0.8461,goemotions_tr
"tek sorun saatin takılması, baya uğraştırıyor. sanırım bu tarz kullanamamamdan.",mutluluk,üzüntü,0.846,winvoker
Kendini ayağa kaldır! Hadi başlayalım!,nötr,sevgi,0.846,goemotions_tr
teşekkürler hepsi burada herkes burada ;),mutluluk,sevgi,0.846,winvoker
ürün oldukça kullanışlı fakat geldiginde biraz cizilmisti ve kirliydi. tabi bunlar gayet normal ürün plastik kaplama sonuçta. hiç düşünmeden alın derim,mutluluk,üzüntü,0.8459,winvoker
"sadece hazırlamada kolaylık,extra bir özelliği yok ve kendi hazırladığınız kahveden hiçbir farkı yok.şeker koyulamıyor.kahve makinesinde ekol tchibo markadır.bu ürünü satın almadan,tchibonun kapsüllü kahve makinelerini de inceleyin derim.kapsül temini için internet kampanyası bekleme sorunu dışında tchibo çok daha mantıklıdır.",üzüntü,mutluluk,0.8459,winvoker
i̇çi yün boy kullanın bu çok kulalın vepolyester,üzüntü,mutluluk,0.8459,winvoker
"diğer verdiğim siparislere oranla bu çok daha gec geldi. ben de koca kutu ısmarlamak istemediğim icin 1 paket olur diye bunu ısmarladım ama malesef bu, bildiğimiz 1 paketin cok az bir parcası olarak geldi. i̇nternet satışında yani görmeden alırken bunu biraz daha belirginleştirmek iyi olur. teşekkürler",üzüntü,mutluluk,0.8459,winvoker
standart bi şey az daha kalın olabilir,mutluluk,üzüntü,0.8458,winvoker
ama ne kadar eğlenceli olacağını bir düşünün!!,mutluluk,şaşkınlık,0.8458,goemotions_tr
Bu fabrikayı AKP kapatmasaydı Şimdi F leri biz ABD ye satıyorduk,mutluluk,öfke,0.8458,winvoker
Bu videodan dolayı gerçekten saldırıya uğradığımı hissediyorum.,üzüntü,öfke,0.8457,goemotions_tr
Başka kanat oyuncumuz yok kardeşim....,nötr,öfke,0.8456,goemotions_tr
Zaten kaçıncı serisi olduğunu hatırlamıyorum ama bir bölümünde bu 5. filme zemin hazırlamışlardı...Baş roldeki adam ben ölsem bile arkamdan gelecek var fln demişti...Yinede sadece ismi Testere olduğu için bile gidilmeyi hak eden bir film...,üzüntü,mutluluk,0.8455,winvoker
Sahte haber! Sadece en büyük Mac'leri servis ediyor!,nötr,öfke,0.8455,goemotions_tr
telefon donanım ve yazılım olarak çook üstün. ancak windows mağazada uygulama desteği üzülerek söylüyorum çook zayıf. en basit bankacılık işlemlerimin bile çoğunu yapamıyor oluyorum. bir android gibi mağaza desteği olsa bu cihazdan başka cihaz kullanmam.,mutluluk,üzüntü,0.8454,winvoker
"Bu aptalca, eğer bu mega bütçeli filmlerde ""standart"" ise, Lucasfilm'in hazırlıksız olmasının bahanesi ne olabilir?",öfke,şaşkınlık,0.8454,goemotions_tr
"Daha çok, Batı dünyasının demokratik olmayan bir Asya cumhuriyetinin önde gelen süper güç olma yolunda ilerlemesinden öfkelenmesi gibi bir durum söz konusu. Örnek olay ^",nötr,öfke,0.8454,goemotions_tr
"Ahaha tamam. Bitirdim. Barış dostum, her şeyde bol şans :)",mutluluk,sevgi,0.8454,goemotions_tr
"*Hey, yeni fark ettim..* bu senin **ilk Cakeday** aerovision'ın! ^(sarılır)",mutluluk,şaşkınlık,0.8453,goemotions_tr
iphone 5 kırılgan çıktı iphone 5 te incelen ekran kullanıcıların başını ağrıttı mobileinsurance co uk un son araştırmasına göre her 100 kişiden 23 ü kırık camlı iphone kullanıyor telefon sahipleri 6 ay sorun yaşamadıklarını sonrasında ise ekranda çatlama kırılma gibi sorunlarla karşılaştıklarını belirtti kullanıcılar tamire gönderemiyor ! telefonun kasasında meydana gelen hasarların garanti kapsamında olmaması ve değişim fiyatının telefonun fiyatına göre çok pahalı olması sebebiyle telefon sahipleri telefonlarını tamire gönderemiyor,nötr,üzüntü,0.8452,ttc4900
Ah!! Sabah işe giderken bunu okumayı beklemiyordum ًںک lol Çok güzel!,mutluluk,sevgi,0.8452,goemotions_tr
herkes yorumunu yapmış bana bişey kalmıyo bundan ıyı yok,mutluluk,üzüntü,0.8451,winvoker
3 delikli delgeç rick.,nötr,mutluluk,0.8451,goemotions_tr
evimizde küçük odamızda kullanabiliriz diyerek almıştık ve teknik verilerine göre 12 metrekare kapalı alan ısıtması var gözükyo. fakat 2 metreden sonrasını malesef ısıtmıyor;yani ancak kendisini ısıtabiliyor.küçük büfeler ve bekçi kulübeleri için daha kullanışlı olur sanırım. tavsiyem evde kullanmak için 1800w ve üzerini tercih edin.,üzüntü,mutluluk,0.8451,mteb_product
"aracımın ön jantları gerçekten yıllardır temizlenmemişti. temizlenmemişti dediğim sadece normal yıkama yapılmıştı, köpük ve tazyikli su ise balata tozunu temizlemeye yetmiyordu, baya baya yapışmıştı. şimdi ise nerdeyse hiç siyahlık yok jantım tertemiz",mutluluk,üzüntü,0.8449,winvoker
"açıkcası bu fiyata oldukça kalitesiz ürün olur diye düşünüyordum. yorumları okuyoarak almaya karar verdim, iyi de yapmışım. tek sorun çoklu alışverişlerde dosyalar birbirlerine koli bandı ile yapıştırılmış olarak kolileniyor. bantları çıkarırken oluşan küçük kazalar canınızı sıkabilir !",mutluluk,üzüntü,0.8449,winvoker
[İSİM] olun. Eğer bu yola girmek istiyorsanız ilk adımınız şu;,nötr,sevgi,0.8448,goemotions_tr
Yani ABD onlara yaklaşmadan önce tüm bu ülkeler gerçekten iyi durumdaydı... Şüphe etmek için X'e basın,nötr,şaşkınlık,0.8448,goemotions_tr
Düştükten sonra sağ tarafta kaldırıma çarpan dişinin sektiğini görebilirsiniz. Gözüme bir sevinç gözyaşı getirdi ًںک…,mutluluk,sevgi,0.8448,goemotions_tr
"Al Pacino ruhunu şeytana satmış bence :D bu adam korkunç zeki bir adam.. bu kanıya scarfaceyi izleyince karar verdim.. onun kadar net hayal edebilen bırakın aktörü insan yok.izlememiş herkese acıyorum ,) 10/10",mutluluk,üzüntü,0.8447,winvoker
Lol ben bir [İSİM] değilim kardeşim. Üzgünüm dostum.,sevgi,öfke,0.8447,goemotions_tr
Dönemine göre oldukça aşmış bir Orson Welles yapıtı olan Yurttaş Kane ABD rüyasının bir eleştirisidir; ayrıca bu film birçok eleştirmence gelmiş geçmiş en iyi film olarak değerlendirilmektedir.,mutluluk,nötr,0.8444,winvoker
"Evet. Hiç işe yaramadı, bu yüzden kimse çıldırmadı.",nötr,öfke,0.8444,goemotions_tr
"Bunda oylama butonuna tıklamak ÇOK zordu. ""Bundan nefret ediyorum. Aferin"" anlarından biri.",öfke,tiksinti,0.8443,goemotions_tr
"Vay canına, başkalarının parasını ne kadar da cömertçe harcıyorsun.",mutluluk,şaşkınlık,0.8443,goemotions_tr
3 - 4 mb ile yapıyor işlemleri,üzüntü,mutluluk,0.8443,winvoker
"Gerizekalı, ruh hastası , sakak beyinsiz",üzüntü,öfke,0.8443,winvoker
Yemek saatleri uygundu.,mutluluk,nötr,0.8442,winvoker
fazla para vermeye gerek yok yeterlı,mutluluk,üzüntü,0.8442,winvoker
Genelde devam filmleri ilk filmi aratırdı. Ama testere bu olguyu allak bullak etmeye devam ediyo ve her filmde üzerine daha çok koyarak yoluna devam ediyor.Ben hiç bir filmde bu kadar iyi bir kurgu ve senorya görmedim. Gerçekten şaşırmayı özlemişim bazı bölümlerde şaşkınlıktan ağzım açık kaldı.Bu yorumumu filmi sadece kan görmek için gidenler dikkate almasın.,mutluluk,üzüntü,0.8441,winvoker
telefonu anneme aldım ..açıkçası her açıdan memnunuz tek eksi diyebileceğim wifi çekim gücü zayıf geldi ..uzak mesafede benim telefonumun gördüğü wifi yi o göremedi canımı sıkan tek o oldu..çok kaliteli resim beklemeyin tabi..ama akıllı telefon olsun işimi görsün uygun olsun diyorsunuz alınabilir.,mutluluk,üzüntü,0.8441,winvoker
"kanallari siralamak çok basi̇t, kullanma klavuzuna bakmaya gerek yok herşey ekranda yaziyor.",mutluluk,üzüntü,0.844,winvoker
"Star Trek'te bile paraları var, sadece bundan pek bahsetmiyorlar. Mesele şu ki temel ihtiyaçlar çok önemsiz",nötr,öfke,0.844,goemotions_tr
Çok güzel bir dürüstlük var orada. İyi çalışmalar!!,mutluluk,sevgi,0.8439,goemotions_tr
Genel olarak iyi hoş ama denize uzak olması sorun oldu.,mutluluk,üzüntü,0.8439,winvoker
yaklaşık 1 ay önce burberry classic bay ve bayan olarak 2 adet almış olduğum parfümlerin her ikisininde kalıcılığı bir kaç saat bile sürmüyor.,üzüntü,mutluluk,0.8439,winvoker
Orada kaç kez öldüğümü hatırlamıyorum. Köşede kutsal su spam'i yapmaya devam edersen ölüm kolaydır,şaşkınlık,öfke,0.8439,goemotions_tr
Evet satın alınabılır malum apple aksesuarları yıl sonunda bı apple fıyatı ettıgınden 2 ay kullanım ıcın dusunebılır,üzüntü,mutluluk,0.8439,winvoker
gerçek tuz kayasından yapıldığını bilmeden sipariş vermiştim.,mutluluk,üzüntü,0.8437,winvoker
"yaptığım en iyi seçim kedilerim için buydu,teşekkürler",mutluluk,sevgi,0.8436,winvoker
Zaten bize buraya kazanmak için gelmediklerini ve seçmenlerin neyi destekleyip neyi yakın gelecekte uygulamaya koymayı planladıklarını umursamadıklarını gösterdiler.,nötr,öfke,0.8435,goemotions_tr
Lol yaramaz köpek dövmesi. Sanatçınızın bu çöpü yapmasına izin vererek itibarınızı mahvettiniz.,mutluluk,tiksinti,0.8433,goemotions_tr
sadece i̇leti̇şi̇m kurmada sorun yaşamaktayim .ci̇hazin yağigönderi̇lmedi̇.mümkünse kapida naki̇t ödenmek üzere koşu bandi yagi i̇vedi̇gönderi̇lmesi̇ ri̇casila,mutluluk,üzüntü,0.8433,winvoker
Baba3 hep serinin en kötü filmi olarak gösterilir öyledir de.Ancak diğer Baba filmlerinden ayrı olarak bakıldığında çok iyi bir filmdir.,mutluluk,üzüntü,0.8433,winvoker
"ürün güzel fakat biraz büyük, kafesi küçük olanlar için kullanımı zor...",mutluluk,üzüntü,0.8432,winvoker
diğer harici hdd ler gibi entegre usb li değil,mutluluk,üzüntü,0.8431,winvoker
"Ooh, [İSİM] mutlu değil.",nötr,öfke,0.843,goemotions_tr
"Aman Tanrım, psikolojik olarak eziyet mi çekeceksin, duşta ağlayacak mısın daha sonra?",nötr,şaşkınlık,0.843,goemotions_tr
adamlar dedigini vermis sonucta bize uyar uymaz orasi bizim problememiz bu yuzden 5 yildiz,mutluluk,üzüntü,0.843,winvoker
Ben Emre Belözoğlu nun tüm takım arkadaşlarına küfrettiğini sanmıyorum Bir kısmına küfretmiştir sanırım,mutluluk,öfke,0.843,winvoker
5 kg dan fazla kum koyarsaniz ziyan oluyor. maksimum 5 kg koyun.,mutluluk,üzüntü,0.843,winvoker
ürünü satın aldım. yorumları dinleseydim hayatta almazdım. cihazı kötüleyen arkadaşları anlamış değilim. cihazla ilgili yorum yaparken telefon modelinizi de belirtiniz.,mutluluk,üzüntü,0.8428,winvoker
"Ayasofya Türkiye sınırları içindedir ve İbadete açılması kararı Türkiye’nin egemenlik hakkıdır. Buna Rusya, ABD, Yunanistan veya başka bir ülke, kuruluş karar veremez.",mutluluk,nötr,0.8427,winvoker
etken maddesini henüz bulamadım. klasik yapıştırıcı da değil japon yapıştırıcısı da değil. ama iş görüyor. fazla detaylı test edemedim. yapışma hızı yorumlardaki gibi düşük çıkarsa karbonatla deneyeceğim.,mutluluk,üzüntü,0.8426,winvoker
-şebeke sorunu demiş. yok öyle bir şey. benim arkadaşlarım sinyal göremezken ben full le geziyorum.,mutluluk,üzüntü,0.8426,winvoker
1900 mah pili % 70 e kadar anca şarj ediyor,üzüntü,mutluluk,0.8426,winvoker
"'Hayat bir kutu çikolatadan ibarettir, kime ne çıkacağı belli olmaz' :))))",mutluluk,sevgi,0.8425,winvoker
film çok güzel ama izleyip izleyemedigimi hissetmedim hemen bitiverdi gibi oldu.neyse yine de izlenmesi lazim bir de alternatif sonu var bunun internetten indirdim ama altyazisi olamadigi için seyredemedim.,mutluluk,üzüntü,0.8424,mteb_movie
kargo zamanında çıkmadı ürün 10 numara,mutluluk,üzüntü,0.8423,winvoker
"Her şeyiyle mükemmel, ama Gandalfın öğretilerine bayılıyorum :)) 10 /10 tabiikide :D",mutluluk,sevgi,0.8423,winvoker
plastik kalitesi  çok tatmin edici değil ama şimdilik ürünün çalışma hususunda herhangi bir sıkıntı yok pointır kısmı 2 kademeli bir sürekli yanıyor iki yanıp sönüyor normal led ışık kısmı 5 kademeli farklı sıklıklarda yada sıralı yanıp sönen ışıkları var,mutluluk,üzüntü,0.8423,winvoker
"kim bilir, belki insanlar üşüyorlardır ve bir çöp yangını tam da kemiklerini ısıtmak için aradıkları şeydir",nötr,şaşkınlık,0.8423,goemotions_tr
Artık kimse OkCupid kullanmıyor. Bir bara git ve birini al,nötr,öfke,0.8423,goemotions_tr
"film için herhangi bir övgü yazmaya gerek yok.sadece sinema izleyicisiyim diyen birinin izleMEdim demesinin ayıp! sayılacağı bir film demek istiyorum,o kadar...",mutluluk,üzüntü,0.8422,winvoker
eee birazcık agirca ben gibi fazla bisey tasiyamayanlara ama tasiyacaz yapcak bisey yok :),mutluluk,üzüntü,0.8422,winvoker
Evet. Bir oyun forumunda iş veya ücretli e-posta adresi ve gerçek ad kullanmak zorunda kalmak oldukça kötü.,öfke,tiksinti,0.8419,goemotions_tr
"listelenen ürün özellikleri ürün ile uyuşmuyor. video isimli bir cihazın video oynatmaması mümkün mü. video özelliği var, hoparlörü de mevcut. dışarıya ses verebiliyor. ekran büyüklüğü video izlemek için yeterli ve net. ben beğendim, tavsiye ederim.",mutluluk,üzüntü,0.8419,mteb_product
hele o en son sahne &quot;İsimsiz bir suikastçi gibi öldürüldü ama bir kahraman gibi gömüldü&quot; bu söz çok hoşuma gitmişti,mutluluk,sevgi,0.8418,winvoker
profilinde bu uc emojiden biri bile varsa ihtimalle salak oluyor homofobik degilim,mutluluk,üzüntü,0.8417,winvoker
bence bu fiyata iki adet kaliteli aski tipi alınabilir. tek eleştirim fiyatının biraz fazla olması. ayrıca kışın araç kaloriferi çalışırken telefon aşırı isinacaktir.,mutluluk,üzüntü,0.8416,winvoker
Lmao bunun el ele gitmediğini ima ediyor,nötr,öfke,0.8416,goemotions_tr
çekiş gücü düşük seviyede bile halıyı bırakmıyor,mutluluk,üzüntü,0.8415,winvoker
kötü yanı :çift fermuari yok.ferömuar biraz dandik gibi. kulpları yok. iyi yanı : üstü şeffaf olması iyi. boyutu  güzel. kırmızı yıldızlı bi kumaş geldi. deseni beğendim.hurç işte iş görür.,üzüntü,mutluluk,0.8414,winvoker
"Doğru. Bu hafta ailem ve ben herkes için birisinin olduğunu öğrendik. Size söylüyorum, dışarıda bazı tuhaf insanlar var.",nötr,utanç,0.8413,goemotions_tr
way be kardeşim SİNEMA TARİHİNİN EN ZÜPER FİLMİ KUSURSUZ BİR FİLM,mutluluk,üzüntü,0.8413,winvoker
Üzgünüm. Şehriniz berbat.,üzüntü,tiksinti,0.8412,goemotions_tr
"Evet, tam da bir pug'dan bahsediyordum.",nötr,şaşkınlık,0.8412,goemotions_tr
[NAME] bir simitin üzerinde. Bu sadece... berbat. Bu yorumlar kesinlikle... onları tarif edecek kadar korkunç bir şey düşünemiyorum.,öfke,tiksinti,0.8412,goemotions_tr
"emeğinize sağlık , teşekkürler .",mutluluk,sevgi,0.8411,winvoker
"Dürüst olacağım, gerçekten umursamıyorum. Başkalarının da bununla ilgilendiğini bilmek beni mutlu ediyor, ama eh sen de umursuyorsun",mutluluk,öfke,0.8411,goemotions_tr
Onu da yetiştiren bir kadın demek de şiddettir erkekler hep böyledir demek de şiddeti meşru etmektir Elbette kız ve o,mutluluk,öfke,0.8411,winvoker
ürünü alıp kullanan biri olarak söylüyorum,üzüntü,mutluluk,0.8411,winvoker
bunların hepsi yaşanmış... hepsi gerçek!,üzüntü,mutluluk,0.841,winvoker
"forrest anlatsin biz dinleyelim, izleyelim... daha ne olsun ,5 izle.",mutluluk,üzüntü,0.841,mteb_movie
"Sadece çekici olduğunu düşünmeleri, bunun cinsiyetçi olduğu anlamına gelmez",nötr,öfke,0.841,goemotions_tr
"daha önce oem aldım ucuz diye, resmen prizde yandı. bana daha pahalıya mal oldu. şimdi orjinalini aldım sorunsuz çalışıyor. siz siz olun oem ürünlere (tanınmış bir marka değilse) güvenmeyin.",mutluluk,üzüntü,0.841,winvoker
nereye gidersen git o adamın oğlusun,mutluluk,öfke,0.8408,winvoker
"1,5 yıldır bu flash belleği devamlı olarak kullanmaktayım. ürün şık ve güzel, anahtarlıkta ayrı bir güzel duruyor. o kadar ezildi yere düştü, fırlattım vs. hiç birşey olmadı halen çalışıyor, baya sağlam. fakat flash bellek aşırı derecede yavaş. yazma hızı 3 mb/sn civarı. büyük dosyaları atmak ölüm gibi oluyor. okuma hızında sıkıntı yok gayet güzel. alacaklar yazma hızına dikkat etsin.",üzüntü,mutluluk,0.8408,winvoker
Bu durum onu çok tehlikeye sokar .,nötr,korku,0.8407,winvoker
pil bilinçli kullanımda 1 gün gidiyor..,mutluluk,üzüntü,0.8406,winvoker
Daha çok kimsenin sevmediği kaynana gibi.,nötr,öfke,0.8406,goemotions_tr
Beklediğim gibi değildi.,üzüntü,korku,0.8406,winvoker
sanırım şu zamanın iki yüzlü ilişkilerine baktığımızda keşke etrafımızda bi forrest olsa diyoruz ne diyelim izlemeyen çok şey kaçırır hayata dair,mutluluk,üzüntü,0.8405,winvoker
"Tıraş olmazsam bikini giyemem, dolayısıyla tıraş olmamak bir seçenek değil",şaşkınlık,öfke,0.8404,goemotions_tr
"ilk izlğdmde bende anlamştm 11 yaşndydım:D Perfect oynclk senryo,,, gerkli seylr söylnmş katack bask bir sey yok.",mutluluk,üzüntü,0.8404,winvoker
bu fiyatta eviniz için alınabilecek en güzel ürün.  en önemlisi manyetik oluşu.  istediğiniz saatte spor yapın hiç ses yok. tek sıkıntısı kurulumu. ürünün kutusu içinden çıkan klavuz hiç bir şeye yaramıyor.  daha açıklayıcı bir klavuz veya video gönderilmesi lazım ürünle. pedallari ana gövdeye bağlayan siyah vidalar varki tam bir baş belası.,mutluluk,üzüntü,0.8403,winvoker
Bu filmi izleyip de hayal kırıklığına uğramamış olanlara çok şaşıyorum.,üzüntü,şaşkınlık,0.8403,winvoker
ürün dün ulaştı. 20-25dk sonra ısınıyor ancak çok fazla sıcak olmuyor. ben daha fazla sıcak olur diye umutlanmıştım ama en azından ayaklarım ılık kalıyor o da üşümekten iyidir.,üzüntü,mutluluk,0.8402,mteb_product
Oy verdim çünkü bu kesinlikle aptalca ve aynı zamanda çok komik,mutluluk,öfke,0.8401,goemotions_tr
"ürün iyi ama diğer parfümlere göre teninde daha az kalıyor, sürekli tazeleme istiyor.",mutluluk,üzüntü,0.8401,winvoker
Ve süper zenginler hala sefil,üzüntü,öfke,0.84,goemotions_tr
"Makalenin tamamını ve diğer bazı SSS'leri okuduktan sonra, bunun tek gösterdiği şey [İSİM]'in aynı kitabı çok farklı okuduğudur.",mutluluk,şaşkınlık,0.84,goemotions_tr
arkadaşlar bluetooth mesafesi 6-8 metre özellikler iyi telefonla net konuşuluyor ekran dokunmatik kullanışlı zorlamadan algılıyor 2 çeşit saat var anolog dijital bikaç özellik için sanırım ek program kullanmak grekecek sanırım ugraşmadım mesafesinden dolayı iade edeceğim,üzüntü,mutluluk,0.84,winvoker
Ne kadar harika! Elbette şimdi bebeğin ÜÇ set büyükanne ve büyükbabası var. Ekstra bonus hediyeler!,mutluluk,sevgi,0.8399,goemotions_tr
Padres ile imza atacağının garanti olduğunu düşünmüştüm lol,mutluluk,şaşkınlık,0.8399,goemotions_tr
hiç hediye yyok...,mutluluk,üzüntü,0.8398,winvoker
"Hükümet DUP ve maymunları aynı rakamlara koyuyor, bu yüzden tahmin etmek zor",nötr,şaşkınlık,0.8397,goemotions_tr
Doğrusu dünyada rahat olmak için aptal olmak lazım Sabahattin Ali,mutluluk,öfke,0.8396,winvoker
"Diddy Kong Racing'i seviyordu, asıl mesele bu.",nötr,sevgi,0.8396,goemotions_tr
bugün elime ulaştı ve kokusu o kadar klasik geldi ki bu mudur yani dedim sanki 10 20 liralık parfümler gibi orijinal olduğunada bi kanıt yok sadece i̇talya üretimi yazıyor barkot sorgusunda bi daha düşünün derim,mutluluk,üzüntü,0.8395,winvoker
Harika bir yazı! Geçmişte çevrimiçi tanışma sitelerini denedim ve daha önce de bu şeyleri fark ettim.,mutluluk,sevgi,0.8394,goemotions_tr
"Bu zaman diliminde bir ""Klasik BF haritaları DLC'si"" harika olurdu. Ve bir Stalingrad savaş haritası <3 Ve bir Berlin haritası.",nötr,sevgi,0.8393,goemotions_tr
Hadi hep birlikte Dragon Laaaaaand'a gidelim!,mutluluk,sevgi,0.8393,goemotions_tr
"görünüşü, uç bisiklet taşıyabilmesi ve bisikleti tutan cırt cırt bantlar çok güzel. fakat bisikleti tutan kauçuklar kayıyor. kısa mesafe de kullandım. az daha gitsem trafiğin içinde bisikleti yola bırakacaktı. bunları bir şekilde sabitlemek gerek.",üzüntü,mutluluk,0.8392,winvoker
"Utah korkunç, geceleri oradan araba sürmekten nefret ediyorum",öfke,tiksinti,0.8392,goemotions_tr
"Tamamen geçerli bir nokta ama [İSİM], [İSİM]'in birlikte çalıştığı herkesten daha iyidir.",mutluluk,öfke,0.8391,goemotions_tr
Bahse girerim yazın bir hafta boyunca açık bırakılmış bir kavanoz mayonez gibi kokuyordur,tiksinti,şaşkınlık,0.8391,goemotions_tr
"""Sünger Tanıtım Yazısı Yayınları Quaw Haha GURR ha AAa!"" finali çok gerçek",mutluluk,tiksinti,0.8391,goemotions_tr
bu sitede emeği geçenlere teşekkürler.,mutluluk,sevgi,0.8391,winvoker
sormana gerek var mı tabi ki onu desteklemek zorundayız eğer desteklemezsek kim destekleyecek?,nötr,şaşkınlık,0.8391,goemotions_tr
"Diyanet İşleri Başkanı Erbaş, Ayasofya Camisi'ne Prof. Dr. Mehmet Boynukalın, Ferruh Muştuer ve Bünyamin Topçuoğlu'nun imam olarak atandığını açıkladi",mutluluk,nötr,0.839,winvoker
Superbowl 42 uzun zamandır tüm zamanların en büyük Superbowl'u olmaya aday.,mutluluk,nötr,0.8389,goemotions_tr
ağladığım nadir filmlerden biri.her şey harika ama oscar'ı amerikan güzeli aldı.yine de gönlümüzün oscar'ı bu filme,mutluluk,üzüntü,0.8388,winvoker
"2D ile 3D'nin bir arada olduğu bu his tüm Paper Mario oyunlarında mevcut, hepsinde bu his ilginç bir şekilde ele alınmış.",mutluluk,şaşkınlık,0.8388,goemotions_tr
"O filmi ben de izlemedim, haha.",mutluluk,üzüntü,0.8387,goemotions_tr
"Erdemli sinyal verme ve kapı tutma sol pratiktir. Kötü, çirkin memleri unutmayın. Birbirimizi denetlemek bizi yeterince meşgul ediyor! Ve kuruluş bunu böyle tercih ediyor",nötr,öfke,0.8386,goemotions_tr
Ben animasyonları çok seviyorum. Özellikle Monsters inc. çok başarılıydı. Bunu da izlerim heralde...,mutluluk,sevgi,0.8383,winvoker
Burada yemek ve içkinin tadını çıkarabileceğiniz bir tür caz barı öneriyorum. Seul'de ünlü bir yer,mutluluk,sevgi,0.8382,goemotions_tr
bu alet tam bir canavar. appleın bittiği an. gerçi uzun zamandır gerisinde ama note 4 ile taputa çiviyi çakmış. iphone 6 plus ı rakip olarak sayanlara tek sözüm teknoloji cahilleri.,mutluluk,üzüntü,0.8382,winvoker
vallahi helal olsun dabbeden 1. liğini aldı,üzüntü,mutluluk,0.838,winvoker
Gerçekten çok güzel dostum!! Apple Music'te var mı? Gerçekten harika bir şarkı,mutluluk,sevgi,0.8378,goemotions_tr
2005 in filmi.,mutluluk,nötr,0.8378,mteb_movie
tak çalıştır,mutluluk,üzüntü,0.8378,winvoker
"Bay Bilge, sana 9 puan gibi görünüyor!",nötr,sevgi,0.8377,goemotions_tr
ben senin seksüel alt iğneliyici espiri anlayışına sokam,üzüntü,öfke,0.8377,winvoker
"Herkesin içi biraz toksiktir. Katillerin toksik olmasının, hayatta kalanların toksik olmasından kaynaklandığını ve bunun tersinin de geçerli olduğunu düşünüyorum. Bu bir kısır döngü.",nötr,öfke,0.8377,goemotions_tr
Her biri korkutucu olabilen birkaç çeşit yarışma vardır .,nötr,korku,0.8375,winvoker
"Bu çok ciddi bir soru ama herkesin söyleyeceği şeyi söyleyeceğim: ""[İSİM]'in gitmesini istiyorum""",mutluluk,öfke,0.8374,goemotions_tr
"Spike Lee'den mükemmel bir soygun filmi.Denzel Washinghton,Clive Owen ve Jodie Foster' ın etklil performansları,aksiyonu,gizemi ile kaliteli bir film ortaya çıkmış.Russell Gewirtz imzalı kusursuz senaryonun senaristin ilk senaryosu olduğuna inanmak zor.Yönetmen Lee filminde New York' un farklı kültürlerini ve kozmopolit yapısını farklı karakterlere yer vererek yansıtmış.Son on beş dakikada filmin sırları ve gizemi ortaya çıktığı sahneler çok güzel anlatılmış.Mutlaka izleyin.",üzüntü,mutluluk,0.8374,winvoker
"Bütün gece işteydim, sadece çok yorgunum",nötr,korku,0.8374,goemotions_tr
"Havuzlarını, denizini ve odalarını beğendim. Bu yüzden tavsiye ederim.",mutluluk,sevgi,0.8374,winvoker
Eğlenceli bir grup gibi görünüyor,mutluluk,sevgi,0.8373,goemotions_tr
"çok güzel büyüyor, teşekkürler",mutluluk,sevgi,0.8373,winvoker
koku çok güzel fakat içine sadece 3 çubuk bıraktığımız halde 1 ay olmadan yarıya geldi oyda 6 ay etkili diye yazıyordu sanırım tek çubukla o süreye ulaşabilir ama onunda kokusu etkili olmaz,mutluluk,üzüntü,0.8373,winvoker
Depresyon ve kaygı bozukluğu yaşıyor olmalısınız.,üzüntü,korku,0.8372,goemotions_tr
Acaba neden bu kadar siktir olup gittin? Aslında gayet mantıklı bir açıklaması vardı.,öfke,şaşkınlık,0.8372,goemotions_tr
roman gerçekten iyiydi. film senaryosu romandan epey farklı fakat  da vinci şifrersinde olduğu gibi tom hanks in oynaması filmi izlenebilir kılmış. bu tür ezoterik örgüt yapılanmasını sevenler için izlenmesi gereken film.,üzüntü,mutluluk,0.8371,mteb_product
yavass kessin birde trabzonlusun biz trabzonlulari hem delikanlı ham milli,mutluluk,üzüntü,0.8369,winvoker
"Teşekkürler, nefret ediyorum.",sevgi,öfke,0.8368,goemotions_tr
The Pianist'ten sonra filmi bir kere daha izledim ve bazı sahnelerin birbirinin kopyası olması dikkatimi çekti.. Gerçek aynı gerçek.. Sahnelerin aynı olması da doğal olsa gerek..,mutluluk,üzüntü,0.8368,winvoker
kararsızım ama deneyeceğim bakalım inş. istediğim kalitede olur philips bi kulaklığıum vardı inş onun gibi olmaz extra bas felan yazıodu ondan sebep almıştım ama hiç bi bas yoktu inş o tip sıkıntı yaşamam...,üzüntü,mutluluk,0.8368,mteb_product
fiyatı yüksek ama sesi kesti yeter kısa yol için güzel,mutluluk,üzüntü,0.8366,winvoker
Sahte faul yapmak istedi. Nacho olduğunu bilmiyordu.,nötr,öfke,0.8366,goemotions_tr
"telefon özellkik dolu ama su,toz geçirme özelliği falan yok.",mutluluk,üzüntü,0.8365,winvoker
ürünü denedim en yüksek şiddette fena değil ama direk mekik türlerini yapmak bence daha faydalı.en güzeli doğal şekilde spor yapmak.,üzüntü,mutluluk,0.8365,winvoker
"Bu çok, çok harika.",mutluluk,sevgi,0.8365,goemotions_tr
ürün fiyatına göre iyi ama sanki genişliği az gibi.ayağınıza aldığınızda çok az bir yeri tutuyor.ben daha geniş olmasını dilerdim.ancak direnç seviyeleri iyi ayarlanmış ve kademeli olarak bu bantlarla da pilates çalışması yapabilirsiniz.,üzüntü,mutluluk,0.8365,winvoker
d: alin yazisiydi. 10 üzerinden 10 izleyin mutlaka.,üzüntü,mutluluk,0.8363,mteb_movie
"*Amoeba müzik tişörtüne bakar* Harika, şimdiye kadar yapılmış her albümüm var!",nötr,sevgi,0.8363,goemotions_tr
BBQ ranch ve Greek favorilerim!!,mutluluk,sevgi,0.8362,goemotions_tr
"Feminist anlatı... her zaman erkeğin suçudur, birine yardım ederken, uyurken ve öldürüldüğünde bile.",öfke,utanç,0.8362,goemotions_tr
adalet duygunuzmantığınız insanlara olan yakınlığınıza göre değişiyorsa üzgünüm ama siz adil değilsiniz,mutluluk,öfke,0.8362,winvoker
"agır bir ürün çünkü diğerleri gibi sert plastik ve ya teflon dişli değil metal dişli sistemi kullanmakta,",mutluluk,üzüntü,0.8361,winvoker
"hastahanede, Linkin Parkın solisti Chesterı fark eden varmı:)",mutluluk,şaşkınlık,0.8361,winvoker
"Oyunun en iyi karakterlerinden bazılarını oynuyorlar ([NAME]), ancak diğer tüm karakterlerin sizi zayıf gösterdiğini düşünüyorlar. Çok ironik.",nötr,öfke,0.8361,goemotions_tr
"Bu film hakkında fazla söze gerek yok izlemediyseniz izleyin, izlemeyenleri uyarın izlesinler",mutluluk,üzüntü,0.8359,winvoker
sen daha yazı yazmayı bilmiyosun =) beyenmedimmi denir yoksa beĞenmedimmi..,mutluluk,üzüntü,0.8358,winvoker
Gösterildiği zaman baya ilgi görmüştü bu film. Çokda eleştirildi vede Mısırda yasaklanmıştı. Bizde TRTde gösterildi tabiki bazı sahneler makaslandı. Dublajda değişiklikler yapıldı. Filmde insanın şeytan karşısında zayıflığı anlatılıyor.Daha doğrusu insanın zayıflığı.,mutluluk,üzüntü,0.8357,winvoker
oyunculuklar zaman zaman çok üst seviyeye çikiyor. müziklere zaten diyecek bise yok. hikayeye gelince böle bir duyguyu yasamayan begenemez çünkü içinde tetiklecek bir duygu yok..,üzüntü,mutluluk,0.8356,mteb_movie
"gitmeden önce buradaki tüm yorumları okumuştum. zaten ben filme sırf scarlett oynuyo diye gidecektim ama, yorumlar öyle olunca süper bir film bekledim ama film güzel ama harkulade değil. 9/10",mutluluk,üzüntü,0.8355,winvoker
arkadaşlar bu parfümü indirimde diye yorumlara bakarak sipariş verdim ve ürün gayet hızlı elime geçti. kokusu güzel ama ne yazıkki kalıcı değil. yorumlara bakarak alan arkadaşlar kokunun kalıcılığı 3 4 saat civarı. hoşçakalın,üzüntü,mutluluk,0.8355,winvoker
Kötü bir olaydı ve sen de kendini kötü hissetmelisin.,tiksinti,öfke,0.8354,goemotions_tr
"Vay canına, burada uçurumun kenarındalar. Kesinlikle fellowkigs değil çünkü gerçek bir fellowkis'in bunu söylediğine kesinlikle inanırdım",nötr,şaşkınlık,0.8354,goemotions_tr
>Hayır ama o şişman kıçın sadece [İSİM] kötü adam dediğini biliyorum lol [İSİM] oldukça şişman. İyi gözlem.,mutluluk,öfke,0.8354,goemotions_tr
1. Çekilme yöntemi berbat bir stratejidir. 2. Cinsel yolla bulaşan bir hastalığınız olabilir. 3. Başka sorunlarınız olabilir. Doktorunuza görünün.,nötr,sevgi,0.8354,goemotions_tr
urun az ışıkta gece çekimi iyi değil flash acikken biraz daha iyi. gunduz çekimi yeterli. şarjı bir günü rahat çıkartır. şarj süresi fazla uzun değil. şarj aleti şarj olurken ses çıkarıyor. bana gelen urun tayvan maliydi. kamera çekimi orta.,mutluluk,üzüntü,0.8353,winvoker
"ürünü beğendim. kamerası iyi, ama tabi ki i̇phone kalitesi yok. android 5.1 ile geliyor. i̇çinden kılıf çıkmaması kötü. 2 saatte şarj oluyor. 2700 mah bir alete göre şarjı az gidiyor gibi. bir de %15 civarı aniden kapanıyor.",mutluluk,üzüntü,0.8353,winvoker
"nasıl Çağan ırmak imzalı her filme koşa koşa gidiyorsam cem yılmazda benim için aynı, ne yorum yapılırsa yapılsın gidip kendim görmeliyim. Gittim gördüm ve hayal kırıklığına uğradım fakat harcanan emek adına cem yılmaz a teşekkür ediyor ve çok daha güzel kaliteli filmler bekliyorum ondan.",üzüntü,mutluluk,0.8352,winvoker
Cuma gecesi bir partiye gittim ve günümü uyuyarak geçirdim. Pişman değilim.,mutluluk,öfke,0.8351,goemotions_tr
samsung s6 edge cihazını samsung tv ye video ve canlı yayın görüntüsünü atamıyordum,mutluluk,üzüntü,0.835,winvoker
süpürge mükemmel. fakat süpürge sapı biraz kullandıktan sonra kumanda bölümünden kırılıyor. philips kullanıcı hatası diyerek garanti kapsamına sokmuyor.,mutluluk,üzüntü,0.8349,winvoker
ürün belirtilen sürede kargoya verilmedi ama ürün güzel. kılavuzunu iyi okuyun yoksa tuşları çalışmıyor demeyin.,mutluluk,üzüntü,0.8349,winvoker
Yine de özelliklerinden gurur duyduğunu itiraf etmektedir .,nötr,gurur,0.8349,winvoker
merhaba arkadaslar parfum konusunda size yardimci olmak istiyorum.parfum guzel fakat cok fazla bir kalicilik soz konusu degil orjinal ama 2-3 saatlik bir periyotta koku kayip oluyor kullandigim sure icerisinde parfumun cok guzel kokuyor diye bir tepkide almadim zevkler ve renkler tartisilmaz ama tek gercek bir daha ki tercihimin bu parfumun olmayacagi saglicakla kalin.,üzüntü,mutluluk,0.8348,winvoker
bu benim ruhuma gerçek anlamda hitap ediyor.,mutluluk,sevgi,0.8347,goemotions_tr
"ürün orjinal sadece kutusu yok, poşette geliyor.",mutluluk,üzüntü,0.8346,winvoker
"O sadece sana karşı o kadar da ilgili değil, bence öyle. Bir HL kız arkadaşı bulup eğlenmeye gitmelisin.",mutluluk,sevgi,0.8346,goemotions_tr
Bu tablo 10 hazirandan,mutluluk,nötr,0.8343,winvoker
Gidip market alışverişi yapın ve bir hafta boyunca tek kuruş bile harcamayın. Lütfen....,nötr,sevgi,0.8343,goemotions_tr
"birde benim gibi ofiste kullanacaksanız, çıkaracağı sesler ciddi sıkıntı yaratabilir, ofis kullanımı için biraz gürültülü.",mutluluk,üzüntü,0.8342,winvoker
İlgisiz ama Nâ€™keal [İSİM]'in o kadar yükseğe çıkması imkansız,nötr,öfke,0.8342,goemotions_tr
babam oğluma hediye aldı 12 aylık oğlum yeni yeni yürümeye başladı ve su damacanası çöp kovasını iteleyerek yürümeye başladı eşimde ilk araba dye bir şey varmış diyerek aklıma soktu babam sağolsun hediye aldı ancak bizim oğlan cep herkülü gibi herşeyi kaldırmaya çalıştığı ilk araba için hafif geldi yani hiç kullanmadı diyebilrim birde halı üzerinde tekerler çok zor dönüyor bilginizolsun,üzüntü,mutluluk,0.834,winvoker
Doğu Rusya'yı yanlış yazdınız,nötr,öfke,0.8339,goemotions_tr
ya aq duygu ozaslan kim barolar bolundu 2 gun once,mutluluk,üzüntü,0.8339,winvoker
"yapım 2010 Türkiye diyorsa en erken 2014de izleriz heralde, Aynı durum Fetih 1453 içinde geçerli :))) Aşağıda yorum yazan arkadaşlara da katılıyorum nasıl iş yapıyoruz anmalıyorum gerçekten film gözterime girince fragmanı ekliyoruz, daha çooook yolumuz çooook....",üzüntü,mutluluk,0.8338,winvoker
"Bu adil. Bunun bir şaka olduğunu biliyorum, sadece insanların bunu nasıl önemsemediğini hep garipsedim. Sorun değil.",mutluluk,öfke,0.8338,goemotions_tr
"kahvenizi sıcak olarak tüketmek isterseniz, haricen su kaynatmanız, kahve haznesi ve bardağınızı ısıtmanız gerekiyor. diğer türlü kahve çok sıcak olmuyor. ayrıca yıkanabilir filtresi var ama, kahveyi kağıt filtre ile yapmazsanız, su filtreden hemen süzülüyor ve kağıt filtreli kahve kadar güzel olmuyor ama bu sorun tüm marka ve model kahve makineleri için ortak",mutluluk,üzüntü,0.8337,winvoker
Enteresan senaryolu izlenebilir bir film.Bu arada arkadaş güzel bir tesbit yapmış helikopterden atlama sahnesi ile ilgili. katılıyorum arkadaşa çok saçma olmuş gerçekten.,mutluluk,üzüntü,0.8337,winvoker
Ben [İSİM],nötr,utanç,0.8336,goemotions_tr
Seni çekici bulduğu gerçeğiyle baş edemiyor.,nötr,öfke,0.8336,goemotions_tr
"filmi sipariş verdikten 1 gün sonra elime ulaştı.ilk filmin dvd sinide almıştım.robotlara biraz fazla derecede insani duygular katsalarda,güzel bir bilimkugu filmi.",üzüntü,mutluluk,0.8336,mteb_product
Aç öldü . .,nötr,öfke,0.8335,winvoker
Kelimelerin söyleniş biçiminden aşırı sakin misin yoksa bir sandalyeyi devirmek üzere misin anlayamıyorum,öfke,şaşkınlık,0.8333,goemotions_tr
"çok menmun kaldım,odanın her köşesinden tv ye bağlanabiliyorum...teşekkürler..",üzüntü,mutluluk,0.8332,winvoker
ürünü 27 ekimde sipariş verdim. 21 kasımda teslim edildi artık siparişimi de unutmuştum. gerisini size bırakıyorum.,üzüntü,mutluluk,0.8331,winvoker
flimin hakketen ilk bölümü çok sikiciydi ama ikinci bölümde kopmamak mümkün degil. süper di yaa.. aglayip içini dökmeyek isteyen herkeze tavsiye ederim..,üzüntü,mutluluk,0.8331,mteb_movie
bu fiyatlara da alıp okumayanlara bilmem artık ne diyeyim...,mutluluk,üzüntü,0.8331,winvoker
"Telefon özellikleri çok iyi, ancak pili gücü 3000 mAh olduğu için ortalama kullanımda şarj bir gün idare ediyor.",mutluluk,üzüntü,0.8331,winvoker
Geceniz iyi olsun,mutluluk,sevgi,0.8328,winvoker
Katılıyorum. Sadece OP'ye kuralları gösteriyordum.,mutluluk,öfke,0.8328,goemotions_tr
Şimdiye kadar gördüğüm en iyi tek saatlik şov bölümlerinden biri! Umarım bir sonraki ikisi de en az onlar kadar iyi olur! Hadi başlayalım!,nötr,sevgi,0.8328,goemotions_tr
"North Sydney, Milson's Point veya Kirribilli'den memnunum ve 19. bölgeden de memnunum!",mutluluk,sevgi,0.8328,goemotions_tr
"> kesinlikle her yeri genel olarak tarif ettin ve sadece İskoçya'yı değil. Hayır, sadece İskoçya ile Sussex arasındaki fark şaşırtıcı.",nötr,şaşkınlık,0.8328,goemotions_tr
bu fiyata daha fazlasını beklemek gereksiz olur. daha kaliteli ürünlerdeki gibi birleştirme aparatı yok. direk vidalayarak birleştiriliyor. çok sağlam durmasa da iş görüyor.,mutluluk,üzüntü,0.8328,winvoker
Eşim daha sonra ona bunu söylediğimde kıçımı gülerek bana kızacak. Buna değer!,mutluluk,öfke,0.8327,goemotions_tr
Yerde tek başıma uyuyorum. Bu kötü bir fikirdi...,üzüntü,tiksinti,0.8326,goemotions_tr
"Seni sevmekte, seninle aynı istikamete yürümekte nasip meselesi herkese kısmet olmuyor",mutluluk,sevgi,0.8326,winvoker
Bazen normal bir Çince sohbetin de aynı etkiyi yaratabildiğini görüyorum.,nötr,şaşkınlık,0.8325,goemotions_tr
"Ah, ve ayrıca öpüştükleri bir fotoğraf da var. Başkası çekmiş gibi görünüyor.",nötr,şaşkınlık,0.8325,goemotions_tr
"Evet, her zaman dışarıda yemek yemek çok pahalı, fast food bile olsa.",mutluluk,öfke,0.8324,goemotions_tr
sarj suresi orjinal kabloya gore cok daha uzun,üzüntü,mutluluk,0.8324,winvoker
bence 3-4 filmlik bir seri olmalı kademe kademe anlatılmalı olay en sonunda da malum ateş kralına karşı savaşmalı. çizgi filmi çok güzeldi umarım çizgifilme yakışır bir film çekebilirler,üzüntü,mutluluk,0.8323,winvoker
Biz çörek istiyoruz,nötr,sevgi,0.8323,goemotions_tr
"tek kusuru; uzun süre kulağınızda kalınca biraz acıtıyor. kulak içerisinde kalan kısım iphone kulaklığı gibi olsaydı bu sorun meydana gelmezdi. konuşulacağı zaman kulağa takmak bana saçma geliyor. fazla konuşan birisi değilseniz iki günde bir şarj edersiniz. telefonda kalan şarj miktarını gösteriyor. müzik dinlenebiliyor; ama tek kulaklıkla güzel olmuyor. amacı müzik dinlemek değil zaten. gelen çağrıya nasıl cevap verebileceğimi öğrenmem biraz zor oldu. video seyredince öğrenebildim. kulaklığın üzerindeki çizgili yerde düğme varmış, bende sağına soluna bakıyorum. :) daha iyisini bu fiyata zor bulursunuz. gerçekten ihtiyacınız varsa indirimdeyken alın.",mutluluk,üzüntü,0.8323,winvoker
"Çizgi roman uyarlamalarına farklı bir boyut kazandıran ve en fazla katkıyı yapan filmlerden. Şehrin atmosferi filme hakim her süper kahraman filminde olduğu gibi kötü bir karakterimiz var. Joker. Yarı ciddi, yarı saçma yaratılmış bu karakter filmde batmandan daha iyi bir performans sergiliyor ve daha az görünmesine rağmen en akılda kalıcı o oluyor. Gerçek hayata süper kahraman katmak zor iş bu tür filmler genelde mantıksız ve saçma olur. Bunu aşmayı başaran nadir filmlerden. Marvel'in berbat uyarlamalarına benzemiyor filmdi hiç çocuksu bir hava yok diğer çizgi roman uyarlamalarına karşın. Gayet ciddi bir hava var. Seyirciyi gerçekçiliğe inandırmak için ellerinden geleni yapmışlar. Sonucunda ortaya etkileyici bir film çıkarmışlar.",mutluluk,üzüntü,0.8322,winvoker
Vay canına. [İSİM] hakkında duymak kötü. Sanırım kötü bir aile hayatıyla alışılmadık bir durum değil.,mutluluk,tiksinti,0.8322,goemotions_tr
"Evet. Fotoğrafları görmezden gelmemeye çalışırsanız, hemen orada.",mutluluk,sevgi,0.832,goemotions_tr
ben mp3 playerımı otomobilimde kullanmak için aldım. kaset adaptörü ile kullandığım mp3 player ile kullanıyorum. playerıa bağladığımda ekranda data seçeneği çıktı. direkt olarak data transfer moduna geçti. şarj etmedi. ama cep telefonu vs. de sorun çıkarmıyor. sonuç olarak benim işimi görmedi. ama telefon şarjı için gayet ucuz pratik bir ürün. ben şu anda hama marka usb çakmak adaptörü kullanıyorum. ama tabi fiyat bu ürünle kıyaslanmaz.,üzüntü,mutluluk,0.8319,winvoker
O kadar çok sorum var ki!,nötr,şaşkınlık,0.8319,goemotions_tr
ürün çok kaliteli zaten honeywell markasını tartışmaya gerek yok ama viessmann marka kombime uyum sağlamadığı için iade etmek durumunda kaldım. ürün açıklamasına eklenirse benim gibi diğer kişilerde boşuna almış olmasın.,üzüntü,mutluluk,0.8319,winvoker
Tüm haber sitelerinde yaşlı veya hasta olan yüksek profilli kişiler için hazır makaralar var. Hala tatsız görünüyor,nötr,tiksinti,0.8318,goemotions_tr
FİLM ÇOK HARİKA EDWARD NORTON IN BÜTÜN FİLM LERİNİ GÖLGEDE BIRAKAN FİLM BRAD PITT KORKUNÇ DERECEDE MÜKEMMEL BİR AKTÖR,mutluluk,üzüntü,0.8318,winvoker
kısa bir süre içinde gelen tost makinesi çok çabuk isınıyor ve tostu kısa bir sürede hazırlıyor.  tek olumsuz yönü izgaralarının çıkmıyor oluşu.,mutluluk,üzüntü,0.8318,winvoker
Sıkıcı sıkıcı sıkıcı...,üzüntü,öfke,0.8317,winvoker
"Nasıl sıkıştırıyolar Evrim’i Barış için kötü bir şey söylesin diye.Ama yine istediğinizi alamadınız hepsi yalandan anlatamayız diyo neyi anlatamazsınız? İşinize gelince çıkıp saydırıyosunuz, suçlayacak bişey olmayınca da anlatamam.. Hass*ktir.",mutluluk,üzüntü,0.8316,winvoker
Bela Kskdjjfjdksk,mutluluk,nötr,0.8315,winvoker
bence iş görür çok ince değil ayrıca kaliteli,mutluluk,üzüntü,0.8315,winvoker
bu kadar açık değil mi,nötr,şaşkınlık,0.8315,goemotions_tr
Bekleyin...,nötr,sevgi,0.8315,goemotions_tr
"Telefon genel olarak güzel eşim için aldım ama kamera çekimi çok parlak,doğal bir görüntü vermiyor iPhone dan sonra kullananlar için en büyük sıkıntı bu:)",mutluluk,üzüntü,0.8315,winvoker
Scarface Al Paçino'yu Al Paçino yapan fimlerden biri. çok eski bir yapım olması filmi teknik açılardan güçsüz kılıyor ama senaryonun işlenişi ve oyunculuk kesinlikle takdire şayan. Sonuçta bir ''Al Paçino'' filmi.,üzüntü,mutluluk,0.8315,winvoker
Kendine faydası yok,üzüntü,öfke,0.8314,winvoker
görünüşte herkes insandır ama gerçek insan hal ehli olandır,mutluluk,üzüntü,0.8313,winvoker
"Dürüst olmak gerekirse, [İSİM]'in iş için en iyi olduğunu düşündüğü şeyi yapmasına saygı duyuyorum. [İSİM] gidip kendini sikebilir.",mutluluk,öfke,0.8313,goemotions_tr
Ebbets Field'ı geri getirin!,nötr,sevgi,0.8311,goemotions_tr
cnn_türk ü google_plus ta da takip edin cnn_türk ü google_plus ta da takip edin gelişmelerden en hızlı siz haberdar olun cnn_türk ü google_plus ta takip etmek için buraya tıklayın,nötr,mutluluk,0.8311,ttc4900
Ben de onlara evli adamın o saatte işi neydi Evli adam neden evinde çocuğunun başında değildi Evli adam,mutluluk,şaşkınlık,0.831,winvoker
git gide daha çok bağlanıyorum sana,mutluluk,sevgi,0.831,winvoker
oğuz bey başarılarınızın devamını sikem,üzüntü,mutluluk,0.831,winvoker
çok güzelsin lanet olsun insan mısın,mutluluk,üzüntü,0.8307,winvoker
"Degerli yapimcilar , artik vampir filmlerinden sikildik , çünkü hepsi birbirinin ayni !",üzüntü,öfke,0.8307,winvoker
ben bu aşkımıza olan inancımı kaybettim,mutluluk,sevgi,0.8307,winvoker
Bu eylem geçmişte yaptıklarının intikamını almak için değildi .,nötr,öfke,0.8305,winvoker
Merhaba size ulaşabileceğimiz soru-cevap yapabilecegimiz bir platform varmı?,mutluluk,şaşkınlık,0.8304,winvoker
"önce standart bir adaptor ve pc de denedim hızlı yazmasına ve şarj ediyor görünmesine rağmen şarj etmedi yada kısa süre sonra ""charge paused"" uyarısı verdi.",mutluluk,üzüntü,0.8303,winvoker
ben 4 tane aldım bunları kullanmak için mikrodalga fırın aldım. istanbuldayız beykoz nemli bir yer evde 2 tane çocuk var odadaki rutubet ve nem önemli 3-4 aydır kullanıyorum öncelikle 5 dakikada şarj olur kendini temizler ve mavi renk olur diyorlar ama 10 dakikada oluyor pingi mavi renk. sonra güneşte bırakın mavi renk olur diyorlar çok uzun süre güneşte kalması gerekiyor ve hemn içeri almanız lazım yoksa rengi hemen pembeleşiyor. 2 günde bir mikrodalgayı çalıştırmak gerekiyor. bu arada bulunduğum yerde nem % 60 oda sıcaklığı 25,üzüntü,mutluluk,0.8303,winvoker
1-İzlemediğin filme nasıl başeser diyorsun? 2-Bufilm Kurosawa&#39;nın başeseridir. 3-CD&#39;sini bulmak pek zor değil.,mutluluk,şaşkınlık,0.8303,winvoker
Onlara kızlık zarını göster,nötr,öfke,0.8302,goemotions_tr
kokuna sarılıp sarhoş olmak varken sensizliğin hüznüne sığınıp berduş oldum ya işte o bana koyuyor,mutluluk,üzüntü,0.8302,winvoker
"puanını sonuna kadar hakeden, soh sahnesine son karesine dek heyecanla devam eden lakin dublajlı izlenilmesi tavsiye edilmeyen bir başyapıt.Müziği yok denecek kadar az ama o kadar da olur.",mutluluk,üzüntü,0.8301,winvoker
ürün güzel ve kaliteli ama aynası yok.,mutluluk,üzüntü,0.8301,winvoker
"Bir zamanlar kötü davranışlarım yüzünden bir gün boyunca yasaklanmıştım... Ah, durun, o hepimizdik...",üzüntü,utanç,0.83,goemotions_tr
Çok kıskanıyorum,öfke,sevgi,0.8299,goemotions_tr
[İSİM]'e hayran gibi görünüyor. Bu sadece sıkıcı.,mutluluk,öfke,0.8298,goemotions_tr
Ama Brock Lesnar pin olmaz .,nötr,öfke,0.8298,winvoker
Kültür Başkankentiyiz en çok izlenen film şuanda kutsal damacana bravo Türkiye...,üzüntü,mutluluk,0.8297,winvoker
"Urun gercekten guzeldi yani anlstildiği gibiydi ama kargo rezaletti
resmen teslim almak icin pesinde kostumya...",mutluluk,üzüntü,0.8297,winvoker
İstasyon bizim elimizde .,nötr,sevgi,0.8297,winvoker
fena değil8/10,mutluluk,üzüntü,0.8296,winvoker
Kendimi ilk sıraya koymaya ve ne olacağını görmeye karar verdim... bir gün her şey harika olacak,mutluluk,şaşkınlık,0.8296,goemotions_tr
"Vay canına, bu çok fazla repost!",nötr,şaşkınlık,0.8296,goemotions_tr
"oğlum 2,5 yaşında alırken küçük gelecek diye endişem vardı. evet! oyuncak küçük ama çocuğum onunla rahatça oynayabiliyor üzerinden indiği yok...",mutluluk,üzüntü,0.8295,winvoker
Çağan Irmak ve Fikret Kuşkandan Babam çıksa....,mutluluk,sevgi,0.8295,winvoker
Yani onlara yalan mı söyledin?,nötr,şaşkınlık,0.8295,goemotions_tr
HeRkesi saRacak bir konuya sahip değiL.. ben seweRim Dan Brown eserlerini.. Dijital Kale de film olsa tam süpeR oLacak ;),mutluluk,üzüntü,0.8294,winvoker
Çok şükür kâfir ve münafık lara karşı Allah razı olsun Erdoğan sen den Her gece Allah A dua edeceğim Erdoğanın manevi gücünün artması için,üzüntü,sevgi,0.8293,winvoker
mutlu pasta günü!,mutluluk,sevgi,0.8293,goemotions_tr
"Hakkari Çukurca’da teröristlerce düzenlenen saldırıda şehit olan askerlerimize Allah’tan rahmet, ailelerine ve milletimize başsağlığı diliyorum.",mutluluk,sevgi,0.8291,winvoker
- bu nedenle ağır ve nispeten yüksek titreşimli,mutluluk,nötr,0.8291,winvoker
tv deen değil kalite burdan aınır...,mutluluk,üzüntü,0.8291,winvoker
"Film gerçektende serinin en sabır isteyen filmiydi ama yinede en güzeliydi. Önceki filmlerin dozu ve aksiyonu bu filme göre birazdaha fazlaydı. Bunda ise espriler sululuğa pek fazla kaçmadan sert ve acımasızdı(en azından jack sparrow açısından) aksiyonun çoğunluğu ise sonuna verilmişti izleyeli bayağı oldu ama ilk yarısında hemen hemen yok gibiydi.(ama sonu müthişti) Eleştrilebilir çok fazla beyenilmeyedebilir bencede biraz fazla uzundu ama yinede son dönemin senaryo kıtlığı, klişe ve mantık hatası yoğunluğu arasında evet abarttıkları kadar şaheser bu film.",mutluluk,üzüntü,0.8289,winvoker
Bu akımı sürdürmek için mekanik işin gerekli olduğunun nasıl ortaya çıktığını anlamak ilginçtir .,nötr,şaşkınlık,0.8289,winvoker
[İSİM]. Senin hala içeride olduğunu düşünerek geri döndüğünü düşünüyorum.,nötr,şaşkınlık,0.8288,goemotions_tr
Hala kendi zihninizin dışında ırkçılığa dair hiçbir kanıt gösteremediniz.,nötr,öfke,0.8286,goemotions_tr
"Vahşi doğada, her zaman beklenmeyen bir şeyin olacağı beklenir sanırım",mutluluk,şaşkınlık,0.8285,goemotions_tr
Git iyi. şaka Mobil bazen berbat. Zebra/POA işbirliği yaparsa ve iyi bir günse kolayca halledebilirsin. Devam et.,nötr,sevgi,0.8285,goemotions_tr
Çomar piç seni,üzüntü,öfke,0.8281,winvoker
Bu yüzden [NAME]'in sahibimiz olmasından mutluyum. Onun cimri olduğunu düşünmüyorum,mutluluk,sevgi,0.8281,goemotions_tr
Ailesinin çoktan hapse girmiş veya ölmüş olması da ona kaçma fırsatı veriyordu.,öfke,nötr,0.828,goemotions_tr
"Çocukluğumu hatırlıyorum ve yaptığım her şey haramdı, insanlara bakmak bile haramdı :/",şaşkınlık,öfke,0.828,goemotions_tr
"filmi izlemedim ama puan olarak godfather,yeşil yol gibi büyük filmleri geride bırakmış,gerçekten merak ediyorum.bu filmin çok puan almasının nedeni heath ledgerin gerçek hayatta ölmesidri bence,yoksa bu kadar puan alavağını sanmıyorum",mutluluk,üzüntü,0.828,winvoker
"Kulağa ne kadar eğlenceli gelse de, lütfen polisi arayın.",mutluluk,korku,0.828,goemotions_tr
harikaydı saatdir burdaki yorum ve şikayetleri okuyorum gerçekten bu insanları anlamak imkansız bu otel muhafazakar bir otel yani bayanlar ve erkekler ayrı ayrı havuzlara girebiliyor denizede istersen ailece girebiliyorsun bunu bile bile açık saçık giyinen insanların burda işi nee hem gelmişler hemde rahatsız olmuşlar şikayet ediyolar git kardeşim antalyaya kafana göre yüzlerce otel var kendin gibi insanlarla eğlen coş tatilini yap  personelden şikayet edenlere  senedir  er gün gelip kalıyorum hala aynı yüzleri devamlı görüyorum ve daha  kere laubalilik görmedim hepside çok efendi saygılı ve güleryüzlü bıkmadan usanmadan hizmet ediyorlar  o kadar cins sinir hastası takıntılı ve kaprisli insanların kahırlarını çekmelerine rağmen hala güleryüzlü davranmaya özen gösteriyorlar adım attığınız heryerde sizi karşılıyorlar otele girerken özel kıyafetlerle sizi karşılamalarından tutun da restoran girişindede dikilip size ve ailenize iyi akşamlar hoşgeldiniz demelerine kadar birşey istediğinizde tabi efendim hemen deyip isteğinizi yerine getirmeye çalısıyorlar normalde işleri değildir akşama kadar ellerinde bezler bulaşıklar tabaklar bardaklarla uğraşıp bide yanınızda çocuğunuz varsa onunla bile şakalaşıp ilgileniyorlar yaptıkları işin stres ve sıkıntısından dolayı suratlarını asıp bir kenarda dikilebilirlerde kimsede bişey diyemez onlara ama öyle değiller inanın  çocuğunuz varsa ücretsiz kreşe bırakıyorsunuz   saat çocuk huysuzluk çıkarana kadar sizi ne ararlar ne sorarlar kızımı bırakıyoruz çok mutlu gelip ertesi gün gene gitmek istiyor hergün elinde kreş öğretmenlerinin yaptırdığı resimlerle dönüyor  otelde yemek konusu  numara  saat aç kalmanız imkansız adamlar adım attığınız heryerde size ücretsiz birşeyler ikram ediyorlar bahçeye çıkıyosun dönerler lahmacunlar pizzalar sıcak tatlılar burası lokanta değil bahçe hee adam koymazsa koymaz kim ne diyebilir lokanta sahilde git orda ye yemeğini mesela ama yook burda öyle değil herşey ganimet maşallah havuz başına gidiyosun tost ikramı her türlü içecek cafeye gidiyorsun kurabiyeler kekler  daha asıl restorantı saymadım oradaki nimetler sayısız  yediğin önünde yemediğin arkanda hergün etler tavuklar balıklar mezeler çeşit çeşit tatlılar ( bu kadar nimetin içinde bazı kronik vakalar kokoşlar geliyo bakıp bakıp bana göre hiç bişey yok diyor) gözüne dizine dursun  millet aldığının yarısını yiyor yarısı tabakta kalıyor bee kalanlarıda sordum çöpemi gidiyor diye çevrede   çiftlik varmış hergün gelip alıyorlarmış hayvanlara vermek için burda kötü yorum yapan insanlara inanmayın derim hepsi nankör insanlardır onlara katıldığım tek konu var oda banyo küvet lavabonun eskiliği değişmeleri lazım ben hiç mi bişey görmedimde burası bana bu kadar güzel geldi diye düşüneceksiniz doğal olarak hayır ben başka otellerede gittim gidip  günlük villada kiraladım tatilimi yaptım ama verdiğim paraya aldığım hizmet  numara bence bu arada ben bir otel çalişani filanda değilim haa :) doktora sırtım ağrıyor diyorum bana bedava  seans masaj yazıyor mavı bayraklı denizimi dersiniz harika animasyon grubumu dersiniz hergün odanızın temizlenmesi yatak yorganın değişmesimi dersiniz hiç gelmeyenlere tavsiyemdir ben alırken  senelik kampanyadan   da amıştım resmen bedava para vermedim desem yeridir kendi otobüsleriyle otele kadar gelip dönüyorum hersene  gün  kişilik ailemle geliyorum toplamda verdiğim tutar   tl hemde  taksit sadece yol parası bile bunu geçer toplasan şimdi doğal olarak pahalı ama asıl hakettiği paralar şimdiki fiyatları ben aldığımda resmen bedavaydı eşimdem dostumdan  aileyede aldırdım hepside çok çok memnun gelemeyen anne babasını akrabasını gönderiyor yerine yazmaya devam etsem sabah olur şuan otelin balkonunda çekirdek yiyip mis gibi havayı soluyorum saat gece  ben yatar :),mutluluk,üzüntü,0.828,winvoker
ürün zamanında elime geçti motoru gerçekten kuvvetli fakat takılan aparat biraz kalitesiz makinanın kendisi özellikle kablosu çok güzel . sesi de çok yok,mutluluk,üzüntü,0.8279,winvoker
film hakkinda olumsuz yapanlar sanirim normal bir korku filmi izlemek için geçmisler ekranin basina bu filmi muhtesem yapan zaten gerçek yasanmis olaylar olmasi herseyiyle bilindik bir amerikan korku filmi ancak altini çizerek söylüyorum olaylar gerçek izlerken yok artik dedirtiyor.,mutluluk,üzüntü,0.8277,mteb_movie
lol.. [İSİM]'i veya genç kadrodan herhangi birini alamayacaksın..,mutluluk,öfke,0.8275,goemotions_tr
okuma hızı 10-15 arası gezerken yazma hızı ortalaması 5 mb civarı. ufaklığına göre hız hiçte fena değil.,mutluluk,üzüntü,0.8274,winvoker
idare eder fiyata göre makul,üzüntü,mutluluk,0.8273,winvoker
"sadece medal of honour bu filmin oyunu degil,call of duty 2 de bu filmin oyunu.",mutluluk,üzüntü,0.8272,winvoker
"Ailemizin talebi üzerine evlerinin tadilatı yapılıp mobilyaları temin edildi, ailemizin ihtiyaçlarını karşılayan İzmir Sanayici ve İş İnsanları Derneği’ne teşekkür ediyoruz. Ailemize sağlıklı bir ömür diliyoruz",mutluluk,sevgi,0.8272,winvoker
Hiç bu kadar geniş yolları olan bir ülkede yaşadığım için kendimi bu kadar şanslı hissetmemiştim.,sevgi,şaşkınlık,0.8271,goemotions_tr
Saçlarının gölgesinde gözlerinin kahvesine,mutluluk,sevgi,0.827,winvoker
ucuz olmasının sebebini elinize geçince anlıyorsunuz. yine de kulanılabilitesi yüksek. gerginliği daha fazla olmalıydı.,üzüntü,mutluluk,0.827,winvoker
Mecbursun!!,nötr,öfke,0.827,goemotions_tr
dahili uydu alıcısı yazıyor ama uydu ekstradan geliyor. arkasına monte edilebilen bir uydu.,üzüntü,mutluluk,0.827,winvoker
"film sonunda vizyona girdi ve part1i izlemiş bulunmaktayız öncelikle filmin negatif yönlerinden bahsediyim :)ilk olarak filmde ....ye ayrılan bi 10 saniye var suratları nerdeyse gözükmüyo bile bu kadarını beklemiyodum ikinci olarak filmde ara ara çok durgunluklar vardı seyirciyi uyutucak tarzda zamanlar oldu aksiyon sahnelerini unutur oluyo insan sıkılmaya başlayınca...ve son kötü yanı ne gariptirki film 2.30 saat olmasına rahmen bana çok kısa geldi:D....iyi yönerine geçersek filmin efekleri ve müzikleri çok iyiydi,espiriler yerinde ve güzel olmuş,filmin duygusal yanıda çok iyi işlenmiş,özellikle seyirciyi korkutmak için yapılan anlık sahnelerde çok iyiydi 3D olsaydı gerçekten harika olurmuş,türkçe dublaj iyi yapılmış,mekanlar gerçekten iyiydi,dobby filme renk kattı,ölüm yadigarlarının hikayesinin animasyon olarak anlatılması ilginç ve güzel olmuş.... kısacası gerçekten güzel bi harry potter filmi olmuş 5 ve 6dan sonra dahada bi güzel diyebilirim....artık temmuzu bekliycez dumbledoreun hayatı ağırlıklı ve yine harry ve arkadaşlarının dahada zorlu hortkuluk alma çabaları,bölüm 1den kalmış sırlar ve tabiki hogwardta olucak son savaş.....:)",mutluluk,üzüntü,0.8269,winvoker
Is Google Making Us Stupid?,nötr,şaşkınlık,0.8267,winvoker
"[NAME]'in oynamasını izlemekten nefret ediyorum, şut atacağı veya pas vereceği zaman yarı sahayı geçmeden önce anlayabiliyorum. BB IQ'su korkunç.",öfke,tiksinti,0.8267,goemotions_tr
ariel her zaman olduğu gibi sorunları çözmede çok etkili.teşekkürler ariel.,mutluluk,sevgi,0.8266,winvoker
- fotoğraf çekerken flaş olmadığından hafif kranlık çıkıyor,mutluluk,üzüntü,0.8266,winvoker
Az önce geçmişini gördüm. Şimdi tamamen mantıklı geliyor. Sen bir trumptroll'sün. Hoşça kal.,öfke,sevgi,0.8266,goemotions_tr
Sihirbaz gerçekten iyiydi.Ama Prestiji düşününce 10 veremeyeceğim.Haksızlık oluyor.9 bu filmin hakkı.Baş yapıt Prestij olmasa doğrusu 10 u hakedecek kalitede.Edward Norton ayrı bir yıldız...,mutluluk,üzüntü,0.8264,winvoker
"Meksika'da karanlık bir sokakta birkaç tekila içtikten sonra, evet Bir restoranda, hayır",nötr,öfke,0.8264,goemotions_tr
Bu alt başlığın ne kadar öz farkındalıktan yoksun olduğuna ve hiçbir ironi belirtisi göstermeden bunu oylayabilmesine şaşırıyorum.,mutluluk,şaşkınlık,0.8264,goemotions_tr
"Burası tam olarak USPS tesisinin olduğu yer, ben tamamen farklı bir eyalette yaşıyorum lmao",nötr,şaşkınlık,0.8264,goemotions_tr
"Onun ebeveynlerinin, korkunç alkolikler olduklarını iddia ederken çocuğu nasıl alabildiklerini anlamıyorum.",korku,şaşkınlık,0.8263,goemotions_tr
lider çıksan ne olur galatasaray kadar avrupada başarılı olmayınca,mutluluk,üzüntü,0.8262,winvoker
Hepimiz o adam gibi olmaya çalışalım.,nötr,sevgi,0.8261,goemotions_tr
diger yorumlara aynen katiliyorum..saygilar....,üzüntü,mutluluk,0.8261,mteb_movie
Hayır dostum. 3mb/s için öldürürdüm. İyi bir günde yaklaşık 450kb/s'ye kadar çıkıyorum.,nötr,öfke,0.826,goemotions_tr
hiç 3 saatlik bir filme neden bitti dediğiniz oldu mu:))),mutluluk,üzüntü,0.826,winvoker
eldeki hissi iyi.  6 ayda yırtıldı.  daha kaliteli birşey alın.,üzüntü,mutluluk,0.8259,winvoker
Çok güzel bir tesis. Sadece girişte karşılayan olmadı eşyalarımızı biz taşıdık. Odada yerler parkeydi temizlik pek iyi değildi. Çarşafta 4 gün boyunca değişmedi diğer durumda her şey çok güzeldi.,mutluluk,üzüntü,0.8259,winvoker
"defalarca seyretsem doymam bu filme,mutlaka seyredilmeli.",üzüntü,mutluluk,0.8258,winvoker
Bu bir filmdeki korku sahnesinden daha kötüydü. Nedenini bilmiyorum ama dev kalamarlar köpekbalıklarından daha korkutucu geliyor.,öfke,tiksinti,0.8258,goemotions_tr
Ben savunmacı [İSİM] değildim. Ama inanın bana hepimiz aynı derecede şaşkın ve mutluyduk.,öfke,şaşkınlık,0.8258,goemotions_tr
"Portman, Oscar hakk ile alm...",mutluluk,nötr,0.8257,winvoker
Balkanlar da camiyi ahıra bara ve kiliseye çevirirken UNESCO neredeydi,mutluluk,şaşkınlık,0.8256,winvoker
Geçmişten gelen korkuları vardır .,nötr,korku,0.8256,winvoker
"Aynı eğitimi almıyorlar ve sadece diğer DO'larla rekabet ettikleri ayrı panolara giriyorlar, gerçekleri kontrol edin",nötr,öfke,0.8254,goemotions_tr
"Aman Tanrım, ayakkabı konusunda bu kadar kıskanç biri olacağımı hiç düşünmezdim, sen hangilerini aldın?",öfke,şaşkınlık,0.8254,goemotions_tr
"alt tarafında yapışkanı yok, bagajda devrilme ve gezme ihtimali yüksek...",üzüntü,mutluluk,0.8254,winvoker
tolkien in etkisi büyük yazar j r r tolkien in yüzüklerin_efendisi üçlemesi insanlarda kalıcı etki yaratmış gibi gözüküyor,nötr,mutluluk,0.8254,ttc4900
"Her durum için bir Jojo referansı düşüneceğim, sadece bekle reddit. Sadece bekle...",mutluluk,sevgi,0.8253,goemotions_tr
fiat/kaite olarak daha iyisi yok,mutluluk,üzüntü,0.8253,winvoker
"fiyat olarak iyi denilebilir fakat üç beş daha fazla verilip ana kucağı kullanışlı kullanımı rahat bir araba almanızı tavsiye ederim. ana kucağı ne arabaya bağlanıyor, bebek arabası ne arabaya sığıyor.",üzüntü,mutluluk,0.8252,winvoker
bunu tasarlayanlar nasıl düşünememişler bu kaliteli üründe bunun unutulması ilginç. ama 1 güde alışıyor çocuklar altına battaniye koyuyoruz,mutluluk,üzüntü,0.8251,winvoker
"4. en önemlisi bu olabilir, telefon kore dilinde yüklü ve kurulu geliyor. menülerden birşey anlamıyorsunuz. i̇nternette araştırıp, hiç yazıları anlamadan nasıl dil değiştiririm diye biraz arayıp buldum.",mutluluk,üzüntü,0.8249,winvoker
"Güzel, Butt Stallion arka planda takılıyor",mutluluk,sevgi,0.8249,goemotions_tr
Sanırım hepimiz öyleyiz,nötr,şaşkınlık,0.8249,goemotions_tr
bu film izledim çok güzel ama bu film sadece dram komedi fiml degil..,mutluluk,üzüntü,0.8248,mteb_movie
su ana kadar izledigim en harika film izlemeyenler varsa cok sey kaybetmis demektir,mutluluk,üzüntü,0.8247,winvoker
Kesinlikle. Her şeyin bu kadar ani olup bitmesi beni konuşamaz hale getirdi.,şaşkınlık,öfke,0.8247,goemotions_tr
"Allah'ım dua bekleyen hasta kullarına şifa ver!"""" diyebilir miyiz?",mutluluk,sevgi,0.8245,winvoker
"Evet, birkaç tane hızlıca. Şimdi geri dönmüş gibi görünüyor (açıkçası).",nötr,şaşkınlık,0.8245,goemotions_tr
kontroller ve ele oturuşu ortalamanın üstünde. sadece yön tuşları biraz oynak gibi duruyor.,mutluluk,üzüntü,0.8245,winvoker
kilavuz cikmadi.kendim buldum.,mutluluk,üzüntü,0.8243,winvoker
Kyokushin müsabakalarında yüze yumruk atmanın tamamen yasak olması komik.,öfke,tiksinti,0.8242,goemotions_tr
ailenizin sizi ellerinden geldikçe her şeyinizi karşılamaya çalışarak yıllarca okumaktası emek harcaması bir meslektir,üzüntü,mutluluk,0.8242,winvoker
Ürünü pazar günü gece şipariş verdim salı günü sabah geldi kargo hızı ve gönderdim hızı mükemmel. Ürüne gelecek olursak hemen gelince eşim turbo başlıkla ürünü denedi halıdan çıkanları inanamadım. Halılar resmen yıkanmış gibi oldu. Sesi çok sessiz degil ama öyle rahatsız edicilerz,mutluluk,üzüntü,0.8242,winvoker
Bence daha iyi görünüyor,mutluluk,sevgi,0.8242,goemotions_tr
barışla dün gece eve dönüyoduk yolun ortasında minibüsün içinde direksiyona yapışmış baygın bir adam gördük,mutluluk,üzüntü,0.8241,winvoker
"> Çocukları kurtarmak Çünkü bu, cep telefonu yasağıyla kurtarılabilecek şeyin çok çok küçük bir kısmını kurtaracak.",nötr,sevgi,0.8241,goemotions_tr
benzer fiyattaki asuslar daha iyi,üzüntü,mutluluk,0.8241,winvoker
"Bu film için çok söze gerek yok! Valla bak üşenmem sayfalarca yazarım haa... Bu film hem ağlatır hem heyecanlandırır, hem de sevdirir, hem de nefret ettirir, hem de amaan neyse.. 10 puan abi.. 2 çekilecek.. Please wait!! :) :P",mutluluk,üzüntü,0.824,winvoker
gerçek bir baş yapıt.bu filmi izlemeyenler çok şey kaybetmiştir..(filmin adı nefrte olmalı yanlışlık yapılmış),mutluluk,üzüntü,0.8238,winvoker
Tarihi bir an...,mutluluk,nötr,0.8238,winvoker
"Vay canına, tebrikler dostum. Umarım bu ilhamı yarın kendim için kullanabilirim. Bu deneyimde öğrendiğin yeni bir şey varsa paylaşır mısın?",şaşkınlık,sevgi,0.8237,goemotions_tr
hiç böyle bir şey söylemedi ama beni hep ısırdı!,nötr,öfke,0.8237,goemotions_tr
[NAME] gücü kazanıp adaylıklarda kullandığını ve [NAME]'in onu aday göstermeyi planlamadığını fark etmediğini hayal edin lol,mutluluk,şaşkınlık,0.8236,goemotions_tr
QB Koçu da mı? Kahretsin..,öfke,şaşkınlık,0.8235,goemotions_tr
> ama bunun aklını karıştıracağını söylemek tamamen cahilce lolol k.,mutluluk,öfke,0.8235,goemotions_tr
ürün montajı konusunda biraz tecrube istiyor su yazili istiyor pompa taktıracaz mecburen yazik iyisi sorun olmuyor bir seferde 10 lt dolduruyor fena değil fazla para vermeye gerek yok,mutluluk,üzüntü,0.8234,winvoker
yeni bilgisayarım i̇çin hb den aldım gayet hızlı fakat çokta sessiz değil. ama çokta rahatsız eden bir sesi yok.. netice harddisk i̇llaki ses yapacak.,mutluluk,üzüntü,0.8234,winvoker
"Lol iş telefonumu kapalı tutardım ve şöyle derdim, hayır hiçbir arama görmedim lol",mutluluk,öfke,0.8233,goemotions_tr
Reddit'te paylaşım yapmaya vakit bulabiliyor sadece çünkü erkeklerin inatçı dönemleri oluyor. /s,nötr,öfke,0.8232,goemotions_tr
"Ona suçlu demek bir görüş değil. Bu ""altı fit boyundaki [İSİM]"" demek gibi bir şey. Ya doğru ya da değil.",nötr,öfke,0.8232,goemotions_tr
O bebeğin bir şaplağa ihtiyacı var,nötr,sevgi,0.8232,goemotions_tr
Sanırım aldığında üzerindeki kıyafet bu kadar dar değildi.,öfke,şaşkınlık,0.8232,goemotions_tr
şık kullanışlı ama biraz ufak,mutluluk,üzüntü,0.8231,winvoker
dahili uydu alıcısı düzgün çalışıyor ancak bazı gariplikleri var. türksatın bedava yayınında bazı kanallar otomatik olarak diğer kanallara dönüyor vs. bu yayından mı tv den mi anlayamadım.,mutluluk,üzüntü,0.823,winvoker
Merkez Bankası: ''Enflasyon düşüşe geçecek'' diyor.,mutluluk,nötr,0.8229,winvoker
kargo süper hızlı değildi. hepsiburda nın daha iyi hız gönderilerini gördüm. 3 günde geldi. asus k52j i5 7senelik bilgisayarıma win10 kurdum. 20sn de açılıp stabil olabiliyor.,mutluluk,üzüntü,0.8229,winvoker
Size bu haberi vermekten üzgünüm. :(,üzüntü,sevgi,0.8229,goemotions_tr
Sinemada Animasyon çağı hızla devam ediyor diyeceğim ama bir sene veya daha fazla bir zaman geçtiği halde bu film gelmeyince DVDden izlemek zornda kalmıştım...Toy Story’den sonra bşalayan animasyon çağının en başarılı örneği Şrektir ama açıkçası Buz Devri filminin de animasyondaki başarısı ve büyüklere bile hitap edebilen ustaca güldürü öğeleriyle oldukça kaliteli bir yapım olduğunu belirtmek isterim.Söyleyecek fazla birşey yok .Çocuk filmi deyip vazgeçerseniz siz kaybedersiniz :)Bol sinemalı günleeer,mutluluk,üzüntü,0.8228,winvoker
Aynısı! Küçük kardeşim nb olarak ortaya çıktığında,nötr,şaşkınlık,0.8228,goemotions_tr
beni benden aldın.,mutluluk,öfke,0.8228,winvoker
KEŞKE DEMEMEK İÇİN NOLUR,mutluluk,öfke,0.8226,winvoker
burada yorum yapan arkadaşlara şunu belirtmek istiyorum.nokian zaten sizin söylediğiniz o pahalı lastikler ile aynı ve hatta daha iyi bir kalitededir.bu ürüne extra indirim yapılmış o yüzden size ucuz geliyor.nokianın diğer ürünlerine bakın ne kadar pahalı olduğunu göreceksiniz.,mutluluk,üzüntü,0.8225,winvoker
bir film yapılır da hugh grant geçen onca yıllara rağmen yine de açık ara kendini bu kadar mı belli eder? bu son zamanların belki de en kaliteli romantik komedisinde bunu görüyoruz. drew barrymore'un oyunculuğunu ve kendisini çok beğenmiş ve hugh grant'le uyumunu inkar etmemiş olsam da yine de barrymore'un grant'in yanında sönük kaldığını belirtmek isterim. popüler kültürden esinlenerek yapılan iğrenç şarkılara göndermeler yapan ve söz ve müziği aşk ve sekse benzetirken filmin konusunun içine daldığınızı hissediyorsunuz. &quot;way back into love&quot; ise gerçekten OlMuŞ dedirtecek kadar güzel bir şarkı. drew barrymore'la birlikte evde kaydettikleri sahne çok güzel. romantik komediseverlerin kaçırmaması gereken bir film.,mutluluk,üzüntü,0.8225,winvoker
Sadece bir tane diyemem... Bunu mahvetmek için hem [İSİM] hem de [İSİM] gerekti!,nötr,öfke,0.8224,goemotions_tr
"Bir film yüzlerce kez izlenir mi izlenir. Her izleyişte gülünür mü, bu filmde gülünür arkadaş.",mutluluk,üzüntü,0.8224,winvoker
"haha, ne hikmetse beni desteklemiyor. lol sorunların var kardeşim. Kulaklarını aç ve ağzını kapat.",mutluluk,öfke,0.8224,goemotions_tr
Benim beklediğim bu değildi.,üzüntü,öfke,0.8223,goemotions_tr
Şeytanlaştırmak - kötü ve tehditkar olarak tasvir etmek. Birini düzenli olarak kendilerini şeytanlaştırdıklarında şeytanlaştırmak zor değildir.,korku,öfke,0.8223,goemotions_tr
"makineyi kampanyayla çok daha ucuza almıştım.estetik olarak çok güzel ama az su aldığı için, dikkat ettim cam kapak önündeki yapışıp kalan çamaşıra su bile değmeden yıkıyor.o yüzden kot ve benzeri giyimleri önce ıslatıp sonra atıyoz anca çıkıyo leke.gürültü eski makinalardan biraz daha sessiz.çocuk kilidi koymuşlar ama kapatma düğmesine basınca makinayı çocuk kapatabiliyo. benim için yıyaması 10 üzerinden 4. estetik   çocuk",üzüntü,mutluluk,0.8221,mteb_product
Kask takıp takmadığını kontrol eden çocuk beni güldürdü.,mutluluk,şaşkınlık,0.8221,goemotions_tr
Evet bu kesinlikle bir şaka.,nötr,öfke,0.8219,goemotions_tr
"son olarak, hele ki slr makine veya iyi bir compact makine kullanıyorsanız, size hizmeti **  olur.",üzüntü,mutluluk,0.8219,winvoker
Depresyonda miyim yoksa yaz ayindan nefret ettigim icin mi mutsuzum ikilemi,mutluluk,şaşkınlık,0.8219,winvoker
bu filmi 97 yılında sinemada seyrettikten sonra şimdi 2005 ve hala onun üstünde aşk filmi yapılmadı.,mutluluk,üzüntü,0.8219,winvoker
Ülkedeki en iyi tekmeciyi taahhüt ettin. [NAME]'in punt durumu hakkında emin değilim ama özel takımların gelecek yıl çok daha iyi olmalı.,mutluluk,şaşkınlık,0.8218,goemotions_tr
Cinsiyet Belası .,nötr,öfke,0.8218,winvoker
"[İSİM]'in annesi... Kolayca iğrenmem. Hemen hemen her şeyi mideye indirebilirim. Ama bu, tüylerimi diken diken etti....",öfke,tiksinti,0.8218,goemotions_tr
"eksileri: 500gb hard disk kapasitesi düşük kalıyor artık ama ben zaten önceki makinamdaki ssd diski takacağım için sorun değildi, hatta özellikle tercih ettim. zaten 1tb harici diskim vardı.. ssd'yi takınca, makinadan çıkardığım 500gb wd blue disk boşa çıktı, ihtiyacı olan birine satarım ya da veririm artık.",mutluluk,üzüntü,0.8218,winvoker
"Vay canına, bundan hiç şüphem yok. Ne çılgın bir durum! Zavallı kadın!!",mutluluk,şaşkınlık,0.8216,goemotions_tr
"Hey, onlar nerede, ben de onlarla birlikte kutlamak istiyorum.",mutluluk,sevgi,0.8216,goemotions_tr
"Dürüst olmak gerekirse, hayır. Ancak belirsiz referanslar bile bunun yeni bir bakış açısı olup olmadığına karar vermenize daha çok yardımcı olacaktır.",öfke,şaşkınlık,0.8216,goemotions_tr
BUGÜN DEĞİL REINHARDT,nötr,öfke,0.8216,goemotions_tr
seni öldürüp köpeklere yediririm,üzüntü,tiksinti,0.8215,winvoker
Nasıl da gündem olamadılar nasıl da ses getiremiyorlar İttifakları dahi ses etmiyor hatta destekliyor Siyaseten bir yerde buluşamakta en sonunda tarih ile inanç ile toplumun neredeyse tamamı aynı noktada buluşuyor,mutluluk,üzüntü,0.8214,winvoker
Çok sevdiğim birine kızmışımdır,mutluluk,sevgi,0.8213,winvoker
"kargo çok hızlı 24 saatte elime ulaşti ama,parfüm kokusu 1 saat sonra uçuyor..  ama fiyata göre iyi parfüm alınır...",üzüntü,mutluluk,0.8213,winvoker
"""şefkat ve merhamet"" [İSİM]",nötr,sevgi,0.8213,goemotions_tr
"Ben de birkaç gün önce bu konuda bir paylaşım yapmıştım. Belki farklı tasarımcıları vardır ama hiçbiri tek bir kişiden takip veya onay almadı, talihsiz",üzüntü,şaşkınlık,0.8213,goemotions_tr
hızlı geldi ve kuruldu . manüel ayarları çok gelişmiş değil. yıkama süreleri de çok uzun .kısa program istenilen temizliği ve sıkmayı sağlamıyor. sessiz çalışan şık bir ürün .,mutluluk,üzüntü,0.8212,winvoker
"Bu açıklamaları okuyabilirsiniz, 16 kişilikteki açıklamalardan çok daha iyiler (16 kişilik oldukça sönük görünüyor)",nötr,öfke,0.8211,goemotions_tr
şarjı ve işlemcisi çok iyi bir telefon. fakat hoparlör arkada olduğundan sesi az geliyor. bu kesin bir problem. bir de şebeke sorunu yaşayanlar var. bence de çekim gücü zayıf gibi geliyor.,mutluluk,üzüntü,0.8209,winvoker
"Vay canına, bu çok çetrefilli.",korku,şaşkınlık,0.8208,goemotions_tr
Bunu sizin için iki cümle halinde yeniden ifade ettim. Harika bir hikaye!,mutluluk,sevgi,0.8206,goemotions_tr
hem sıcak hem de soğuk üflüyo. düümeleri var. bildiğin kurutma makinesi.,mutluluk,üzüntü,0.8206,winvoker
"90lı yıllarda sinemada izlediğim ilk filmlerden biriydi, gerçekten o zamanlarda baya bi fırtına koparmıştı. Etkileyici sahneleriyle o dönemlerin gençliğinin aklından çıkmayan filmlerden birisidir.Filmde aslında pek bir numara yok, sıradışı bir aşkın izlenimi şeklinde... Ama sırf Kim Basinger için bile izlenir, keza başarılı oyunculuğunun yanında genç ve en güzel halleri bu filmde.",üzüntü,mutluluk,0.8205,winvoker
2 gündür kullanıyoruz havallar soğuduğu zaman bakalım fareler eve geleçekmi.güzel bir gece lambası şu anda ??,üzüntü,mutluluk,0.8204,winvoker
ben bu kimberly kadar güzel ve tatlı kız görmedim... deli bişey yaw.... filmde çok iidi bu arada....,mutluluk,üzüntü,0.8204,winvoker
Gün olur ihanet eden sadakat ister,mutluluk,sevgi,0.8204,winvoker
Bu alt başlığa havalı şeyler görmek için geliyorum lol. Benim için /r/pics'in daha iyi bir versiyonu,mutluluk,sevgi,0.8203,goemotions_tr
Bunu izlemek için çok fakirim ًں™ˆًںک‚,üzüntü,öfke,0.8203,goemotions_tr
Toplu halde uykuda olan ve uykuda kalmakta direnen insanlara kırmızı hapı içiren film. Bende uyandırdıklarını tek kelime ile özetlesem; kışkırtıcı derdim... Keşke devam filmleri çekilmeseydi...,mutluluk,üzüntü,0.8203,winvoker
Sanırım kuşları da yasaklamalıyız.,nötr,öfke,0.8203,goemotions_tr
cihazın içerisinden şarj kablosuyla birlikte adaptörüde çıksaydı çok iyi olacaktı.usb girişi olmaması ayrı bir kusuru bence.bunlar göz ardı edilirse cihaz cok iyi hem ses yönüyle hemde görsellik dizayn olarak.,üzüntü,mutluluk,0.8202,winvoker
Şu filme de 'daha çok erotizm' dediniz ya pes doğrusu!Nasıl ve hangi mantıkla film seyrediyorsunuz çok merak ediyorum(!)Nedense bizim milletin aklı hep bu şeylere takılı kalıyor...,mutluluk,üzüntü,0.8202,winvoker
"Engelli erkeklerin fuhuşa başvurduklarına dair hiçbir şey duymadım, ayrıca engelli erkeklerin fuhuşu meşrulaştırmak için kullanıldığına dair hiçbir argüman da duymadım.",nötr,öfke,0.8201,goemotions_tr
"Yüksek bütçeli ve aşırı efektler kullanılarak yapılamayan gerilimi yıllar önce mükemmel yakalamışlar.Gerilim filmlerinde korkunun ne taraftan ve ne şekilde geldiği deyil, önemli olan kötü karakterden gerçekten ürkmektir.Kuzuların Sessizliği ile birlikte örneğine az rastlanan bir film.",mutluluk,üzüntü,0.8201,winvoker
filmi aylar sonra izleme fırsatı buldum ve sinemada izlemediğime çok pişman oldum.... hakikaten bu film inanılmaz bi başarı...,üzüntü,mutluluk,0.82,winvoker
"Lisede ve üniversitede bir adam tanıyordum. Ailesindeki her erkek yıldırım çarpmıştı, kendisi hariç.",nötr,şaşkınlık,0.8199,goemotions_tr
üzüldümbenden  ay önce bu otelde tatil yapan arkadaşın yorumunu okusaydım inanın gitmezdim söylediklerine tamamen katılıyorum lütfen bu yorumları dikkate alın pişman olmazsınız,üzüntü,mutluluk,0.8198,winvoker
Geçen sene Yalova'da buldum. Üretebilirsem mutlaka gönderirim,mutluluk,sevgi,0.8198,winvoker
Ben Amerikalıyım ve sadece İngilizce konuşuyorum ve bu kelime oyununu da anlamadım...,nötr,şaşkınlık,0.8198,goemotions_tr
Vay be..İnsanın nerdeyse don juan olacağı geliyo..Erkekler bence kesinlikle izlesinler belki bi kaç şey kaparlar,mutluluk,üzüntü,0.8197,winvoker
tavsiye edilebilir bir ürün fena değil,mutluluk,üzüntü,0.8197,winvoker
"demliğin cam olması., her cay demleme esnasında kırılacak dıye beni kasıyor.baska her hangi sorunu yok.",mutluluk,üzüntü,0.8196,winvoker
Şu anda o bir kadın [İSİM]. Bu çöp için günde 30.000 dolar alıyor.,nötr,öfke,0.8195,goemotions_tr
"99 yılından bu yana 13 yıl geçti. Henüz Matrix'e yaklaşacak bir film girmedi gösterime. 99 öncesini saymıyorum bile. Üst düzey ve yüksek bütçeli çok film geldi geçti. Tamam teknik olarak ve ya görsellik olarak Matrix'in üstünde filmler yapıldı ama hiçbiri Matrix'in verdiği hissi veremedi. Çünkü bir filmde olması gereken herşey bu filmde vardı. Senaryo, ses ve görüntü efektleri, kurgu, oyunculuk hepsi zamanının çok üzerindeydi. Gelecek nesiller bile inanıyorumki izledikleri zaman bu film çok ayrı diyecekler. Benim hatırladığım hiçbir film için çekim tekniği veya ses efektleri için benzetme yapılmazdı. Ta ki bu filme kadar. Çok filmde demişizdir matrixvari çekim vs. diye. Bazı arkadaşlarında dediği gibi kesinlikle sinema tarihinde çağ atlamıştır Hollywood Matrix filmiyle...",mutluluk,üzüntü,0.8195,winvoker
"hijyen sensörü çok hassas 2 traşta temizleme limiti neredeyse sıfıra iniyor, ilaçlı su uzun süre dayanmıyor uçuyor , ilaçlı su haznesinin her kullanımdan sonra tapası tekrar yerine takılıp kullanılabilir gibi geldi böylece uzun süre idare eder.",üzüntü,mutluluk,0.8195,winvoker
"Bu, anlayacak kadar sakat olmadığım için mutlu olduğum durumlardan biri.",mutluluk,sevgi,0.8194,goemotions_tr
Dinleyiciler sesine hayran kaldılar ve bu yükselen yıldızdan daha fazlasını duymak istediler .,nötr,sevgi,0.8194,winvoker
TMMOB de Hafta Faşizm topyek n saldırıyor topyek n direnmekten başka seçeneğimiz yok Bırakın tek bir insanı tek bir,mutluluk,öfke,0.8193,winvoker
VİZYONA GİRDİĞİ ZAMAN HİÇ DİKKATİMİ ÇEKMEMİŞTİ AMA 3 YIL SONRA İZLEDİKTEN SONRA HATAMI ANLADIM.BENCE EDWARD BRAD PİTTE GÖRE DAHA İYİ OYNAMIŞ.ÖYLEKİ FİLMİ İZLEDİKTEN SONRA DAYAK YİYESİM GELİR:))),mutluluk,üzüntü,0.8193,winvoker
telefon çok başarılı ama ne yazık ki batarya şarjı uzun süre dayanmıyor. günde iki kere şarj etmem gerektiği oluyor. hem sürekli internete gireyim hem de telefon görüşmelerim yoğun diyorsanız yine galaxy alın ama bir üst modelini alın derim. onlarda 1500 mahlik pil olduğu için dayanma süresi çok uzun.  gmail ve facebook hesaplarınız ile birlikte kullanırsanız rehber ve email alma özelliği hiç bir telefonda olmayan benzersiz özellikler içeriyor. içindeki market app sitesine girdiğinizde size uygun yazılımları listeleyip indirdiğiniz için onlarda da hiç sıkıntı çıkarmadı. (not: 2 aydır kullanıyorum). içinde gelen navigasyon ile denizde bile yönümü tayin ettim ve açık denizde yolumu buldum.,üzüntü,mutluluk,0.8192,mteb_product
"Şüpesiz biz sinema severler,haftalardır Rocky filimin bekliyorduk.Filmi beklemekten ziyada,geçmişte dört tane serisi çekilen bir filmin bundan sonra nasıl bir yol izleyeceği merak konusuydu.Çünkü devamı niteliğinde çekilen filmlerin çoğu ilkinden sonra pek ilgi görmezdi.Fakat rocky filinin bütün serileri ilgiyle izlenmişti.Gelelim rocky filminin son serisine:Filmin son serisi sanırım ringlerin biraz dışına taşmış,daha çok insanların sosyal yaşantıları üzerine çekilmiş bir yapım olmuş.Rocky'nin oğlan duyduğu sevgi,oğlunun buna kayıtsız kalması,baba oğul arasında kuşak çatışmasına neden olmuş.Öte yandan rocky'nin ringlerden sonra sürdürdüğü sakin,yalın,mütevazı ve yardımsever yaşam tarzı filme farklı bir boyut kazandırmış. 10 / 7.5",mutluluk,üzüntü,0.8191,winvoker
"tam şarjı ile sadece 5-10 dk çekim yapılabiliyor sonra şarj bitiyor,",üzüntü,mutluluk,0.8189,winvoker
"ürün kalitesi iyi, bende hepsi buradadan yorumları okuyarak aldım. 3000 parça puzzlemı yapıyorum ancak şunu söyleyebilirm ki halı üzerindeki ölçeklendirme doğru değil. educa puzzlemın eni boyu uymadı halıdaki çizilmiş ölçeğe...onun dışında bi sorunu yok. parçaları koruyor, kullanışlı, kolaylık sağlıyor.",üzüntü,mutluluk,0.8189,winvoker
tuşlu telefonu bozulan babam öle 300 400 e dokunmatik telefon varsa alıver dedi. baktım o fiyatlardaki telefonlar çok kötü. araştırmalarım sonucu bu telefonu buldum. piyat / performans telefonu gibi duruyor kağıt üzerinde. telefonu elime almadım ama videolarda kasası da sağlam ve estetik duruyodu. kullanmadım ama önenerim..,mutluluk,üzüntü,0.8189,winvoker
emin misiniz bu kadar kötü olduğuna acaba giden biriyle irtibata geçebilir miyim,üzüntü,şaşkınlık,0.8189,winvoker
Neden istekli olmadığını sorabilir miyim? Teşekkürler - Umarım sizin için işe yarar. Belki bu zamanı sizin üzerinizde çalışmak için kullanabilirsiniz!,şaşkınlık,sevgi,0.8189,goemotions_tr
ürünü 3. ayda teslim aldım.,üzüntü,mutluluk,0.8188,winvoker
"ben ütü masasını aldığımda bu örtü üzerinde hazır gelmişti.kaliteli olduğu her halinden belli,dayanıklı bir ürün.lakin ütü yaparken giysiyi acayip kaydırıyor,resmen zaptedemiyorum giysiyi,yoğun buharda çalışırken tehlikeli olabiliyor bu durum :(",üzüntü,mutluluk,0.8187,winvoker
kasaptan kemik alsak daha pahalıya geliyor.,mutluluk,üzüntü,0.8187,winvoker
tam bir slogan filmi...,mutluluk,üzüntü,0.8187,winvoker
"*Hey, yeni fark ettim..* senin **8. Cakeday**'in jama211! ^(sarılma)",mutluluk,şaşkınlık,0.8186,goemotions_tr
"Hakemlerin berbatlığını eleştiren uzmanların, [İSİM] adlı kişiyi tehdit eden insanlardan sorumlu olduğunu mu ima ediyorsunuz?",nötr,şaşkınlık,0.8186,goemotions_tr
ürün kısa zamanda geldi fakat şöyle bi sorunla karşılaştım servis ocak ve ürün ile mesafenin 83cm altında olmaması gerekir dedi bunu sebep göstererek kurulum yapmadı ve bacasız kullanmak isteyenlere duyuru filtre ücreti 80 tl bu şartlar altında bacasız kullana bilirsiniz .,mutluluk,üzüntü,0.8185,winvoker
Komedi diye izlemeye başladım sonunda şaşkına döndüm... Çünkü hüngür hüngür ağlıyordum! İnanılmazdı... Çok iyi bir film ben bu filme puan falan kırmam! 10/10,mutluluk,üzüntü,0.8185,winvoker
altın kestane ödüllerinde favorim.,üzüntü,mutluluk,0.8185,winvoker
"Çevrimiçi oyun oynamak zehirlidir. Eğer bu kesintiler bir gün yapılırsa, çok sayıda insan hapiste olurdu.",öfke,korku,0.8184,goemotions_tr
"Denizinden,sakinliğinden,odalarının güzelliğinden dolayı ederim.",mutluluk,sevgi,0.8184,winvoker
beni sustur (gardırop renklerinin neredeyse aynı olduğunu fark edin),mutluluk,öfke,0.8184,goemotions_tr
vidaların ikisi küçük olduğundan vidalayamadık..ve ahşap tablalar ayaklar üzerinde sabitlenmediğinden biraz tehlikeli evde çocuk varsa...onun dışında görünümü burda nasılsa öyle...,üzüntü,korku,0.8183,winvoker
Mesiye yanmiş oliril aderin işekin idirbağla yanlar in bedebir halanla söyle gerdi ihtimza iftama son sonu doluştu,nötr,üzüntü,0.8182,winvoker
Şimdi bana dairemin eski kiracılarından posta almayı durdurmak için bir LPT verin,nötr,öfke,0.8182,goemotions_tr
filmi izlerken ağlamamak imkansız.özelliklede son sahneleri.meg ryan ın ölmesi çok kötüydü ya filmde :(yani ölmemesi gerekiyodu.ama melek rolündeki nicholas cage in &quot;ne olursa olsun onun için dünyaya yine gelmek isterdim&quot; demesi..off off ne diyimki.böyle aşk yaşanabilir mi?,mutluluk,üzüntü,0.8181,winvoker
"Dostum, [İSİM]'den esrar satın almak için sabırsızlanıyorum.",mutluluk,sevgi,0.818,goemotions_tr
"31/E/Bilmiyorum, körüm.",öfke,şaşkınlık,0.818,goemotions_tr
"Hiç kimse esrar yüzünden hapse girmiyor, bu tüm hafta duyduğum en büyük şakaydı",mutluluk,öfke,0.818,goemotions_tr
kiyafeti̇n üzeri̇nde kayip gi̇di̇yor.,mutluluk,üzüntü,0.818,winvoker
"Aksiyon sahneleri çok çok iyi, Joker hayallerimizin kötü adamı...Konu biraz zayıf kalmış.Ama bir ruh hastası kötü(Joker) beyazperdede ne kadar inandırıcı canlandırılır görmek isteyen varsa Kara Şövalyeyi izleyin derim.",mutluluk,üzüntü,0.818,winvoker
Yarrak isteyen bayanlar Dm ye canımm,üzüntü,sevgi,0.818,winvoker
"tuşlu telefon fiyatına akıllı telefon satın almak bana yeter diyorsan çok iyi bir tercih ama uygulama çeşitliliği minimum ihtiyaç karşılar, fazla bir şey beklememek lazım. sonuçta koskoca nokia windows phone yüzünden pazarın dibinde kaldı ve doğru dürüst hiçbir uygulama windows phone için geliştirme yapmıyor. microsoft sonradan kendi yağıyla kavrulacak uygulamalar sürdü piyasaya da biraz toparladı. kapağın dandik olması da eminim nokia'nin elinde kalan telefonları aldıkları için microsoft logolu uydurma bir kapak yapmalarindan ileri geliyordur.",mutluluk,üzüntü,0.8179,winvoker
"klavye : klavyesi çok rahat kullanışlı ve tuşlar yumuşak ve sessiz. sürekli kısayol ve tuş kombinasyonu kullanan biri olarak hiç yadırgamadım. dezavantajı, klavyede caps lock ve num lock uyarı ışığı yok, ek olarak kapatma butonu mutlaka olmalıydı, umarım sistemsel olarak pil kullanımını kapatabiliyordur..",üzüntü,mutluluk,0.8179,winvoker
Doğru dürüst kar yoktu yani .,nötr,öfke,0.8179,winvoker
Değil mi? Bir söylentiye fazla umut bağlamak istemiyorum.,öfke,şaşkınlık,0.8175,goemotions_tr
görene oluyor gibiköre düğümlenir,mutluluk,üzüntü,0.8175,winvoker
beklintime cevap verdi. görseldekinin aynısıydı.,mutluluk,üzüntü,0.8175,winvoker
si̇vri̇ si̇nek falan kovmuyor. ben sadece onun i̇çi̇n almiştim,üzüntü,mutluluk,0.8175,winvoker
"cihaz güzel ve ses kalitesi iyi denilebilecek düzeyde, fakat yüksek bir ses beklemeyin derim.",üzüntü,mutluluk,0.8174,winvoker
Christine'in On İki Günü'nde bile mi? O filmde harikaydı.,mutluluk,şaşkınlık,0.8174,goemotions_tr
ürün parasını haketti,mutluluk,üzüntü,0.8173,winvoker
ürün ilk yeni alındığı zamanlar sıkıntısız çalışıyor. i̇şinizi görür. ancak ileriki zamanlarda isterseniz sabaha kadar pillerini şarj edin iki dakika kullanımdan sonra fıs. aniden bitiyor. piller ölüyor sanırım . bu fiyatın iki katına daha kullanımlı ya da elektrikli vidalamaları tercih etmeniz daha karınıza olacaktır. zira ben öyle yaptım.,üzüntü,mutluluk,0.8173,winvoker
"..Lise çağımızın bence en asi,en düşündürücü ve &quot;ben kimim?&quot; sorusunu o yaşlarda kendimize sormamızı sağlayan bir film idi Ölü Ozanlar Derneği..Robin Williams'ın en zirvedeki rolünü-bence-inci gibi işlediği,eğitim sistemini,aile eğitimini,gençliğin sıkıntılarını vurgulayan,eleştiren bir film..Ülkesi,milliyeti,ırkı,dini vs..hiç fark etmiyor;zihniyet aynı,gelenek görenek,örümcek ağı bağlamış kafalar..Sonuç acı,keder. &quot;tape&quot; de R.Sean Leonard ile birlikte izlerken-ve de Before sunrise 'da-,Ethan Hawke'ın sıranın üzerine çıkışının,sinemadaki çıkışı olduğunu fark ettim yıllar sonra..Küçücüktü ama başarılıydı en az diğerleri gibi..Karlı,kasvetli bir yatılı Erkek okulu,baskılı aileler,para içinde yüzüp mutluluğu yakalayamamış bir yığın genç ..Her yıl oğullarına aynı doğum günü hediyesini aldıklarının bile farkında olmayan aileler..Var hala;1989 yapımı film;kac sene sonra bugünü bile vurgulamakta..Yıllarca da vurgulayacak;Ethan büyüdü,Williams yaşlandı..Diğer cocuklar kendilerince ünlendiler belki-geçenlerde birisini-şu ispilci-bir filmde gördüm ama Scooby doo muydu ki?-bilmiyorum..İçimizde çözülmeyen kişilikler,soru işaretleri bıraktı gitti film yıllar sonra bile -tekrar-izlediğimde;keşkelerimizi düşündürüp,şiir,edebiyat,isteklerimiz,yapmak istediklerimiz?Yapmamız istenenler?..Bir yığın soru bırakıyor ardında film..Genç neslin mutlaka izlemesi gerekiyor bence;yeğenlere,kardeşlere,kuzen çocuklarına vs..izletmeli,önermeli..",mutluluk,üzüntü,0.8172,winvoker
[NAME] oyunu berbat. Rekabette iyi ama stratejik oyunu berbat,mutluluk,öfke,0.8172,goemotions_tr
daha sonra arazi deneyimlerimiz anlatırım.,mutluluk,nötr,0.817,winvoker
ufak tefek islerde kullanilir fiyata gore normal,üzüntü,mutluluk,0.8169,winvoker
"kafayi yememi saglayan , ne noluo nasildi diye uzun uzun dusunduren tek film.",mutluluk,üzüntü,0.8167,mteb_movie
"Kesinlikle korkunç bir ultimate, katılıyorum, Doom'da 400 saat geçirdikten sonra bile hala ondan nefret ediyorum",korku,tiksinti,0.8167,goemotions_tr
"maskulen ve sert kokuları sevenlerin kesinlikle uzak durması gereken bir koku. bence bir kadın bile rahatlıkla kullanabilir. kokuyu kafanızda canlandırmak için söylenebilecek en iyi cümle, klasik ruj gibi kokmakta",üzüntü,mutluluk,0.8166,winvoker
ürün çok kaliteli ses açısından tek bir sorun orta tuşa basılınca son aranılan tekrar aranıyor bu özelliği kapatma şansı yok.,mutluluk,üzüntü,0.8166,winvoker
Kıkırdadım. Oy ver!,mutluluk,öfke,0.8165,goemotions_tr
ancak kargo süresi biraz gec oldu 1 haftada elime ulaştı ama beklediğime değdi.,mutluluk,üzüntü,0.8164,winvoker
Filmi izlemiş biri olarak benden önceki arkadaşların fikirlerine tamamiyle katılıyorum. Benim tek üzüldüğüm nokta niteliksiz birçok piyasa filminin yazılı ve görsel medyada her fırsatta reklamı yapılırken bu tür filmlerin aynı oranda tanıtılmaması. (Bu hem yerli hem de yabancı filmler için geçerli) Gerçek emeğe ve yetege gidecek paranın kuş olup uçması...,mutluluk,üzüntü,0.8163,winvoker
Bu çok komik! Eğer farkın ne olduğunu düşünüyorsa lütfen paylaşın.,mutluluk,şaşkınlık,0.8163,goemotions_tr
Bunun için ağlamaya devam et. Eminim Yankees bu yazıyı okuyordur ve tüm noktalarını ciddiye alacaktır.,nötr,sevgi,0.8163,goemotions_tr
burdaki yorumlara bakarak almıştım.,üzüntü,mutluluk,0.8162,winvoker
"çok hafif bir sallantı var, oda alt kısmında destek olmamasından kaynaklanıyor,",mutluluk,üzüntü,0.8162,winvoker
"Lol. Eğer bir gün takım kurup oynamak istersen, benim oyuncu etiketim buradakiyle aynı dostum.",mutluluk,sevgi,0.8162,goemotions_tr
bu muhtemelen bu konudaki son düşüncelerim olacaktı,nötr,şaşkınlık,0.8162,goemotions_tr
verdiğim paraya göre çok iyi ama kargo çok geç getirdi .,mutluluk,üzüntü,0.8161,winvoker
sadece tutma kolu toz kabına bağlı olmasaydı iyi olurdu. çalışır durumda taşırken biraz tıstırıyor. samsung mühendisleri yapmışsa bir şeyi biliyorlardır. o yüzden çok fazla bu konuyu düşünmüyorum.,mutluluk,üzüntü,0.8161,winvoker
Ancak belki de filo basitçe sonbaharda çok geç geldi .,nötr,şaşkınlık,0.8161,winvoker
"kolay i̇ade"" nin işlerliği için hepsiburada'yı kutlarım.",üzüntü,mutluluk,0.816,winvoker
"saatlerce pişiremezdik, pişirdiğimiz de birşeye benzemezdi,",mutluluk,üzüntü,0.816,winvoker
Bütün bu seçenekler mantığa aykırıdır .,nötr,öfke,0.8159,winvoker
Cash ana sayfasından her şey orada olmalı... Özellikle hoşunuza gitmeyen bir şey var mı?,nötr,şaşkınlık,0.8159,goemotions_tr
apple türkiye garantili yani ithalatçı firma garantili aldanmayın genpa bakmaz,üzüntü,mutluluk,0.8158,winvoker
"USL draftında yanlış bir şey yok, eğer USL'de iyi oynarlarsa ve daha da gelişirlerse MLS'in onları daha sonra transfer etmemesi için hiçbir neden yok.",nötr,öfke,0.8155,goemotions_tr
bu televizyonu çok isteyerek aldım yalnız kargodan dolayı kırılmış ve iade ettim kargocular lütfen biraz daha dikkat,üzüntü,mutluluk,0.8155,winvoker
Aynısı.. İlk düşüncem şu çocuk ayakkabılarının lanet olmasıydı,nötr,öfke,0.8154,goemotions_tr
İyi olan her şey adına bu insanlardan kurtulun artık.,sevgi,öfke,0.8154,goemotions_tr
"ne zamandır böyle farklı bir film izlemiyordum, kesinlikle tavsiye ediyourm izleyin beğenmeme şansınız düşük...",mutluluk,üzüntü,0.8154,winvoker
Sonuç olarak kök içinde yalan değer negatif olmak zorunda .,nötr,öfke,0.8152,winvoker
İçerik üreticilerinin ücret almayı hak etmediği için reklamları dinleyerek geçirdiğiniz saniyeler çok değerli!,mutluluk,sevgi,0.8151,goemotions_tr
Elbette sadece birkaç santim var ama ben hiçbir zaman gerçekten bir gelişme göremedim. Bunun sizin için iyi bir takviye seçeneği olabileceğini düşündüm.,mutluluk,şaşkınlık,0.815,goemotions_tr
"sar değeri yüksek görünüyor fakat pek etkileyeceğini sanmam. etrafınızda birsürü telefon var hepsinin arasında elektromanyetik alana maruz kalıyoruz zaten. bunun yüzden telefonu almiyacak olmam, bir odada 100 kişinin sigara içerken benim içmemem gibi bişey olurdu.",mutluluk,üzüntü,0.815,winvoker
beklediğiğmden daha çabuk geldi.kullanışlı ürün ama kapı kalınlığına dikkat etmek gerekli(11-16cm) kalın duvarlı kapılara uygun değil.taktım cocuklar kullamaya başladı.taşıması ve kurulumu kolay.,mutluluk,üzüntü,0.815,winvoker
"-kasanın içi soğutucu bir jel ile kaplı, geç ısınıp çabuk soğuyor.eski telefonumda büyük sorundu ısınma.",mutluluk,üzüntü,0.815,winvoker
"[İSİM]. Evet, doğru. Lol",mutluluk,şaşkınlık,0.8149,goemotions_tr
"evet, biraz.",nötr,şaşkınlık,0.8148,goemotions_tr
"Eğer onun bir [İSİM] olduğundan emin değilseniz, size hatırlatmak için ön camının %20'sini kapatmaya karar verdi.",nötr,şaşkınlık,0.8148,goemotions_tr
"ürünün birçok deliği ya açılmamış yada hatalı açılmış, ana vidalardan 4 eksik var,  alacak arkadaşlar ürünün yanında matkap siparişi de verirlerse kendilerine iyilik etmiş okurlar...",mutluluk,üzüntü,0.8148,winvoker
uzun süre kullanımda faydalı olabilir,üzüntü,mutluluk,0.8147,winvoker
ben de almak için faremin bozulmasını bekliyorum.,mutluluk,üzüntü,0.8147,winvoker
Daha fazlası için bir başvuru formu doldurun!,nötr,sevgi,0.8146,goemotions_tr
bugün heath ledger'ın öldüğü gün. ilk bu filmini izlemiş ve oyunculuğunu çok beğenmiştim.film fena değil ama başroldeki ledger ve sienna miller çok iyi.ifademdeki asık surat da ledger için.............,üzüntü,mutluluk,0.8146,winvoker
"Evet, CBD terapisine uzaktan bile dalmak için hala yanlış tür (<0.7, aman tanrım)... ama ne demek istediğini anlıyorum.",mutluluk,şaşkınlık,0.8145,goemotions_tr
"note 2 yi %8 den 2 kere tam dolduruyor, %25 den az şarj kalıyor",üzüntü,mutluluk,0.8145,winvoker
SOHR bir grup insandan (örgütten) oluşmuyor mu? lol bana sadece bir adam olduğunu söyleme.,mutluluk,şaşkınlık,0.8144,goemotions_tr
"ürünü alalı 3 gün oldu ama malesef içindki teler eksik çıktı henüz kulanamadım herhalde iyidir,bazen böyle aksaklıklar oluyor anneme alacam inşallah eksik gelmez teşekürler",üzüntü,mutluluk,0.8144,winvoker
Ali İsmail öldürüleli yıl geçti O güzel gülüşü hiç eksik olmayacak hayatımızda Metin yıl kutl,mutluluk,sevgi,0.8144,winvoker
Herpes sonsuza kadar!,nötr,öfke,0.8143,goemotions_tr
"cihaz gerçekten fena değil, ağı genişletiyor, fakat hız için aynı şeyi söyleyemeyeceğim netin hızı azalıyor , modeminizde vps varsa kurulum çok çok kolay, değilsede içinden kurulum şeması çıkıyor zaten, birde play storeda ""android de"" (tp-link tether) diye bir uygulaması var, cihazın led ışıklarını istediğiniz saatte kapatabiliyorsun, cihazı aç kapa yapabiliyorsun vs, tavsiye ederim.",mutluluk,üzüntü,0.8143,winvoker
Zenginlerin kansere karşı gizli bir tedavisi olduğunu herkes biliyor! /s,mutluluk,şaşkınlık,0.8143,goemotions_tr
ilk yorumu yazan arkadaş kırdım dediği zaman çok şaşırmıştım kulaklık takarken nasıl  kırılır diye çocuk haklıymış  çok çabuk kırıldı takıp çıkarırken çok dikkat edin  onun haricinde ses iyi,üzüntü,mutluluk,0.8141,mteb_product
En fazla genel olarak #35'i seçin. 1. turda bir takas bile çok fazla bence.,nötr,sevgi,0.8141,goemotions_tr
teşekürler,mutluluk,sevgi,0.814,winvoker
anlaşılan siz diziyi izlemiyorsunuz yoksa bu saçma yaklaşımı öne sürmezdiniz,mutluluk,üzüntü,0.8138,winvoker
"Oh, CA'da sağlık görevlisi olarak çalışıyor. Yani diğer eyaletlerde AEMT!",mutluluk,şaşkınlık,0.8138,goemotions_tr
tek eksigi kablosunun gorece biraz kisa olmasi.,mutluluk,üzüntü,0.8137,winvoker
Üzgünüm OP ama bu tamamen senin suçun. Ailen seni 4000 dolarlık bir keman gibi oynattı.,üzüntü,öfke,0.8137,goemotions_tr
Bu çok güzel. Sonunu beklemiyordum.,mutluluk,sevgi,0.8136,goemotions_tr
Eğer oyundan bu kadar nefret ediyorsan neden /r/Artifact'i ziyaret ediyorsun?,şaşkınlık,öfke,0.8135,goemotions_tr
"urun kendinden beklenilen kaliteyi sunuyor, fakat kargolama sureci hepsiburada.com un taahhut ettigi gibi olmamadi.",mutluluk,üzüntü,0.8134,winvoker
Tam bir profesyonel.,mutluluk,nötr,0.8133,goemotions_tr
Yani çocuklarıyla .,nötr,sevgi,0.8133,winvoker
Bunu hatırlıyorum. Ondan sonra elektrikli süpürgelere karşı özel bir düşkünlüğüm oluştu.,mutluluk,sevgi,0.8133,goemotions_tr
ama sessi̇z çalişmasi bi̇ri̇nci̇ önceli̇ği̇ olan arkadaşlar varsa bi̇r kez daha araştirsin deri̇m. çok sessi̇z demek yanliş olur.,mutluluk,üzüntü,0.8133,winvoker
[NAME] bu gönderiyi beğendi,nötr,sevgi,0.8132,goemotions_tr
urun guzel ama kargolama cok gec,mutluluk,üzüntü,0.8132,winvoker
Güneyde de birkaç tane bulacaksınız. Hiç şaşırtıcı değil.,nötr,şaşkınlık,0.8131,goemotions_tr
Daha eğlenceli ve hızlı .,nötr,sevgi,0.8131,winvoker
2. eksiği ise işlemcisi gereği flash player desteği olmaması. çeşitli internet tarayıcıları sayesinde bu sorun kendimizce halledebilsek bile bence buda ufak görünen ama önemli eksiklerinden 2. si.,mutluluk,üzüntü,0.8131,winvoker
"teslimat olarak 2 günde elime ulaştı, kargo paketi ise ne iyi ne kötüydü; içindekinin uzun ve demirden olmasından dolayı kapaklar iyice kapatılmıştı bant ile. sorunsuz sıkıntısız elime ulaştı.",mutluluk,üzüntü,0.8131,winvoker
ürün 1 hafta içinde elime ulaştı kapılara uymadı ama diğer hareketler gayet iyi yapılıyor kapılara dikkat edip sipariş verin sorun oluyo,mutluluk,üzüntü,0.8131,winvoker
Kaynaklara göre Galyalıların sesinden korkan bazı Roma askerleri savaştan kaçmıştır .,nötr,korku,0.8129,winvoker
Bahaha son saniyeye kadar şut denemesi değildi,nötr,öfke,0.8129,goemotions_tr
ürünü çok beğendim fakat siparis verirken numara konusunda kararsız kalmistim .yorumları okuyip bir numara buyuk istedimve korktuğum maalesef gerçek oldu.değişim olmadığını bilmiyordum??,mutluluk,üzüntü,0.8129,winvoker
bu üründen 2 adet aldım.ürün burada göründüğü gibi küçük değil..gayet büyük ancak aracınızın boyası metalik ise tavsiye etmem.bu ürünleri lastik vs..gibi çizilmeye müsait yerlerde kullanmanızı tavsiye ederim.,mutluluk,üzüntü,0.8128,winvoker
"önceki yorumların aksine ben ne pilinde, ne hızında herhangi bir sorun göremedim. problem olarak aktarabileceğim tek şey kenarlarının oval yapısı muhteşem görünmesine karşın uygun kılıf bulmayı zorlaştıran bir etmen.",mutluluk,üzüntü,0.8128,winvoker
sabah sabah kafa açtın birader. ne intiharı allasen? al iki sakinleştirici  mesaj at bana iki bara gidelim  iki takılalım biraz da sohbet edelim kendine gel.,mutluluk,üzüntü,0.8127,winvoker
fiyatı cabası. desktop için almıştım fakat o kadar küçük ki laptoplarda dahi kullanılılabilir.,mutluluk,üzüntü,0.8127,winvoker
yapısı ince değil.en azından elimizde parcalanmıyor.,mutluluk,üzüntü,0.8125,winvoker
kafa dagitmak için iyi bir film . hikaye ilgi çekici . zaman zaman 3d filmi karanliklastiriyor ve bana görefazla siddet var.,üzüntü,mutluluk,0.8124,mteb_movie
"ürünü bugün teslim aldım, önceden yurtdışından aldığım orijinali bir koluma, hepsiburadadan aldığımı diğer koluma sıktım 5 dk sonra işyerindeki arkadaşlara, hangisinin ne olduğunu söylemeden, iki farklı parfüm koklatır gibi koklattım ve hepsi yurtdışından aldığımın daha güzel koktuğunu söyledi.",üzüntü,mutluluk,0.8124,winvoker
Bu bb'yi tek seferde bir adım atarak elde ettin. DD senin için burada.,öfke,sevgi,0.8123,goemotions_tr
Ama ondan ihtiyacınız kadar yardım isteyin. Ya da herhangi birinden. İnsanların yardım etmeye ne kadar istekli olduklarına şaşırabilirsiniz.,mutluluk,sevgi,0.8121,goemotions_tr
Ne iyi ne kötü,mutluluk,öfke,0.8121,winvoker
"kanal geçişleri oldukça yavaş! kullanım kılavuzu karmaşık. bu iki olgu dışında, fiyatı da göz önüne alındığında, iyi bir uydu alıcısı denilebilir.",mutluluk,üzüntü,0.812,winvoker
"Lol, bu komik. Aggieopoly'mizi bulup nasıl karşılaştırıldığını görmem gerekecek.",mutluluk,şaşkınlık,0.812,goemotions_tr
İnsanoğunun Uzayda bir Nokta olduğunu anlatan Muhteşem Bir başyapıt.,mutluluk,nötr,0.812,winvoker
hava soğuk ve rutubetli olduğunda kolayca yangın çıkarabilir.,üzüntü,nötr,0.8119,winvoker
diger markalarla mukayese etmek istemiyorum cunku htc 10 bence tam bir amiral gemisi ama eksileri de yok degil,mutluluk,üzüntü,0.8118,winvoker
4 tanesi bizim salon için yeterli oldu. çok büyük odalar için yeterli olmayabilir.,mutluluk,üzüntü,0.8118,winvoker
Benimkiler çok büyüktü. Küçülttürene kadar rahat değildim. Şimdi harikalar.,mutluluk,gurur,0.8117,goemotions_tr
Bazı filmler vardır ve bu filmlere kİmsenin kötü demeye hakkı yoktur .işte öyle bir film FIGT CLUB....,mutluluk,üzüntü,0.8116,winvoker
çok profesyonel bir makine değil fakat bu fiyata çok iyi... teşekkürler,mutluluk,üzüntü,0.8116,winvoker
ürün fabrikasyon ses verisine göre çok gürültülü. aynı gün kargoya verildi ve ertesi gün teslim edildi. gelen servisten çok memnunuz.,üzüntü,mutluluk,0.8115,winvoker
"Evet, içerik yeterince kötü ama finansman bambaşka bir seviyede şüpheli.",nötr,öfke,0.8115,goemotions_tr
aldım kutuyu açtıp usb haznesini açarken çok az kuvvet uygulamama rağmen elimde kaldı 1 ay dayansa iyidir,üzüntü,mutluluk,0.8114,winvoker
"Üzgünüm, konudan uzaklaştım - onlar bu sezonda da var mı? Onları unuttum",şaşkınlık,utanç,0.8113,goemotions_tr
Hastanelerde çalışan insanlara ciddi anlamda değer verilmiyor.,mutluluk,öfke,0.8113,goemotions_tr
görüntü ve ses kalitesi gayet güzel.kanal geçişleri birazcık yavaş.beğenmediğim tek özelliği istediğim kanalların sıralanmaması.,mutluluk,üzüntü,0.8113,winvoker
çocuklarınızı uzak tutun bu video ve bu web sayfasından telefon ve tabletlerine indirdikleri tüm video ve oyunlar,mutluluk,korku,0.8111,winvoker
"demi çok az veriyor, tadı çok hafif, ben çok aşırı çay içen biri değilim ama lipton veya doğadan çaylarının çay tadı daha güzel..",üzüntü,mutluluk,0.8111,winvoker
saçmasapan yorumlar yapmayın anladığın sadece bi saksıysa problem filmde değil bence,mutluluk,üzüntü,0.8111,winvoker
Birini onaylı gönderici yapmanın bunu aşabileceğini düşünüyorum. Ama %100 emin değilim.,mutluluk,şaşkınlık,0.811,goemotions_tr
"Şşş sabır, gelecekteki bir video",nötr,sevgi,0.8109,goemotions_tr
Deniz satar üzdü lan,mutluluk,üzüntü,0.8108,winvoker
"Haha, hayır. Ama muhtemelen bunu yapmayı düşünmediğim içindir.",mutluluk,öfke,0.8108,goemotions_tr
Filmi geçen sene izledim... sinemada 2 kere... vcd side şu anda arşivimde... izlerken kendimi nasıl kastım... mideme kramplar girdi... dişlerimi sıkmaktan çeneme sonradan ağrılar girdi ve film biterken yürüyemedim... bacaklarımı o kadar kasmışımki kramplar girdi baldırlarıma.... :( bir atasözümüz vardır... : &quot; Çingeneye yetki vermişler gitmiş önce babasını asmış...&quot; diye... ne kadar özet değil mi?,mutluluk,üzüntü,0.8108,winvoker
Film çevrildiğinde Michael J.Fox’un 30 yaşını geçmiş olması ama 17 yaşında bir genci oynaması...Marty’nin babasını oynayan Crispin Glover’ın J.Fox’tan 3 yaş küçük olması...Bütün filmin önce Marty rolü için Eric Stoltz ile oynanması ama daha sonra Eric Stoltz’un genç ve inandırıcı durmaması sebebiyle (ki ikiside 61 doğumludur) yerine J.Fox’un bütün filmi baştan çekmesi...Birinci ve ikinci filmlerdeki Marty’nin sevgilisinin aslında aynı kişi olmaması (2 filmin başlangıç sahneleri aynı gibidir ama değildir.Tekrar çekilmiştir.)...ve Michael J.Fox’un 3.filmdeki saat kulesine asılma sahnesinde gerçekten boğuluyor oluşu ve bu yüzden bu olayın şu andaki parkinson hastalığının tetikleyicisi olması filmin ilginç notlarından...,mutluluk,üzüntü,0.8108,winvoker
deorantı tek satılmadığı için de üzgünüm. nedense set halinde satılıyor.,mutluluk,üzüntü,0.8108,winvoker
Şimdi onlara söyledin,nötr,öfke,0.8107,goemotions_tr
"Lmaoooo, ""Mümkün olduğu kadar çabuk"" ifadesini çok kullanacağım.",mutluluk,sevgi,0.8107,goemotions_tr
İkisi de yanlış ya da doğru değil .,nötr,öfke,0.8107,winvoker
Bir daha Fenerli Rumlara devletin yüksek kademelerinde görev verilmedi .,nötr,öfke,0.8106,winvoker
"Aynı. Yağmur yağması nadirdir, tadını çıkaralım. Dünkü yürüyüşte ben de öyle yaptım.",nötr,sevgi,0.8105,goemotions_tr
"Duygularınızın ""Aslında gerçek nedir?"" sorusuyla hiçbir ilgisi yoktur.",nötr,öfke,0.8105,goemotions_tr
[İSİM] oğlunu daha fazla geri dönüş sahnesi yapmak için geri getirmeleri gerekiyor. Bu ÇOK İYİ olurdu.,mutluluk,sevgi,0.8104,goemotions_tr
Telefon gayet güzel. Ama benim telefon android 6.0.1 de hala. Android 7 gelmedi. Global rom yüklü normalde gelmesi lazım. Evo garantili olması bir diğer eksi.,mutluluk,üzüntü,0.8104,winvoker
"arabamın motoruna kedi girmiş ve motorun sıcaklığıyla orada yanmıştı(zavallı kedicik) çıkarması çok zor olmuştu. çıkardıktan sonra motoru komple yıkattırdım, hava filtrelerini değiştirttim fakat bir türlü kötü kokudan kurtulamamıştım, sonra bu ürünü denedim. arabamın hava kanallarındaki o kötü koku tamamen kayboldu. hatta daha önceki toz kokusuna benzer kokularda kayboldu.",mutluluk,üzüntü,0.8103,winvoker
çocuk reflüsüne doğal çözüm reflü bebek ve çocuklarda en sık görülen rahatsızlıklardan biridir çocuklarımızın minik midelerini boğazlarını tahriş ederek rahatsız eden bu tatsız durumdan kurtulmanın yeni bir çözümü var güvenle kullanabileceğiniz yeni gastrotuss şurupla çocuklarınızın midesi rahat edecek ürün boğazda yabancı cisim hissi öksürük yemeklerle ilişkili ortaya çıkan yanma hissi ses kısıklığı genizde yanma hissi boğazda tahriş regurjitasyon yenilen yiyecek ve içeceklerin kusma olmaksızın ağza geri gelmesi gibi durumların azaltılmasına yardımcı oluyor gastrotuss kullanımının hiçbir yan etkisi olmadığı gibi dünya da ve avrupa da her yaş için güvenle kullanılmaktadır çocukların yanı sıra yetişkinlerde de kullanılan gastrotuss un tüm formlarını baby 500 ml ve 20 ml poşet tüm eczanelerde bulabilirsiniz daha ayrıntılı bilgi için www dmgturkey com tr sitesiniz ziyaret edebilir ya da firmayı 0212 2808050 numaralı telefondan arayabilirsiniz not bu ürün ilaç kategorisinde değildir,nötr,mutluluk,0.8102,ttc4900
nasıl mutluyum nasıl mutluyum anlatamam,mutluluk,gurur,0.8101,winvoker
Ne harika bir combover! Hangi marka tarak kullanıyorsun?,mutluluk,şaşkınlık,0.8101,goemotions_tr
[İSİM] sendikaya çok ihtiyaçları var.,tiksinti,sevgi,0.8101,goemotions_tr
Bunu bilmiyordum! Bana bir miktar kötü ölü kalitesi sevdirdi,sevgi,öfke,0.8101,goemotions_tr
Burada başını kendisinin çektiği hayata öfke duyuyor .,nötr,öfke,0.8101,winvoker
ahmedim aslanım nice senelere doğum günün kutlu olsun kardeşim,mutluluk,sevgi,0.81,winvoker
Kötü bir dans asla seks gibi görünmeyecektir...,nötr,tiksinti,0.8099,goemotions_tr
"Bunların olası bir cevap olduğunu düşünmediğini sorguluyorum, çok daha şüpheli kimlik bilgilerine sahip adamlarla görüştük",nötr,şaşkınlık,0.8099,goemotions_tr
Gerçekten başarılı ve güzel bir film Forest Whitakerın oyunculuğu oscarlık.Bence filmde olan olaylar doğru anlatılmamış keşke olduğu gibi anlatılsaydı...,üzüntü,mutluluk,0.8099,winvoker
"Teşekkürler? Lol. [NAME] veya [NAME]'i [NAME] ile eşleştirmek, savunma açısından, peki? Vay canına, en hafif tabirle.",mutluluk,sevgi,0.8098,goemotions_tr
"Türü korku olan bir filmden bekleyeceğiniz herşey Shutter'da mevcut. Ortalıkta dolaşan bir çoğu biribirinin taklidi olan, konu kıtlığı içerisine düşmüş korku türünde kesinlikle izlenilmesi gereken bir film. Konusu ve sizi filmin içine alan yapısıyla her an gerilim dolu olacaktır. Genellikle konusu ve içeriği dolu olan filmler finalleri pek başarılı yapılamıyor. Ancak Shutter'da tatminkar bir final var.",mutluluk,üzüntü,0.8097,winvoker
"Film bence hoş seyrilik bir filmdi.Yoksa aman aman değildi ,çok sıradışı bir konusu yoktu.Tamam film sürükleyici gerilim içeren bir filmdi. Ama tahmin edilemeyecek bir olaylar örügüsü içermiyordu.Yani en azından beni içine alıp kendisi ile birlikte götürmedi. Gerilim içeren belki biraz daha yaratcı lık yaparak tarzını değiştirerek iyi boyama yapılmaya çalşılmış gençlik filmi izliyormuşum gibi hisettim kendimi.Hafta sonu için yada gerilim sevenler için izlemeye değer .Tabi baş karakterin o güzel yüzü içinde izlenebilir.",mutluluk,üzüntü,0.8097,winvoker
Siyasi sistemimize dair doğru ama bir o kadar da iç karartıcı bir değerlendirme.,üzüntü,öfke,0.8096,goemotions_tr
Herkese birer bira!,nötr,sevgi,0.8096,goemotions_tr
koku güzel ilk sıktığınız anda farkediliyor fakat bir süre sonra kokudan eser kalmıyor..,üzüntü,mutluluk,0.8095,winvoker
dusunsenize bu kadinin cocugusunuz ileride boyle bi videosunu goruyosunuz annenizin ne hissedersinizbdjsjs insnlr,mutluluk,üzüntü,0.8094,winvoker
Referansla ilgilenenler için:,nötr,sevgi,0.8094,goemotions_tr
"Bu Filmi 1,5 Sene Önce Almıştım Orada Duruyordu İzlemek İstemiştim Ama Nasip Olmadı Şimdi İzledim Gerçekten Manyak Bİr Fİlm Böyle Bİr Film Bulamazsınız Komediden Drama Nasıl Geçmişler Adamın Yaşadıklarıda Beni Bayağı Bir Derinden Etkiledi Gerçekten Manyak Bir Film Böyle Konulu Film Çekilmemiştir Herhalde 10/10...",mutluluk,üzüntü,0.8093,winvoker
Sonunda oradan siktirip gitti,nötr,öfke,0.8093,goemotions_tr
Basketbolsever iseniz izleyiin. Basketbol damarlarınız kabaracak ve Amerika'nın basketbola verdiği önemi göreceksiniz. İmreneceksiniz.,üzüntü,sevgi,0.8092,winvoker
"""İnternet trendlerini yanlış anlamanın başarısızlığı."" Açıkça bir dil bilgisi dehası.",mutluluk,öfke,0.8091,goemotions_tr
Umuyoruz ki tek bir canımızın dahi burnu kanamaz.,mutluluk,sevgi,0.809,winvoker
Giderken biraz daha orta sevıyedır dıye dusunduk ama gıttıgımız zaman hızmet olarak bekledıgımızden daha yuksek bır hızmet gorduk.,mutluluk,üzüntü,0.8089,winvoker
baba filmleri serisinin sonu olması dışında vatikan içerisinde dönen kimi oyunları yansıtması açısından da önemli bir film.seri içerisinde değerlendirildiğinde belki en zayıf film olarak düşünülebilir ama seriden bağımsız olarak bakılırsa diğer birçok yapımı açık ara geride bırakacaktır.9/10,mutluluk,üzüntü,0.8089,winvoker
harikaydıyönetim muhteşem ordaki herşey müşteri memnuniyetine göre işliyor eminim diğer delphin otelleride güzeldir ama pahhallı olduğundan bu sene tercih edemedik grand prestijde ve gold island otelelrinde çok kötü tatil yaptık özellikle grand prestijin yönetimi rezildi lütfen delpinden rica ediyorum bu otellere yönetim dersi versinler çünkü bu tesisler Türkleri müşteri olarak görmüyor  tekrar teşekkürler delphin,mutluluk,üzüntü,0.8089,winvoker
Lütfen yap. lol,mutluluk,sevgi,0.8088,goemotions_tr
"[NAME] nasıl oldu da Attach'e o dayağı attı, diğer oyuncu çok uzaktaydı.",nötr,şaşkınlık,0.8087,goemotions_tr
modeli̇ güzel ... gündeli̇k kullanmak i̇yi̇ .. fakat %100 pamuk gi̇bi̇ olmuyor,üzüntü,mutluluk,0.8087,winvoker
"Eski ""Annenle seks yaptım"" şakası. Hafifçe kıkırdadım.",mutluluk,öfke,0.8085,goemotions_tr
çok yer kapliyor gereğinden fazla büyük ve kaba fakat çekiş gücü oldukça iyi,mutluluk,üzüntü,0.8085,winvoker
hoparlör mü aldım kulaklık mı aldım bilemedim . son ses açtığım zaman masanın üstüne koymam yeterli oluyor . kulağa takmaya gerek yok,mutluluk,üzüntü,0.8085,mteb_product
"film beni güldürdü...süper bir film olmasada genede izlenmeye değerrr,,,,,,",üzüntü,mutluluk,0.8085,winvoker
srs bu çok şirin bir kazak ama keşke fotoğraf makyajına daha yakın olsaydı,mutluluk,sevgi,0.8084,goemotions_tr
Ya zombi bölümünü yapmışlar harika olmuş kskfkkskdksdkldlflf,mutluluk,üzüntü,0.8084,winvoker
"ya bu film gerçekten hairkaydı hiç de öyle ayşecik ömercik gibi değildi lütfen abartmayalım. Ve klasik türk filmi değil kesinlikle öyle olsa bu kadar çok izleyiciyi nasıl toplayabilirdi başına. senaryo da klasik değil, hangi filmde işlenmiş böyle babası ve oğlu arasında ikilemde kalan bi adamın konusu? yapmayın arkadaşlar. benim hayatımda izlediğim en güzel filmlerden biriydi helal olsun çağan ırmağa ve oyunculara",mutluluk,üzüntü,0.8083,winvoker
"Hiçbir şey beni bir videodan daha hızlı çıkaramaz ""buna bakmak meme uçlarımı sertleştirdi""",mutluluk,öfke,0.8083,goemotions_tr
"hızlı gönderi yapamadı hb ama telafi etti. telefon is bildiğiniz gibi ama fiyat bildiğinizden farklı, avantajlı",mutluluk,üzüntü,0.8082,winvoker
"Haha [İSİM] demek istemiştim. Çok geveze, hızlı bir atıcıydım/6 numaralı vurucuydum.",mutluluk,şaşkınlık,0.8081,goemotions_tr
"Aslında beni daha da kötü hissettirdi. Çocuklar her zaman oradadır, eğer olsaydı ölüm garanti olurdu.",üzüntü,tiksinti,0.808,goemotions_tr
"-tahminime göre çok uzun zaman geçmeden birkaç parçasında çatlama,kırılma tarzı sorunlar olacak gibi.",mutluluk,şaşkınlık,0.8078,winvoker
3D olarak güzel bir film yani bir sürü 3D sahnesi var baştan sona öyle normal olarak izlediğinizde bile 3D olduğunu anlıyorsunuz.izle okadar sana bişey kazandırmaz.,üzüntü,mutluluk,0.8078,winvoker
Onun yerini dolduracak kimsenin olduğunu sanmıyorum.,nötr,öfke,0.8078,goemotions_tr
"Büyük ihtimalle. Eğer 3. tur seçimimize düşerse, onu kesinlikle almamız gerektiğini düşünüyorum.",mutluluk,sevgi,0.8077,goemotions_tr
"Gariptir ki, bu durum Almanca'dan çok İngilizce'de daha yaygındır.",nötr,tiksinti,0.8077,goemotions_tr
4. filmin çekilmesi gibi bir şey söz konusumu? haberi olan varmı?,mutluluk,şaşkınlık,0.8076,winvoker
Washington eyaleti askerlik hizmetlerinden sorumlu değil.,öfke,nötr,0.8075,goemotions_tr
"bendeki artık -uygulama sayısı çok olduğundan olsa gerek- biraz yavaşlamaya başladı, iyice yavaşladığında sıfırlayıp uygulama sayısını azaltmak gerekebilir. cihazın ram'i de çok yüksek olmadığından yeni modellere geldikçe çalışan uygulamaların da yavaşlayacağını düşünüyorum.",mutluluk,üzüntü,0.8075,winvoker
> git bir şeyler inşa et. BCH geliştiricileri halihazırda merkezi olmayan bir ağ inşa ediyor ve geliştiriyor! Sen de aynısını yapmaya başlamalısın!,şaşkınlık,sevgi,0.8074,goemotions_tr
ipad air ne olduğu zaten bellisöyl enecek bir şey yok,mutluluk,üzüntü,0.8072,winvoker
o bir stabilo guzel olmaz mi hic,mutluluk,üzüntü,0.8071,winvoker
"Evet, doğru yerlerde olmalı, ısırıklar da doğru yerde olmalı.",nötr,sevgi,0.807,goemotions_tr
Kaynaklar bazı çok karanlık karakterlerin seninle aynı fikirde olduğunu söylüyor OP. Kendin için ne söyleyeceksin?,nötr,şaşkınlık,0.807,goemotions_tr
bir popo ....hahahahahahaha ......her 4. sınıf öğrencisi,mutluluk,üzüntü,0.8069,goemotions_tr
Mmmm sanki orada lezzetli bir asbest fayans sürülüyormuş gibi görünüyor.,mutluluk,şaşkınlık,0.8067,goemotions_tr
anneme aldım ben bu manzarayı görüntüsü kalitesi parlaklığı güzel fakat resimde görünenden daha küçük. ebatları yazıyor ama ben sonradan farkettim. önceki yorumlarda koku yaptığı yazılmıştı gerçekten öyle duvara yapıştırdıktan sonra plastik gibi bir koku geliyor. duvarınıza yapıştırmadan önce birkaç saat balkonda havalandırın. az fiyata odanın havası değişti,mutluluk,üzüntü,0.8066,winvoker
"Evet, yağ yerine kabartma tozu kullanırdım. Kuru olmalarını istersiniz.",şaşkınlık,sevgi,0.8065,goemotions_tr
1/10 bile fazla.zorlaama olarak 1-2 defa gülümser gibi oldum.,üzüntü,mutluluk,0.8065,winvoker
Yalnızlığını çözer ama o çocuk kimseyle üremez. Tabii ki Dünya'da kalan tek kişiler onlar değilse.,nötr,sevgi,0.8063,goemotions_tr
OROSPU ÇOCUĞU KURBAĞA AĞAÇTA NE İŞİN VAR SİKİK İNSENE ORDAN,üzüntü,öfke,0.8061,winvoker
Hangi araştırmaya göre? Epifiz çok önemli? Ama daha gerçeklere dayalı bir açıklama olmalı! Biri şöyle demiş vs ile olmaz olmamalı,mutluluk,şaşkınlık,0.8061,winvoker
"+ 1 yıl garanti kaydı yapılabiliyor. çantası resimde göründüğü kadar büyük değil, makinenin kendisi ve bi kaç aparatı ancak sığabilir.",mutluluk,üzüntü,0.8059,winvoker
"Eğer herkes aynı şeyi sevseydi, birkaç tane çok yorgun kız ve milyarlarca yalnız, azgın erkek olurdu",mutluluk,sevgi,0.8058,goemotions_tr
en güzel bond filmiydi.eski bondlarda mutlaka abartili sahneler olurdu.ama artik yok.bence bu daniel craigle basladi.açilis sahnesi müthis.konu iyice anlatilamadi.bu görüslere katiliyorum..,mutluluk,üzüntü,0.8058,mteb_movie
Bu dahiyane.,mutluluk,öfke,0.8057,goemotions_tr
evet ve komedi ask.. birazda aksiyon macera filmler olsa nolurki:/.,üzüntü,mutluluk,0.8056,mteb_movie
batarya ömrü beklediğimden kısa 24 saat dayanmıyor.kutunun içinde türkçe kullanım kılavuzu ve ithalatçı garanti belgesi mevcut. daha garantilik bir işim olmadı umarım bir sıkıntı çıkmaz. nano sim kartınızı hazırlayın telefon gelmeden.,mutluluk,üzüntü,0.8056,winvoker
oğlum doğduğundan beri hep prima premium care kullandım bir kaç kere sızdırdı laboratuvar 'a gönderdiler hiçbir sıkıntı yokmuş öle dediler kullanmaya devam ettim şuan prima pampers kullanıyorum oğlum sabahları kalktığında üstü başı her yeri ıslak uyanıyor laboratuvar sonuçlarında yine bir şey çıkmadı bunlar araştırmaları buharla yapıyor heralde.,üzüntü,mutluluk,0.8055,winvoker
Benim adamım bu yav hayranım şu herife,mutluluk,sevgi,0.8054,winvoker
Ya da onlara fetişlik yapıyor. Bunu asla bilemezsiniz.,nötr,şaşkınlık,0.8053,goemotions_tr
"ürün gerçekten çok güzel tek eksik, teknik servisin ""köşe aparatı"" satma arzusu. i̇lla bir para almak zorunda hissetmeleri gerçekten çok garip, tv kanal geçişleri yavaş ama o kabul edilebilir bi eksiklik",mutluluk,üzüntü,0.805,winvoker
"Neyse. Bu olay gerçekleştiğinde garip olan şey, video duraklatıldığında kendini gizlemesi ve video devam ederken tekrar ortaya çıkmasıydı.",öfke,utanç,0.8049,goemotions_tr
"bunun bir şaka olup olmadığından emin değilim ama eğer daha önce bir geliştirme stüdyosunda çalıştıysanız, bu her şeyden önce güvenilirliğinizi artırır",nötr,şaşkınlık,0.8049,goemotions_tr
helena bonham carter tim burton in deil kardesinin esi bi bilgi düzeltilirse sewinirim...,üzüntü,mutluluk,0.8048,mteb_movie
nefis  öncelikle son derece memnun ve mutlu olduğumuzu belirtmek isterim ama şöyle de bir gerçek var bu otel okyanusu geçmiş derede boğulmuş herşey şahane ancak çok küçük gözüküp insani rahatsiz eden aksakliklar var örnek mi :tüm spor aletleri bozuk çok büyük bardak sikintisi çektik garsonlar müşterinin kalktiği masayi servis yaparken eski örtüyü sizin yaninizda yere silkeleyip kirli kirli yeniden koyuyor adam gibi peynir ve zeytin yok hepsi  sinif sauna hamam kapali havuz ve spor bölümünde tek görevli yok dahili yayindaki müzikler büyük yüzdeyle rus müziği ancak genel notum  üzerinden  animasyon çok iyi niyetli çirpiniyor ahçilar mükemmel odalar temiz genelde çok memnun kaldim teşekkürler,mutluluk,üzüntü,0.8048,winvoker
İlk duyduğumda StuPOTity sandım....,nötr,şaşkınlık,0.8048,goemotions_tr
"Bu o değil :( En son yorum tam olarak ""ben bir erkek değilim"" ile başlıyor",nötr,öfke,0.8048,goemotions_tr
arkadaşlar asus gerçekten kaliteli ürünler yapıyor ve paranın hakkını veriyor lakin ben bu pc'i oyun için alacak arkadaşlara tavsiye etmiyorum.,mutluluk,üzüntü,0.8046,winvoker
"Bu, tuhaf amcamın Facebook paylaşımıma bırakacağı yoruma benziyor.",tiksinti,şaşkınlık,0.8046,goemotions_tr
baya geniş 552 sayfa,mutluluk,üzüntü,0.8044,winvoker
Bu bölge daha kötü oturma bölgelerini içerir .,nötr,tiksinti,0.8043,winvoker
Ve kendinize söyleyebileceğiniz diğer komik yalanlar...,mutluluk,öfke,0.8043,goemotions_tr
Yüreğim eridi.,sevgi,öfke,0.8043,goemotions_tr
bu nasıl hayat amk,mutluluk,üzüntü,0.8042,winvoker
Küplerin içinde ağlayıp gülüyorum.,mutluluk,gurur,0.8041,goemotions_tr
Güneydeki birkaç eğitimsiz insan dışında tüm dünya Trump karşıtı.,nötr,öfke,0.804,goemotions_tr
bu yılda böyle olsun,mutluluk,sevgi,0.804,winvoker
Bu neden balıkların kendilerine benzeyen balıklarla bir sürü olduğunu açıklayabilir .,nötr,şaşkınlık,0.804,winvoker
"Sanırım onunla arkadaş kalacağım. Kahretsin, eğer o benimle çıkmazsa ben darbeyi göze alabileceğim bir adamım.",mutluluk,öfke,0.804,goemotions_tr
parfüm içeriğinden  de anlaşılacağı  üzre baharatlı bir  parfüm 30 yaşın altı genç bayanlar için çok uygun değil ama orta yaşlı  bir bayan için mükemmel bir kış kokusu kesinlikle hacı kokusu  gibi değil çok klas  bir havası var kokunun,mutluluk,üzüntü,0.804,winvoker
"Ulaş Bardakçı ""Necati yalan söylüyor"" dedi .",nötr,öfke,0.8038,winvoker
ürünü almadan önce normal klavye işte diyordum. şimdi kullanımına aliştiktan sonra bir daha normal bir klavye kullanamam galiba. alişmam 1 günümü aldi,mutluluk,üzüntü,0.8038,winvoker
Evet öyle dedi. Ama daha hızlı olabilir.,mutluluk,şaşkınlık,0.8038,goemotions_tr
Aldınız mı 3ün 1ini?,üzüntü,şaşkınlık,0.8036,winvoker
4 aydır kullanıyorum ve  kullanmaya başladığımdan beri  yağ kapağında su damlacıkları ( buharlaşmadan dolayı ) ve buna bağlı olarak krem kıvamında tahine benzeyen birikme oluyor  aracım daha 40.000 de sıfır ayarında her hangi bir şekilde soğutmadan su sızması mümkün değil zaten soğutma suyu 4 aydır hiç eksilmedi aracı ilk aldığımdan beri   her hafta yağ kapağıma bakarım ama bu yağı kullanmaya başladığımdan beri böyle birşeyle karşılaştım .,üzüntü,mutluluk,0.8035,winvoker
istanbul’a şiir şarkı yazanlar nasıl yazdınız zengin misiniz bi geldim öküz gibi pahalı  çok kalabalık ve korkunç,mutluluk,üzüntü,0.8035,winvoker
Mabel Matiz Bu ülkenin bahçesinde açan en renkli çiçektir bundandır bu kadar koparılmak harcanılmak istenmesi.,mutluluk,üzüntü,0.8034,winvoker
"ahmet ümitin ilk okuduğum kitabı bu . polisiye tarafı ile çok karışık , çok özel ve şaşırtıcı bulmasam da , beni  yazarın diğer kitaplarını okumaya yöneltecek kadar iyiydi.",üzüntü,mutluluk,0.8034,mteb_product
"Eğer bir gerilim filminden beklentiniz, günümüzde çekilen örneklerinin bize sunduklarından daha fazla değilse &quot;küp&quot; size beklenti standardınızı artırma şansı tanıyor. Zira sistemi eleştiren replikler, kırılması gereken kodlar ve çok açık olmasa da mesaj içerikli, keyifli sonuyla klişelerle pek dost olmayan bir film. Hatta filmin gelişim sürecinde kendini ele veren tek klişenin, 1997 yapımı olması sebebiyle bu filmle çıkmış olabileceğini düşünüyorum. İzleyin.",mutluluk,üzüntü,0.8034,winvoker
yaklaşık 1 ay önce  mağazadan aldım aldığım gün içinde kapakta sorun çıkta servise gönderdik sonra tava ve tencerenin birini kullandık  ama kullanmaz olaydık iç kısımlarda kararmalar oldu almadan önce düşünün  bence hemen iyade ettim paramızı geri aldık tşklr.,üzüntü,mutluluk,0.8034,winvoker
ne ısınıyo ne de pili bitiyor. sürekli full parlaklıkta ve gps bile açık dolaşıyorum 2 günü deviriyor,mutluluk,üzüntü,0.8032,winvoker
her zaman 1 büyünü alın akudunuz için teşekkürler,mutluluk,sevgi,0.8032,winvoker
"im ve motor belli bir ısıya geldikten sonra motoru durdurmadan katkıyı ekledim, ilk birkaç dakikada hararet çubuğu orta seviyeyi geçti daha sonra baktım ısı düşmüyor ben de motoru kapattım, şuan yaklaşık 1500km gittim, yakıtta bir değişiklik görmedim, ilk çalıştırmada öncekine göre daha iyi, hemen çalışıyor, ve öncekine göre daha sessiz çalışıyor, motor çok çabuk ısınıyor, çekişte bir artış görmedim, yani artıları çok da fazla değil, değermi bu fiyata bence değmez.",üzüntü,mutluluk,0.8031,winvoker
"tamamen plastik olduğu için, çalışırken titreşimiyle kendi kendine dönüyor.",üzüntü,mutluluk,0.8031,winvoker
pardon düzeltiyorum arkadaslar tmac_erdem yamışım danny001110 olucaktı özür..:),mutluluk,üzüntü,0.803,winvoker
"Canlanmaya calıstıgı su son zamanlarda, turk sinemasına yapılabılınıcek en buyuk kotuluk orneklerinden biri.Amacları, sinemamızı gene dibe vurdurmaya calısmaksa,o zaman emin adımlarla ilerliyorlar gayet basarılılar.",üzüntü,mutluluk,0.803,winvoker
Mendillerinizi hazırlayın ve filmi izlemeye başlayın.,mutluluk,sevgi,0.8029,winvoker
Süper telefon,mutluluk,sevgi,0.8029,winvoker
evde play station - telefonlar ve 2 laptop ağıma bağlıdır. önceden play stationda online oyunlarda sinyal seviyesi düşük uyarısı geliyordu. oyunlar titremeli donarak oynanıyordu.,mutluluk,üzüntü,0.8029,winvoker
üniversite sınavı yüzünden moralim bombok,mutluluk,üzüntü,0.8027,winvoker
Filmi şimdi dvdden izledim ve halen gözümden yaşlar akmaya devam ediyor.Hem filmin konusuna hemde Will Smithin oyunculuğuna hayran kaldım.,üzüntü,mutluluk,0.8025,winvoker
işıl ışıl her yer her yer sanki pavyon,üzüntü,mutluluk,0.8025,winvoker
Hayırlara vesile olur inşallah,mutluluk,sevgi,0.8025,winvoker
"Sanırım o zaman haklıyım, diyabet hastası arkadaşım da aynı şekilde yanlış bilgilendirilmiş olmalı",nötr,şaşkınlık,0.8024,goemotions_tr
bir nolan hayranı olarak filmin gayet güzel oldugunu süresine rahmen çok sürekliliği olan bir yapım oldugunu soylemelıyım fakat bence filmde eksik olan bir şeyler var.. The Dark Knight filmindeki gizem ve korku öğeleri bu filmde yoktu . Belkı Bane yetersiz kaldı ozellıkle final sahnesindekı filme yakısmayan sonuyla.. Dövüş sahnelerinide çok fazla begenmedım açıkcası filmde genel konu olarak bi sıkıntı yok zaten Nolan gayet iyi çözmüş ama dediğim gibi detaylarda sıkıntılar var .. filmin sonunu güzel baglamış Nolan .. bazı karakterlerin sürekliliğinide iyi tasarlamış . örneğin blake karakteri ama geriye kalan Kedi kız ve Talia karakterleri pek oturmamış filme.. bazı yerlerde çok hızlı geçiş var biz nasıl oldugunu göremiyoruz bazı şeylerin örneğin.. bu konuda film uzun olmasına rahmen yeterlı olamamış.. Spoiler :büyük bir savaş olucak diye sonuna kadar seyırcıyı gaza getirip dandik bir savaş gösteren Nolan'ı bu konuda eksik buldum.. burada savaş sahneleri yerine The Dark Knight filmindekı zeka dolu kovalamaca sahnelerını kullansa daha güzel olabilirdi.. Tom Hardy nın sesi çok sinemaya uygun gerçekten .. Filmin basındakı sahnede filmin en güzel sahnesıydı bu arada.. fakat dediğim gibi filmdeki bazı mantık hataları ınsanın canını sıkıyor.. Spoiler :örneğin batmanın uçağımı desem artık o kokoca makınanın bir gökdelenın tepesınde durması ve şehri tamamıyla ele geçiren Bane 'ın bunu farketmemesı,mutluluk,üzüntü,0.8024,winvoker
ürünü sipariş verdiğimden iki gün sonra elime ulaştı ve fiyatına göre idare edebilecek seviyede bir kulaklık. elinize aldığınızda çok sağlam bir yapısı yok gibi duruyor ama ses kalitesi olarak iyi denilebilir.,üzüntü,mutluluk,0.8023,mteb_product
"alaaddinin sihirli lambasi ,5.",üzüntü,nötr,0.8022,mteb_movie
"Evet, bir ay önce.",nötr,şaşkınlık,0.8022,goemotions_tr
alacak arkadaşlara umarım yardımcı olmuşumdur buna göre alırlarsa daha iyi olur.,üzüntü,mutluluk,0.8021,winvoker
"buradan başlamayacaktım ama son anda gördüm ki bir izleyici james bond filmlerinden çok daha üstün demiş.öncelikle bu 3 filmlik seri james bond gibi 3 değil 23 küsür filmlik bir seriyle kıyaslanamaz,böyle bir popüler kültür unsuruyla da kıyaslanamaz.ilk film gayet kötüydü zaten.greengrassın gelişiyle ikinci filmdeki düzelme son filmde doruğa çıkıyor kabul ediyorum.son derece kaliteli bir aksiyon filmi olmuş.müzikleriyle matt damonıyla joan allenıyla eksiksiz bir yapım.heyecan seviyesi de üst düzeylerde sürekli.fakat hemen bir james bonddan üstün demek çok komik oluyor.hiç izlemediğiniz ya da sadece son çekilenlerden bir iki tanesini izlediğinizi çok belli etmiş oluyorsunuz.neyse kısacası söylemek istediğim şu ki bourne serisi sinema tarihine falan geçmedi,tamam iyi bir aksiyon serisiydi ve gittikçe yükselen bir başarı grafiği tutturmayı başardı ki bu seriler için önemli bir özelliktir.sıkılmadan oturup art arda bile izlenebilecek kadar hoş.herhangi bir şeyle kıyaslamaya gerek yok,kendi başına gayet kaliteli.son dönemlerin bu ses getirebilmiş olan filmini izlemekte yarar var.",mutluluk,üzüntü,0.802,winvoker
* diğer önemli eksiklik ise uygulamanın türkçe olmaması. bazı ayrıntıları kaçırmak mümkün.,mutluluk,üzüntü,0.8019,winvoker
Bir keresinde sabahın erken saatlerinde koşarken kimsenin gelmediğini gördüm ve trafiğe karşı koştum.,nötr,şaşkınlık,0.8019,goemotions_tr
Haklısın sanırım. Bir sürü parası ve tadını çıkarabileceği küçük torunları var. O iğrenç engeli tekrar aşmak muhtemelen o kadar da çekici olmayacaktır.,mutluluk,sevgi,0.8019,goemotions_tr
(yavaş alkışlar) Güzel çalındı!,nötr,sevgi,0.8018,goemotions_tr
Dallas'ın bugün kazanmasını istiyordum ki gelecek hafta kaybedebilsinler. LA'in Super Bowl'a yakın olmasını istemiyorum.,sevgi,öfke,0.8017,goemotions_tr
"Klips tak, dostlarım!",nötr,sevgi,0.8017,goemotions_tr
keşke bir addet daha alsaydım iyi olacaktı.i̇nşallah ilerde iki adet daha almayı düşünüyorum.çünkü hiçbir yerde  bulamadım .hatta bazı insanların bu parçanın varlığından haberi dahi yok.,üzüntü,mutluluk,0.8017,winvoker
evde 50 mbps internetim var ürünün özelliklerinde 150 mbps diyor ancak evde uyguladığım hız testinde 36 mbps olarak gözüküyor aynı bilgisayarın kendi wi-fi ını kullandığımda 50mbps görüyorum.ürünü alıcak arkadaslara duyrulur..(uyguladığım hız testi superonline in kendi hız testidir.),üzüntü,mutluluk,0.8016,winvoker
"Hiçbiri bu yüzden sordum. Bir şeyler yaptığınızı görmekten memnunum, sadece dilemek veya sızlanmak değil, çünkü bu bunu gerçekleştirmez.",mutluluk,sevgi,0.8014,goemotions_tr
walla çok eski olduğu için filmi pek hatırlamıyorum hatırladığım tek şey galiba komik bir filmdi...,mutluluk,üzüntü,0.8013,winvoker
paranız cebınızde kalsın daha iyi,üzüntü,mutluluk,0.8013,winvoker
"kargo bayramdan dolayı biraz geçikti, fiyatı uygun",mutluluk,üzüntü,0.8012,winvoker
senin doğmamış çocuğunu öldürürüm,üzüntü,öfke,0.8012,winvoker
Küçük paket servis dükkanımızda ödeme yapmak için kullandığımız 20 sent ne hakkında konuşuyorsun,öfke,şaşkınlık,0.8012,goemotions_tr
beşik fiyatına göre gayet iyi kurum biraz kafa karıstırıcı geldi bana,mutluluk,üzüntü,0.801,winvoker
gamepod la beraber bambaska oluyor ama,mutluluk,üzüntü,0.801,winvoker
İkisi de kendi tarzlarında iyiler. Ama biz daha komik lol,mutluluk,sevgi,0.8009,goemotions_tr
bebek bezinin ince olması bebek için oldukça konforlu bir şeydir ve ince emici bir ürün yapmak oldukça zordur.  premium care ile birlikte piyasanın en ince ve emici ve kaliteli bezi budur. bilmeden çok yorum yapan var hepsini kaale almamak lazım. onlar yorgan gibi kocaman bezlerle bebeklerini isilik yapıyorlar haberleri yok.,mutluluk,üzüntü,0.8009,winvoker
Kesinlikle iyi gitmediğini söyleyebilirim.,üzüntü,öfke,0.8009,goemotions_tr
Görünüşe göre başarılı olamadı.,üzüntü,nötr,0.8007,goemotions_tr
Jet Li seviyorsanız izleyin derim,mutluluk,sevgi,0.8006,winvoker
Elbette yapamaz,nötr,öfke,0.8006,goemotions_tr
"Evet film harika, evet film çok farklı, evet her şey çok iyi... Ama şunu görüyoruzki, Nolan Memento'dan beri düz kurgu ile film anlatmıyor. Belki de anlatamıyor. Bu bir eksiklik mi, hayır. Ama artık seyredeceğimiz bir Nolan filminde, yönetmenin teknik olarak neler yapacağını önceden biliyoruz. Bu biraz sıkıcı bence. Buna rağmen kesin olan bir şey varki, Prestij olağanüstü bir deneyim.",mutluluk,üzüntü,0.8005,winvoker
O Facebook paylaşımı çok gürültülüydü.,nötr,öfke,0.8004,goemotions_tr
O zaman sana noodlebox yok. Üzgünüm.,üzüntü,öfke,0.8003,goemotions_tr
"Harika. Bize pragmatizmin gerekliliğini ve tabii ki, [İSİM]'i yıllar boyunca ne kadar rahatsız ettiğimizi hatırlatıyor.",mutluluk,sevgi,0.8003,goemotions_tr
Bunun ateşli olduğunu düşünüyorum .,nötr,sevgi,0.8003,winvoker
filmi izlerken daha iyisi yapilabilirmi diye düsündüm.. ama i ih mümkün degil. . bence 11'i hak ediyor..,mutluluk,üzüntü,0.8002,mteb_movie
En azından bir tepki gösterdi...,nötr,şaşkınlık,0.8002,goemotions_tr
"<3 Bu arada, her şeyi göz önünde bulundurduğunuzda genel olarak harika işler çıkardığınız anlaşılıyor.",mutluluk,sevgi,0.8002,goemotions_tr
Çok kötü nokta,üzüntü,öfke,0.8002,winvoker
"Demek istediğim buydu, özür dilerim. AK'leri asla önceden fold etmeyin.",üzüntü,sevgi,0.8001,goemotions_tr
Hala oynuyorum,mutluluk,gurur,0.8001,goemotions_tr
"""Ama memur bey, elimde onlara maruz kalmam gerektiğini söyleyen bir doktor raporu var!""",nötr,öfke,0.8,goemotions_tr
İnsanlar onları çaldığında sinirleniyorum lol... büyük ihtimalle iyi biriysen sana *veririm*,mutluluk,öfke,0.7999,goemotions_tr
Çok iyi olacak....Kesinlikle inanıyorum buna..... Sabırsızlıkla bekliyorum....,mutluluk,sevgi,0.7998,winvoker
mükemmel senarist david goyer'in daha önce yönettigi filmleri hesaba kattginizda siradan olmasi sasirtmiyor.afisinden de korkutmak konusunda bir iddiasi olmadigi anlasiliyor zaten..,üzüntü,mutluluk,0.7998,mteb_movie
geri zekalılık böyle bir şey işte,nötr,üzüntü,0.7998,goemotions_tr
kutudan resimdeki gibi tüyler değil sadece 3 tane sarkan ipli halde çıktı.,mutluluk,üzüntü,0.7998,winvoker
AMA GUIS [İSİM]'İN SİLAHTAN YANLIŞ OLDUĞUNU DÜŞÜNÜYORDUM? Bunu düşünecek kadar aptal olan herkese son çiviyi çakmalı.,şaşkınlık,öfke,0.7995,goemotions_tr
bi̇zce yorum yapmaya hi̇ç gerek yok,mutluluk,üzüntü,0.7995,winvoker
bence iyi bir komedi yapım gomeda komedi kelimelerinin benzerliği tesadüf değil gibi...,üzüntü,mutluluk,0.7995,winvoker
"Lmao bedava değildi, çalıyorduk",mutluluk,öfke,0.7992,goemotions_tr
Bana çok yakındı x,nötr,sevgi,0.7992,goemotions_tr
fiyat kalite oranı tatminkar fakat elime geçmesi biraz uzun sürdü,mutluluk,üzüntü,0.7992,winvoker
BANA GORE BILIM KURGUNUN SINEMA TARIHI TERMINATOR 2 ONCESI VE SONRASI DIYE AYRILIR BILMEM ANLATABILDIMMI,mutluluk,üzüntü,0.7992,winvoker
mükemmel ürün fiyattaa uygun içinden hangi hareket ile hangi kasları çalıştırabileceğin yazılı kağıt çıkıyor evde kullanmak için birebir ama spor salonu işleten için uygun değil,mutluluk,üzüntü,0.7991,winvoker
vay bee bu zamanda bu fiyat :),mutluluk,üzüntü,0.7989,winvoker
Xanax olayı kendi kendine bitiyor. Suçlular umursamıyor.,nötr,öfke,0.7987,goemotions_tr
ne soylenebılır ki 10,mutluluk,üzüntü,0.7987,winvoker
Çok büyük bir hayal kırıklığı...,üzüntü,öfke,0.7986,winvoker
Tesis tamamıyla beni doyurdu. Çalışanların yaklaşımını beğendim.,mutluluk,sevgi,0.7986,winvoker
ürün elime ulaştıktan sonra kullanmaya başladım etkili bir kondüsyon aleti fakat daha bir hafta olmadan lastiği koptu daha sağlam yapılmalı bu kadar basit olmamalı,üzüntü,mutluluk,0.7984,winvoker
filmi izlemedim iyi bir kadro ile çevrilmiş güzel bir film diye düşünüyorum. birde filmlerin fragmanları olsa almadan önce tercih etmede yardımı olur bence,üzüntü,mutluluk,0.7983,mteb_product
hayel kirikliğimerhaba;otele etstur firması aracılığıyla gittim firma ile ulaşımım çok rahattı rehber kontrolünde otelde başka bir rehbere verildik o da bizim otele kayıt işlemlerimizi yaptı ve oteli bize gezdirdikten sonra odamıza yerleştirildik öğlen yemeğine indik her şey normaldi sonra akşam yemeği&#  ; derken bitti ilk gün sonra ikinci gün öğle yemeğinde ki menü ile bir önceki öğle yemek menüsünün bir iki yemek hariç neredeyse aynı olduğunu gördüm akşam yemek menüsü de bir önce ki akşamın aynısıydı birkaç yemek hariç tabi&#  ; sonra sabah oldu ve menüde hiçbir değişiklik yok bir önce ki günün aynısı derken kaldığım sürece tatil böyle hep aynı yemeğe yiye yiye geçti gündüz çok sıcak olduğu için oda da televizyon seyredelim dedik   ekran televizyonda göründüğü kadar izlemek istedik televizyonu ama hep polonya rusya almanya kanalları var resepsiyona kanalları ayarlayın dedim ayarladık dediler baktım; değişen bir şey yok tatil boyu bilmediğim dillerde bir sürü program izledim&#  ; içkilerde berbattı sabah  &#  ; da başlıyordum içmeye akşam  &#  ; e kadar ama hafif bi sarsıntı bile olmuyordu içki kokusu var içkilerde tadı da var ama içkinin kafası yok )) balayı çifti olduğumuz için her şeyin en güzel olsun istedik ama her şeyin en kötüsü denk geldi bize ömründe hiç içki içmemiş eşime altı bardak votka vişne içirdim kıza hiçbir şey olmadı tahminimce içkilere su katıyorlar ayrıca otelin etrafı yani bahçesi ve çevresi çok düzensiz bence sahip olduğu yıldızları hak edecek bir otel değil ama personeli çok nazik medeni ve çok sevecen hatta bar da ki ercan bey ve servis elemanı ( japon kız ) gül hanım çok iyiydi bu oteli bir tanıdığına tarif eder misin deseler; kesinlikle hayır derim ama etstur&#  ; u tercih ettiğim için çok mutluyum&#  ; not: oteli tercih edecekler için söyleyeyim; içki içmek istiyorsanız otelin dışında yolun sol tarafında ki marketten bira alıp marketin bahçesinde içerseniz kafanız güzel olabilir&#  ; he ayrıca; birkaç dil bilmiyorsanız otele gitmeden önce öğrenin çünkü; televizyon izlerken ve salı çarşamba günleri olan canlı müziği dinlerken lazım olacak hoşça kalın,üzüntü,mutluluk,0.7983,winvoker
daha kısa ismi yokmuydu:D,üzüntü,şaşkınlık,0.7982,winvoker
"motor kısmı çığlık atmıyor, vınlayan sesler çıkarmıyor.",mutluluk,üzüntü,0.7981,winvoker
"[NAME]'in aynı zamanda harika bir yardımcı koç olduğunu biliyorum, dürüst olmak gerekirse diğer adam hakkında pek bir şey bilmiyorum",nötr,şaşkınlık,0.798,goemotions_tr
"Facebook'u bir başarı ölçütü olarak kullanmayarak. Facebook'a insanların gerçekte yaşadıkları değil, öne çıkan bir video olarak bakın.",nötr,öfke,0.7979,goemotions_tr
yorumlarda da okuduğum kadarıyla kokusu traş kolonyasına benziyor ama daha iyi ve kalıcı diyebilirim. ck kullandıktan sonra kokusuna alışmak biraz zor oluyor.,üzüntü,mutluluk,0.7979,winvoker
ekranı cizilebilir bu nedenle ekran koruyucuya ihtiyaç duyuyorum.,mutluluk,üzüntü,0.7978,winvoker
martin lawrence warsa o film kaçmaz zaten.. saskin dedektifte ki o pizzaci haliyle girdi ilk hayatima(iyi ki de girmis!) we bi daha hiiiç çikmadi...,mutluluk,üzüntü,0.7978,mteb_movie
"bu ürünü hem motor gücü yüksek olduğu için hem de hediyelerinden dolayı tercih etmiştirm. ancak hediye gelen terleme eşofmanı daha ilk kullanımda yırtıldı. dolayısıyla hediyelere bakmayın,ürünü iyi değerlendirin derim",üzüntü,mutluluk,0.7978,winvoker
ürün gerçekten iyi. kuşunuza paketli yem alın. açık yemler tazelikten çok yoksunlar.,mutluluk,üzüntü,0.7978,winvoker
"Aman Tanrım, çok havalı görünüyorsun. Jok- Defol git buradan yan karakteri.",mutluluk,öfke,0.7975,goemotions_tr
"Mire ! Soundtrack için çok teşekkürler. gerçekten çok iyi bir iş çıkarmışsın, bu kadar iyi bir finale ancak bu kalitede bir müzik konulabilirdi...",mutluluk,sevgi,0.7974,winvoker
sadece işini yapıyor...,mutluluk,üzüntü,0.7974,winvoker
"ürünün görselliği ve fiyatı çok iyi. servis elemalarıda kaliteli, ürünün olumsuz tarafı cam ocağın lekeleri belli etmesi. biraz titiz davranılırsa buda sorun olmaktan çıkar.",üzüntü,mutluluk,0.7973,mteb_product
Doktorun kim olduğuna bakmaksızın bunu yaptırmak istiyormuş gibi görünüyor,nötr,şaşkınlık,0.7973,goemotions_tr
3- lastiklerin üzerine siparişi veren kişinin isim ve telefon bilgisi yazılmadığından bayi sizi arayamıyor siz takibini yapıyorsunuz sipariş numara bilgisi var sadece,mutluluk,üzüntü,0.7971,winvoker
Manzarası güzel konumu iyi yolu biraz zor ve uzak marmaristen ulaşımı zor. Temizlik iyi değildi pek. Lekelenen bir şey değişmiyordu ama genelde memnun kaldım.,mutluluk,üzüntü,0.7971,winvoker
Çok şık görünüyorlar!!,mutluluk,sevgi,0.797,goemotions_tr
Düzenli bir psikolojik çalışma yapılırsa 3 gün 3 gece mi olacak ve daha uzun süre kalması gerekip gerekmediğine karar verecekler mi? Teşekkür ederim,sevgi,şaşkınlık,0.797,goemotions_tr
ürün gerçekten bebekleri eğlendirecek cinsten.fakat beklentimden biraz küçük geldi.,mutluluk,üzüntü,0.7969,winvoker
Bu ciddi olamaz değil mi? Zaten 14930 destekçi bu saçmalığı imzaladı!,şaşkınlık,öfke,0.7969,goemotions_tr
"fahriye evcanın sadeliği ses toınu çok hoş ve etkileyiciydi.İzlerken 'Beni Unutma 'flimi gözümün önünden gitmedi konu içirek olaylar da çok fazla benzerlik olduğunu düşünüyorum oyuncuları Mert Fırat, Tuba Ünsal, Kenan Ece, Melis Babadağ, Açelya Yılhan, Aliye Uzunatağan, Barış Hayta vardı bir izleyin ben etkilenmiştim",üzüntü,mutluluk,0.7968,winvoker
Onlar onun gerçek arkadaşları,nötr,sevgi,0.7968,goemotions_tr
ürün elimize iki gunde ulasti. parcalarinda herhangi bir hasar yok. fiyatina göre fena degil. cok iyi bisey aramiyirsaniz tavsiye ederim. fakat kurulumu zor. yapilisi iyi bir sekilde anlatilmamis. internette söz de anlatiyo nasil yapildigi. demonte bir seyi daha önce kurmayanlar cok zorlanir. eşim daha once buna benzer bir seyi monte etmesine ragmen isten gelince 3 aksamda bitirdi. yanliz bitincede gayet guzel durdu begendim.,mutluluk,üzüntü,0.7967,winvoker
yaptık yine yaparız aykut_kocaman durum tespiti yaptı umut dolu mesajlar verdi avrupa da işler iyi gidiyor ama ligde puan olarak standartlarımızın altındayız süper_lig i domine etmiş bir takımın bir an önce kendi standartlarını yakalaması gerek bu zor günlerde futbolcularımın verdiği reaksiyon birlikte hareket etme duygusu beni geleceğe yönelik umutlandırıyor herkesteki taşın altına elini koyma gayretini görüyorum ve çok memnunum sakat oyuncularımızın da katılmasıyla bazı maçlarda başardığımız mücadele gücü temposu yüksek futbol anlayışını sezonun tümüne yaymak istiyoruz yine kazanan takım olmak istiyoruz biz bunu daha önce de yaptık yine yapacağız kimse umutsuzluğa kapılmasın her şey çok güzel olacak,nötr,mutluluk,0.7967,ttc4900
Avustralya'nın bunu yapmaya çalıştığı ilk kişi bu...,nötr,şaşkınlık,0.7967,goemotions_tr
Vuruş ortalamasına bakamıyorum. [NAME] 3799 PA'da 90 wRC+ [NAME] 4917 PA'da 92 wRC+,nötr,öfke,0.7967,goemotions_tr
urun mukemmel fakat hizli gonderi demesine ragmen 2. gun kargoya verildi 4.uncu gunelimize gecti. yani kargo hizmetler belitildigi gibi hizli degil. fakat telefon muhtesem,mutluluk,üzüntü,0.7966,winvoker
güzel bir filmdi ama çok uzun,mutluluk,üzüntü,0.7965,winvoker
simfer marka evime giren ilk ürün ve (ilk ve son).bildiğin merdiven altı üretim,üzüntü,mutluluk,0.7965,winvoker
ayarları var ve ayarlar doğrultusunda buhar çıkarma seviyeleri değişmekte. mesela koton(pamuk) ayarında öyle çok buhar çıkmamakta ama wool (yün) ayarında buhar daha fazla. 6.5 bar 450gr şok buharı sizi çok beklentiye sokmasın. eskiden fakir marka ütüm vardı kazanlı kesinlikle onun yarısı kadar buhar vermekte. kırışıkları açma konusunda ütü olarak oldukça başarılı. göründüğü kadar ağır değil. birde yanık plastik kokusu gelmekte ilk kullanımdan olabilir diye değerlendiriyorum umarım yakın zamanda kesilir. özetle tavsiye etmiyorum.,üzüntü,mutluluk,0.7963,winvoker
Ve giymekten zevk alırdı,mutluluk,sevgi,0.7963,goemotions_tr
"Yahu, bana Google'da yaptığım aramaların yarısında hedef sonuç çıkmıyor.",nötr,öfke,0.7963,goemotions_tr
"Aşağıda, joker kartı noktasının 9 puan altında nasıl bir koku var? Lanet olası çam kozalağı",öfke,şaşkınlık,0.7963,goemotions_tr
"Sürücüleri taciz etmekten veya daha kötüsünden başka her şey, oldukça basit.",nötr,öfke,0.7959,goemotions_tr
Hayrlı olsun Şükür Allâh yardımcımız olsun `` Kişi safiyet ve samimiyetini bozmadığı sürece Allah ın yardım eli,mutluluk,sevgi,0.7959,winvoker
"/u/'nun ""Eğer meme uçların sızdırmıyorsa... eğer süt vermiyorsan... SİKTİR ET PRATİK YAPMAN GEREKİR!"" sözünden bahsetmişken.",nötr,öfke,0.7958,goemotions_tr
Yorumuna خ” veya !delta'lardan birini ekleyerek ve bunun görüşünüzü neden değiştirdiğine dair bir açıklama ekleyerek yanıt verin.,nötr,şaşkınlık,0.7958,goemotions_tr
bu film beni çok etkiledi bunu izledikçe sahtekarlık yapasım geliyi...nukta koyduuuuuuuum stom,üzüntü,mutluluk,0.7956,winvoker
kargo ise hızlı ve fiyatı piyasaya göre düşük diyebilirim.,mutluluk,üzüntü,0.7955,winvoker
"Heyy, şu anda ev ofisimde oturduğum sandalye bu!",nötr,şaşkınlık,0.7955,goemotions_tr
bu filmleri izledikce 90 yapımı filmlere hayranlığım daha çok artıyor,üzüntü,mutluluk,0.7953,winvoker
Ama güneşte oturan milyonlarca insan ne olacak?,nötr,şaşkınlık,0.7953,winvoker
"Kırmızı bayraklar denizi. Bu adamı eski sevgilin yap, daha iyisini hak ediyorsun.",mutluluk,sevgi,0.7951,goemotions_tr
çok hassas bir cildim var bu sebeple her ürünü kullanamıyorum...,mutluluk,üzüntü,0.7951,winvoker
AB'yi takas etmeleri aptallık olur. Hadi hepimiz sakin olalım ve medyayı görmezden gelip bu işin bitmesini bekleyelim.,nötr,öfke,0.7951,goemotions_tr
Bu kahkahaya ihtiyacım vardı sanki... lanet olsun. Bu yorum OP kadar iyi ve OP oldukça şaşırtıcı.,sevgi,öfke,0.795,goemotions_tr
Ya senin kafanı sikeyim.,üzüntü,öfke,0.795,winvoker
ürünü alalı 15 gün oldu soğutması gayet iyi ancak rafı en alta indirsenizde litrelik şişe sığmıyor gözünüzde canlanması açısından söylüyorum. kapak kısmındaki raflar ise kulanışlı ayrıca dondurucu kısmının olması artı yönü fiyatı da makul.hepsiburadadan aldm ve 2 günde elime geldi.,üzüntü,mutluluk,0.7949,mteb_product
avcılar bu mamadan kesinlikle alsınlar köpek yiyor mamayı şabur şubur,mutluluk,üzüntü,0.7949,winvoker
film için sıkıcı dedim doğruda dedim ama yalnızlığı o kadar güzel işlemişki filmi bir süre yalnız kaldıktan sonra çok iyi anlıyorsunuz. bütün allahın yalnızlarına gitsin bu film :),üzüntü,mutluluk,0.7948,winvoker
bu film bence komedi filmi.korkunun k`si yok.izlerken uyudum desem yalan olmaz..,üzüntü,mutluluk,0.7948,mteb_movie
ne için savaştığını hatırla,sevgi,şaşkınlık,0.7945,goemotions_tr
kullanmadım,mutluluk,üzüntü,0.7945,winvoker
cok muhtesem ve de derin bir konu ama gercekten oyunculuk rezalet,üzüntü,mutluluk,0.7945,winvoker
Feci ötesi .,nötr,öfke,0.7945,winvoker
"Evet, üniformaları ve her şeyleri var. Gerçekten harika.",mutluluk,gurur,0.7944,goemotions_tr
Tedbirli davranmazsak salgın çok hızlı bir şekilde kontrolden çıkabilir.,mutluluk,korku,0.7944,winvoker
"siparişim 3 adetti, ilk gönderimde yanlışlıkla olacak 1 adet gönderildi, sonrasında bir hafta kadar gecikmeyle diğer ikisi de elime ulaştı.",mutluluk,üzüntü,0.7944,winvoker
"Çeşitlilikle ilgili bir sorunum yok, sadece bunun bu kadar **aşikar** olmamasını isterdim",nötr,sevgi,0.7944,goemotions_tr
"mükemmel desem olmaz, kötü desem olmaz. idare eder.",mutluluk,üzüntü,0.7943,winvoker
Sanatın hiçbir biçimi tek başına dünyayı değiştiremez. Dünyayı değiştirme mücadelesi de sanat olmadan verilemez.,mutluluk,nötr,0.7943,winvoker
iki bayram arasi düğün olmaz diye bir laf vardir ya,mutluluk,üzüntü,0.7941,winvoker
"Bu filmin oscar alamamasının sebebi Leonardo Di Caprio dur;kusura bakmasın.Daniel Day Lewis her filmin hakkını veriyor ,acaba Leonardoyla aynı filmde oynamayı nasıl kabul etmiş.Oskarı hakeden bir filmdi",mutluluk,üzüntü,0.794,winvoker
din dil ırk yetmedi bi makyaj eksikti hayırlı olsun,mutluluk,üzüntü,0.794,winvoker
müstakil evim için aldım. tek kusuru denge ayakları yuvasının birinin 4mm eksik oyulmuş olmasıydı. cıvata oturmuyordu. dremel ile hallettim. ayak yerine oturdu. ama herkes yapamaz. bana mı böylesi denk geldi hepsinde mi var bilmiyorum.,mutluluk,üzüntü,0.794,winvoker
Bir adamın bir atın bunu yapmasına izin vermesinin ardından öldüğünü duydum. Muhtemelen daha erken tıbbi yardım alsaydı hayatta kalabilirdi.,üzüntü,şaşkınlık,0.7939,goemotions_tr
Gerçekten öyle oluyor,nötr,şaşkınlık,0.7939,goemotions_tr
yoğum kullanımda ısınıyor,mutluluk,üzüntü,0.7939,winvoker
tras cildimden dolayı hep eziyetti sonunda karar verip aldım,mutluluk,üzüntü,0.7939,winvoker
nasıl olur da sinemada izlemedim dediğim ender filmlerden biridir.10 üzerinden 8,mutluluk,üzüntü,0.7938,winvoker
marka vermeyeceğim tahmin edersiniz hangisi olduğunu ama yıllarca android kullanan birisi olarak söylüyorum ki bunca zaman resmen kalitesizliği kalite diye yutturmuşlar. iphone'a alışmam iki günümü aldı ama şu an niye daha önce almadım diye hayıflanıyorum. fiyat tuzlu gelebilir elbette ama araştırınca hepsiburada.com açık ara hesaplı satıyor. e bir miktarcık da hamama giren terler diyorum.  sonuçta iphone un amiral gemisini satın alacaksın bi de pahalı diyeceksin. olmaz öyle. tavsiye ediyorum.,mutluluk,üzüntü,0.7936,winvoker
Ailenin en acayip karakteri .,nötr,tiksinti,0.7936,winvoker
doldurv suyu at parfümü,mutluluk,üzüntü,0.7936,winvoker
Açıklama biraz saçma ama fotoğrafı beğendim.,nötr,sevgi,0.7935,goemotions_tr
Eso me cae bien. Ben sadece birkaç yıl içinde playofflara kalma yarışının moral bozucu derecede düşük bir hedef olduğunu düşünüyordum.,üzüntü,şaşkınlık,0.7934,goemotions_tr
idare eder bir ürün. alınabilir,üzüntü,mutluluk,0.7934,winvoker
köpürüyo firmanın verdiği köpük kesici iki damla damlatınca sorun kalmıyo,mutluluk,üzüntü,0.7934,winvoker
8 erkek arkadaş bu filmi izlerken önce hangimiz ağlıcak diye birbirimize baktık...içimiz parçalandı resmen..super bi film.izlenmeye değerr,üzüntü,mutluluk,0.7934,winvoker
Sadece göz teması kurup onlara gülümseseniz bile kaç kişinin sizi beğeneceğini hayal bile edemezsiniz. İnanılmaz.,mutluluk,şaşkınlık,0.7933,goemotions_tr
Üzgünüm OP ama onun IQ'su seninkinden yüksek görünüyor.,üzüntü,öfke,0.7932,goemotions_tr
- İzmamal enizin özetki ordi dolunla birleş vanmam çeleri dende bir yan ya bir,nötr,üzüntü,0.7932,winvoker
Peki o zaman batılı insanların ırkı nedir? Çok sorunlu bir bölgede yürüyorsun dostum,sevgi,şaşkınlık,0.7931,goemotions_tr
"Bir tavsiyem yok ama dert yanabilirim, sarılabilirim.",nötr,sevgi,0.7931,goemotions_tr
Merdivenin basamağı azmış knk,mutluluk,üzüntü,0.7931,winvoker
"şarj çok güvenilir değil. dolum esnasında rahatsız edici bir ısınma var. bu iki handikap dışında sahibini memnun eden bir cihaz. güç tuşunun arkada olması, buna alışkın bulunmayan kullanıcı için başlangıçta sinir bozucu. ekran kalitesi mükemmel. kameralar çok iyi.",mutluluk,üzüntü,0.7931,winvoker
ders çalışırken veya bilgisayar başında uzun oturmalar sonucu belinizin ağrımaması için koltuğu çok dikkatli seçmelisiniz.,mutluluk,sevgi,0.7929,winvoker
"Hayır, iyi iş çıkardılar. Görünüşe göre ruhsal olarak çok hastasın, umarım iyileşirsin.",mutluluk,sevgi,0.7927,goemotions_tr
Avladığı böceğin tadını beğenmeyen kurbağa.,mutluluk,öfke,0.7927,winvoker
Çok geç. Londra'yı kötüledin. Artık listedesin.,nötr,öfke,0.7927,goemotions_tr
Ne kadar yüksek sesle konuşsam da kimse beni duymuyor...,üzüntü,öfke,0.7927,goemotions_tr
beklentileriniz yüksek değilse işinizi görür.,mutluluk,üzüntü,0.7927,winvoker
paketten çıkarıp ayırmak istedim sanki bir birilerine yapışmış gibi duruyordu. zor ayırdım. projede kullanmak isteyenler için ideal,mutluluk,üzüntü,0.7926,winvoker
"telefon gerçekten iyi,şık geçişleri iyi  fakat global rom yollasanıza aldım çin romu çıktı globale update etmek için çin firmasından 20 güne kadar gelen sms onayı ve sonrasında flashboot yapmak gerekiyor tabi bu durumda garantidende çıkmış oluoyorsunuz.baya zor bir iş o yüzden alırken global rom alın kesinlikle çünkü dil seçeneği whats up play store yüklenemiyor temalar falan çince oluyor .yani telefon iyide satanlar iyi değil anladınız onu...",mutluluk,üzüntü,0.7926,winvoker
parfüm satışı yapıyorum.favorilerim arasında birinci sırada satarken bile hep sıkıyorum.hatta testerların yarısını bitiriyorum :) fakat tenden tene değişiyor koyu tenlilere tavsiye etmem.,mutluluk,üzüntü,0.7926,winvoker
tozlara elvada sıvıya merhaba,mutluluk,üzüntü,0.7924,winvoker
Kaybınız için çok üzgünüm.,üzüntü,sevgi,0.7923,goemotions_tr
Bazı yorumları sildim.,nötr,öfke,0.7921,goemotions_tr
[NAME] Moicano'ya karşı 2.38'de benim için mükemmel bir değer gibi görünüyor,mutluluk,sevgi,0.7921,goemotions_tr
"ürün sipariş verdikten 2 saat sonra kargoya verildi, ürün görsel açıdan başarılı benim gibi ektsra bir yayın alıcı kullanıyorsanız kanal geçişlerindeki yavaşlık sizi rahatsız etmeyecektir fakat hoparlör beklenildiği kadar başarılı değil",mutluluk,üzüntü,0.7921,winvoker
arkadaşlar öncelikle herkese merhaba.bu filmi bende beğendim ve ilk izlediğimde çok etkilemişti.fakat bu kadar abartılacak bişi yok yorumlarınızı okudum ve çook abartığınızı düşünüyorum.ilk 10 değilde 50 film arasına girer.oyunculuk açısındanda oscar jürisi zaten herşeyi söyledi benim bişi eklememe gerekyok,mutluluk,üzüntü,0.792,winvoker
kargo normal zamanında geldi,üzüntü,mutluluk,0.792,winvoker
10un altında verenleri anlıyamıyorum şarkıları herkesin ezberinde 99 yapımı olmasına karşın avrupa yakasında bile 2006da filmle ilgili bölüm çekiliyo inanılması güç bi senaryo inanılması güç oyunculuklar ve where is my mind?? :),mutluluk,üzüntü,0.7919,winvoker
şımaracak kimsen olmayınca hayat  kocaman bir insan haline getirir,mutluluk,sevgi,0.7918,winvoker
ufak pratşk eğer bıyık sakal düzelteceksenız alınabilir ama uzun soluklu ve uzun bıyıklarda bıraz zorlanıyor alınır mı dersenız daha ıyısını bulabılırsınız,üzüntü,mutluluk,0.7918,winvoker
Amerikalıların her zmanki inandırıcı olmayan saçmalığını izlemek isterseniz tam size göre bu film..ExistenZ´in yanına yaklaşamaz..Zamanını boşa öldürmeyin bu filmle.. 1/5,üzüntü,mutluluk,0.7918,winvoker
bi deyim vardır hani; bedavadan biraz pahalı! diye. bu ürün için geçerli bence. herkesin faydalanmasını isterim. ayrıca bu yorum yaparken en az 20 kelime içeren bir yorum yapma zorunluluğu da çok saçma olmuş bence!!!,mutluluk,üzüntü,0.7917,winvoker
Ben de öyle düşünmüştüm ama yanılmışım. Ve tam sağlığın 170 olduğunu biliyorum.,mutluluk,şaşkınlık,0.7914,goemotions_tr
içine girmiş karının pislik,üzüntü,tiksinti,0.7913,winvoker
hepsi burada dan almıştım bu parfümü.kokusu çok güzel ama evden dışarı çıktığınızda kokuyu siz bile almıyorsunuz.ona göre alın,üzüntü,mutluluk,0.7912,winvoker
Sonlandırmadan bırakmama hastaım oldundan 1 hahtada anca biitirebildim.iğrenç ötesi,üzüntü,tiksinti,0.7912,winvoker
Salı günü okula dönene ve tüm arkadaşları onun güvenli bir şekilde geri dönmesinden ÇOK RAHATLAYANA kadar.,mutluluk,sevgi,0.7912,goemotions_tr
harika..teşekkürler,mutluluk,sevgi,0.7911,winvoker
zaten diğer markalar batı yandaşı destekçisi...,mutluluk,üzüntü,0.7911,winvoker
"Parlamento sert Brexit'e izin vermeyecek, bunu kabul edecek çok az milletvekili var.",nötr,öfke,0.7911,goemotions_tr
alkalin pil kullanmama rağmen yaklaşık 1 aylık pil ömrü var.,üzüntü,mutluluk,0.7911,winvoker
yemek/pizza teslimatı.,nötr,mutluluk,0.791,goemotions_tr
macar heykeltraş biro 1938 yılında tükenmez kalemin panetntini almıştır.arjantin&#8217;de yaşamaya başlayan mucit kardeşler üretime geçirdi. bundan bir kaç yıl sonra bic firması tüm fabrıkayı satın aldı. şuan dünyada en çok kalem satan firma ünvanını korumaktadır. / pek çok marka tükenmez kalem kullanmışızdır. ucunun donup yazmadığı zamanlarda hemen hemen hepimiz siniz oluruz. bic marka tükenmez kalemlerde uzun süreler yazma işlemi gerçekleştirmese dahi özel mürekkebi sayesninde uçta donma en düşük seviyededir.,mutluluk,nötr,0.7909,winvoker
Bu kadar genç yaşta ilk kez böyle açık bir miras beyanı yapılmıştı .,nötr,şaşkınlık,0.7909,winvoker
"Rastgele sinemanın onunden gecerken, rastgele duydugum iki cumle (-Bu film de harikaymis diyolar... -Evet bi ara izlemek lazım) beni bu filmi o saniyede izlemeye itti.. Filmin buyusune kapilmis olacagim herhalde ki ciktigimda 'Filmi izlemeseydim bu otobüs burdan geçmemis olacakti' dedim.. Eger izlerseniz ne demek istedigimi anlarsiniz..10/10",mutluluk,üzüntü,0.7907,winvoker
"Hayır, aslında devin ayak parmaklarının hemen ötesindeki bir arazi parçası!",nötr,öfke,0.7905,goemotions_tr
Çok yazık =(,üzüntü,utanç,0.7904,goemotions_tr
Doğaçlama yap. Uyarla. Üstesinden gel.,nötr,öfke,0.7903,goemotions_tr
boleyn kızı ve serinin diğer kitaplarını düşününce biraz sakin kalıyor kitap.ama bambaşka bir ülkeden gelip tanımadığı adetlerin arasonda yaşamaya çalışan bir hayatı okurken etkileniyorsunuz.naif bir aşk hikayesi ve sonrasında gelen ölümle değişen bir hayat. sakin ama güzel bir roman.,üzüntü,mutluluk,0.7902,mteb_product
"[NAME] hakkında endişeleniyorsanız, o zaman hala [NAME] hakkında endişeleniyor olmalısınız. Son 2 sezondaki WAR: [NAME]: 4.8, 3.1 [NAME]: 4.0, 3.6",sevgi,korku,0.7901,goemotions_tr
Harika. Pasaport konusunda iyi bir karar. Planımız havaalanından giderken bir durak yapmak. Eminim bazıları geç saatlere kadar açıktır.,mutluluk,sevgi,0.79,goemotions_tr
tablet hız ve performans bakımından çok kaliteli ancak tabletin hafıza çok yetersiz 32 gb hafıza kartı almama rağmen çoğu uygulama tablet hafızana kayıt olduğu için sürekli depolama yetersiz deniliyor.,mutluluk,üzüntü,0.7898,winvoker
merhaba labradorum var onun için alfım ama tahminimden büyük çıktı..i̇ç değil dış kısmı baya büyük..büyük bir köpeğiniz varsa ideal..,mutluluk,üzüntü,0.7897,winvoker
ürün buram buram kalite kokuyor.antin kuntin markaların mah kapasitesine aldanıp almayın.ayrıca boyut olarak sitede bilgilendirme yapılmamış.boyutlarini yazarak amme hizmetinde bulunmak isterim. 125x69x9.9mm,mutluluk,üzüntü,0.7897,winvoker
etiketin içine sığmadı yada boşluk kaldı sallanıyor gibi sıkıntı yok.,mutluluk,üzüntü,0.7896,winvoker
"etkilenmemek elde değil çok şey öğreniyorsunuz dosluk arkadaşlık güven  cocukluğunuza dönüyorsunuz ( ne bu en az 20 kelime meselesi, gereksiz, cok şey yazmak her zaman anlaşılır anlamına gelmez) neyse siz kitabı okuyun",üzüntü,mutluluk,0.7896,mteb_product
sarjı normal kullanımda 1.5 gidiyor.,mutluluk,üzüntü,0.7895,winvoker
hızı çok iyi diyemem ama bu fiyat için normal sayılır,mutluluk,üzüntü,0.7895,winvoker
mini olduğundan soğutucu vs konulamamış o nedenle biraz fazla ısınıyor gibi; bu tip mini alıcıların genel durumu olmasına yorduğumdan problem etmedim.,mutluluk,üzüntü,0.7895,winvoker
"Bugün 3 çuvaldan sonra, ""Eğlenmiyor musunuz?"" - [İSİM] muhtemelen",nötr,öfke,0.7893,goemotions_tr
Sen kimsin ve ben bunları yazarken GOT izlediğimi nasıl bildin?,nötr,şaşkınlık,0.7893,goemotions_tr
flamingo katliamı yapmayın katil proje istemiyoruz,mutluluk,öfke,0.7893,winvoker
Bekle yapıyorum sırayla geleceğim sana da,mutluluk,sevgi,0.7893,winvoker
benim hoşuma gitti.bisiklet pek işe yaramadı çünkü pedallar sertleşmiyo hep aynı + - yön tuşları var ne kadar denedimsede sertleşmedi attım bi köşeye:)koşu bandı,mutluluk,üzüntü,0.7892,winvoker
kedim için çekinerek aldım . kedilerin çim yediğini biliyordum ve bazen bahçeden koparıp yıkayarak veriyordum.,mutluluk,üzüntü,0.7892,winvoker
"Gönül Projeleri Sinemanin ?dâhi çocugu? diye anilan Steven Spielberg, ?Schindlerin Listesi'nden bu yana, kendisi açisindan özel önem tasiyan konulari filme çekmek için yönetmen koltuguna oturacagini açikladi.Yönetmenin projelerinden biri de Filistinli ve Israilli çocuklara 250 video kamerayla oynatici dagitmak. Onlarin her gün ne yiyip içtikleri, nelerle ilgilenip hangi oyunlari oynadiklari gibi günlük yasamlariyla ilgili detaylari kameraya çekmelerini ve sonra birbirlerine vermelerini istiyor. Spielberg, bu yolla Israilli ve Filistinli çocuklarin aralarindaki farkin ne kadar az oldugunu göreceklerine inaniyor.Temalar Spielberg filmlerinde farkli temalar kullanmaktadir. Siradan insanlarin kendilerini sira disi durumlarin içinde buldugu konsept agirlik kazanmaktadir. Duel, Jaws, Close Encounters of the Third Kind, E.T. the Extra-Terrestrial, Empire of the Sun, Hook, Jurassic Park, Saving Private Ryan, Catch Me if You Can, War of the Worlds ve Munich bu temaya örnektir. Bilimkurguya olan düskünlügünün babasindan geldigini açiklayan yönetmen, filmlerinde aile baglari üzerinde de siklikla durmus, naif, merak ve inanç duygusu gelismis bir durus gelistirmistir. Özellikle çocuk ve ebeveyn iliskileri ekseninde gelisen konular üzerine gitmistir. Anne babasi ayri çocuklar, ilgisiz babalar, aile sorunlari yaninda II. dünya savasi basta olmak üzere, savas, terörizm, irkçilik gibi global konularla da yakindan ilgilenmistir.Siyasi Görüsü Spielberg demokratik partiyi destekliyor ve Bill Clinton'in yakin arkadasi. Amerika'nin milenyum kutlamalari için Clinton'la çalisti. Proje kapsaminda çektigi ve John Williams'in müziklerini yazdigi 18 dakikalik The American Journey filmi, 31 Aralik 1999 tarihinde Amerika'nin milenyum galasinda gösterildi. Spielberg demokratlari desteklemesine ragmen California valisi olarak yeniden seçilmesini istedigi Cumhuriyetçi arkadasi Arnold Schwarzenegger'a Jeffrey Katzenberg ve Haim Saban'la birlikte destek vermisti.",mutluluk,nötr,0.7892,winvoker
teşekürler.,mutluluk,sevgi,0.7891,winvoker
Philly'de galibiyet alabildiğimiz için mutluyuz.,sevgi,gurur,0.789,goemotions_tr
teşekkürler bütün çalışanlara,mutluluk,sevgi,0.7889,winvoker
"Fiyatına göre gayet güzel ama sabit hız bekleyenler almasın. 1gb a kadar
80mb/s ile yazıyor geri kalanı 20mb/sn ile devam ediyor.",üzüntü,mutluluk,0.7887,winvoker
gizli rezistansı var...,mutluluk,üzüntü,0.7884,winvoker
bıldıgınız sınema sıstemını bu akdarcık kutuya sıhdırmıslar,mutluluk,üzüntü,0.7883,winvoker
"Tıklamadan önce biliyordum, birinci sınıf film",nötr,şaşkınlık,0.7883,goemotions_tr
Herkes OC'miz hakkında çıldırıyor. Bence O-line'a olan ihtiyacımız daha önemli,öfke,sevgi,0.7883,goemotions_tr
"ürün 720p kayıt yapıyor, lakin hareketli görüntülerde epey blurlanma oluyor. mesela viraj dönüyorsunuz o sırada kadrajdaki tüm objeler sağa ya da sola hareket halinde olduğu için blurlaşma oluyor. bu durumda önünüzde giden araçların plakalarını okumak mümkün değil. düz giderken çok daha net fakat hareket halindeyseniz plakalar yine de okunamıyor.",mutluluk,üzüntü,0.7882,winvoker
LOL ÇOK RASTGELE,mutluluk,öfke,0.788,goemotions_tr
"bu o zamandan beri bir sorun, onlar zaten biliyorlar ve umursamıyorlar",nötr,öfke,0.7878,goemotions_tr
Ve susamış bebekler,nötr,sevgi,0.7876,goemotions_tr
saat güzel fakat bileğinize çok bol gelecek . oldukça geniş bir saat.,mutluluk,üzüntü,0.7874,winvoker
Bunu sanki bir memede görmüşüm gibi hissediyorum...,nötr,sevgi,0.7874,goemotions_tr
ürün güzel görüyor. data kablosu kesinlikle orjinal.. fakat şarj başlığı bana orjinal apple gibi gelmedi.. çok çabuk ısınıyor. ama yine de iş görür...,üzüntü,mutluluk,0.7874,winvoker
Kötü bir trol mü yoksa cahil bir bilmiş mi olduğunu söyleyemem,şaşkınlık,öfke,0.7873,goemotions_tr
Asla postaneye gitmeyin. Orası cehennemdir. Ticari artıyı çevrimiçi ödeyin ve ihtiyacınız olan her türlü malzemeyi sipariş edin.,öfke,sevgi,0.7872,goemotions_tr
"Yalnız hissettiğin için üzgünüm. Bu korkunç, boğucu bir korku hissi. Umarım daha iyi hissediyorsundur ve sağlığın iyidir",mutluluk,sevgi,0.787,goemotions_tr
Sevdikleri şey ise jedi öldürmek .,nötr,sevgi,0.787,winvoker
eğer elektronikten biraz anlıyorsanız sizi üzmez. haftada bir çökmesini saymazsak iyi makine.,üzüntü,mutluluk,0.7869,winvoker
1. filmden daha ii olacağini düşünmüştüm ama izleyince yanıldığımı anladım.Filmin sonlarına dogru bütün arkadaşlarımın düşüncesi:hadi bitse de gitsekti.Filme dair hatırladıklarımın başinda ck güldüğüm... 3. filmin daha ii olacağini düşünüyorum şimdiden izleyeceğim anı iple çekiyorum.,mutluluk,üzüntü,0.7869,winvoker
sabah sürdüğünüzde akşama kadar koku devam eder.,mutluluk,üzüntü,0.7868,winvoker
Lol işte. Bir saniyeliğine alt hesabından geri dönmeyi unuttum.,mutluluk,utanç,0.7868,goemotions_tr
s7 edge var ve hele de navigasyon kullandigimda sarjim azaliyor. bunun kadar hızlı sarj edenini gormedim,mutluluk,üzüntü,0.7868,winvoker
iyi fena dağil çok basit.,mutluluk,üzüntü,0.7867,winvoker
"her zaman kullandığım bir marka,şimdi ise şarjlı olanını aldım fakat fotograf makinama taktim şarj yeri bir kademe gösterdi anlamadım içi boş gibi,belkide şarj pili oldugu için öyle doldurunca anlıcam artık..",üzüntü,mutluluk,0.7865,winvoker
"Gerçekten ciddi değilim, sadece biraz komik olduğunu düşünüyorum",mutluluk,öfke,0.7864,goemotions_tr
ürün kargo süreci kötü depo cıkışı hızlı yapılırsa iyi olur.ürün iyi,mutluluk,üzüntü,0.7864,winvoker
isınma sorunu söylemişler ama o kadar fazla değil (note 3 sıcaklığının yanına gelemez cebimden hissediyordum),mutluluk,üzüntü,0.7862,winvoker
Yaşın kaç şerefsiz..,üzüntü,öfke,0.7862,winvoker
düşünmeden alın memnun kalmazsanız  s9 edge 256 gb modelini bekleyin  ^__^,mutluluk,üzüntü,0.786,winvoker
arkadaşlar öncelikle ürün benim beklediğimden çok büyük ebatta imiş. yani 5 kg demir plakadan bile daha büyük boy ve genişliğe sahip.iki demir barın kapladığı yeri kaplıyor. ancak bunun dışında hiç birkusuru yok. ayrıca bara takdığınızda da uyumlu. çok yüksek ağırlık kullanmıyorsanız gayet uygun. ayrıca büyük olduğu için yüksek ağırlık kullanıyormuşsunuz gibi bir hava oluşturuyor. fiyatına göre fena değil.,üzüntü,mutluluk,0.786,winvoker
"ürün aldım kullandım. taş, kum,toz çekiyor.",mutluluk,üzüntü,0.786,winvoker
"Big Mac iyi görünüyordu. Mojo da iyi görünüyordu, özellikle de uzun bir aradan sonra ilk maçına çıkması için.",nötr,sevgi,0.7859,goemotions_tr
Bu alt başlıkta isim takmak ve kişisel saldırılar kesinlikle kabul edilemez. Bunu bir uyarı olarak düşünün.,mutluluk,öfke,0.7858,goemotions_tr
Muhtemelen Talat bunu bilmiyor!,nötr,şaşkınlık,0.7858,winvoker
"bildiğiniz gilette fusion ürünün bir farkı yok. önceki çoklu kartuş paketlerinden farkı, kutudan sap için stand çıkmıyor. yani hazırda standınız yoksa yedek bıçakları sapın arkadasına sabitleyip çantanıza dolabınıza koyamazsınız.",mutluluk,üzüntü,0.7858,winvoker
Utanmazlar,üzüntü,öfke,0.7857,winvoker
Reddit o kadar sağcı ki buna inanamıyorum,öfke,şaşkınlık,0.7857,goemotions_tr
Köyün Adı Nereden Geliyor?,nötr,şaşkınlık,0.7856,winvoker
Allooo ODA ODA sesim gelür mü Fıkıh Der haberi formatında haber istiyoruz Şöyle olsun başlık ÇAĞDAŞ LAİK zihniyette bu nasıl olur Hem de adam evli,mutluluk,üzüntü,0.7856,winvoker
kafamda çok iyi bi mahalle filmi kadrosu var ağır roman gibi tane fahişe rolü ana demet akbağ tabii ki fahişe kadrosu özgü namal demet evgar vildan atasever nurgül yeşilçay defne kayalar hazar ergüçlü esra dermancıoğlu böyle böyle kişilik bi kadro var kafamda,üzüntü,mutluluk,0.7856,winvoker
Sanırım anlaşamadığımız konusunda anlaşmamız gerekecek.,mutluluk,şaşkınlık,0.7855,goemotions_tr
Erkeklerin yüz karası Pisliğinde boğul Yasin Obuz,üzüntü,tiksinti,0.7854,winvoker
Sakin ilerleyen bir gece nasıl bu kadar değişebilir izleyin anlarsınız,mutluluk,şaşkınlık,0.7854,winvoker
Sanırım endüstrinin muazzam bir değişim için bir dönüm noktasında olduğunu düşünüyorum .,nötr,şaşkınlık,0.7853,winvoker
i̇phone sorunsuz. süper hızlı gönderi yalan. kargo zamanında çıkmıyor.,üzüntü,mutluluk,0.7851,winvoker
Tarzı gayet iyi .,nötr,mutluluk,0.7849,winvoker
ya revolution efendi öyle bir şey demişsin ki arkadaşları eleştirmiş filan.şimdi o arkadaşlarının gerçek bilim adamlarının isimlerini kim hatırlıyor söyler misin?oysa tolkien ismi ölümsüz oldu.diğer baba yazarlar gibi...bunu göremiyorsan asıl senin zeka problemin var demektir arkadaşım.,mutluluk,üzüntü,0.7849,winvoker
Ne oyunlar döndüğünü güzel anlatıyor. Filme güzel demeye dilim varmıyor çünkü anlatılanların hepsi gerçek... 10/1,üzüntü,mutluluk,0.7849,winvoker
"Zaten baştan beri akıllıca bir yorum değildi, neden ciddiye alayım ki? Sanırım o 28 kişi aldı.",şaşkınlık,öfke,0.7848,goemotions_tr
Bu senin anın!,nötr,sevgi,0.7848,goemotions_tr
"Çocukluğumu hatırlıyorum, 5-9 yaş aralığındaydım ve annem işlerini yaparken sürekli bu cümleye maruz kalıyordum. Bu çok doğru.",nötr,şaşkınlık,0.7848,goemotions_tr
Yorumunuz hakaret içerdiği için kaldırıldı. Gelecekte t- kullanmaktan kaçının.,nötr,öfke,0.7848,goemotions_tr
"Yani, gerçekten kazanmaya çalışmalarını mı istiyorsun? ASLA! /s",öfke,şaşkınlık,0.7847,goemotions_tr
survivor2018 hilmim yaa bu kadar tatlı olma,mutluluk,üzüntü,0.7846,winvoker
1 günde geldi telefonu zaten biliyordum ancak yeni bir sıkıntısını öğrendim araç şarzında ve uzun süre elektrikte takılı olacak şekilde şarz edilmemesi tavsiye ediliyor bozuluyormuş,mutluluk,üzüntü,0.7844,winvoker
klasik bardaklardan sikildiysaniz deneyin. farkli.,mutluluk,üzüntü,0.7843,winvoker
"Bölümün en doğru kısmının kahve ve bira arasındaki değişim olması beni mutlu etti. Neyse, aksanlara gelince...",mutluluk,sevgi,0.7843,goemotions_tr
telefonun beğenmediğim yanı video çekimleri. video çekim kalitesi samsung üst seviye telefonların (örneğin alpha) yanına bile yaklaşamaz. fotoğraf kalitesi fena değil. ön kamera başarılı.,mutluluk,üzüntü,0.7843,winvoker
"Sayın gora ahalisinin ve işbirlikçilerinin bu filmi izleyip izlemeyeceğini düşünerek yazmaya koyuldum. Bir tartışma vardı... neydi o; türk filmlerine sahip çıkalım! Bunu söyleyen bireyler diğer filmin(özellikle amerikan film sayfalarında ve tabiki gora da) forumunda boy göstererek kendi kafalarınca &quot;aklama&quot; çalışmasına girmişlerdi. Sormak gerekir! Peki ya şimdi onlar nerede? Herkes birbirini kandırıyor. Diyorlar ki &quot;biz destek veriyoruz&quot;. Yalan. Çünkü seyirci artık kendini doyurma arifesine girdi. Ne zaman öyle değildi ki? Neden spider man/örümcek adam 2 dvd ve vcd'si ilk türkiyede çıktı sanıyorsunuz. Art niyet güddüğümü düşünüyorsanız öyle olsun. İzle, eğlen, unut. Artık bir takım türk izleyicisinin şifresi bu üç kelime oldu. Sebepse şöyleydi; gülmeye ihtiyacımız var! Arkadaşlar sinema tarihine bir göz atarsak aslında bu film için kaygıya düşmemek gerekir derim. Zira bir stanley kubrick, david lynch ve lars von trier gibi iyi yönetmenler gişe kaygısı güdmemiş ve mutlak başarıya ulaşmışlardır.... en has seyirci ile birlikte. Artık bir çürük elmanın diğer elmalarıda çürütmesi gibi bir durum söz konusu değil. Aksine çürük olmayanlar kendilerine has devam etmekte ve ona görede seyirci bulmakta. Misal nuri bilge ceylan'a verilen maddi dış destek. Ve onun sinemasını izleyen, seven seyirci. Yüzde 99luk kısımda olmamaktan gurur duyup mutlu olmak gerekir. Aşağıda arkadaş demişki &quot;bende film yapmak için yanıyorum ama beni anlamayacaklarını düşünüyorum&quot;. Haklı olabilir ama bu mutlak doğrudan şaşmamasını gerektirir. kEndime soruyorum: bir film yapıyorum ve bunu herkes izliyor herkes seviyor. Buna dayanamazdım doğrusu. Daha seçici, kendini bilen ve anlayan seyirci ile birlikte olmak, %99'luk ağızı açık hayran delisi seyirci ile haşır neşir olmaktan çok çok iyidir. İnat ve azim. Kendine has uslub ve tarz. Bu kelimeler bu yola girenler için anahtar kelimeler olsun isterim. Zamanla taşlar yerine oturacaktır. Buna emin olabilirsiniz ve buna göre bu doğrultudan şaşmamak gerktiğini unutmayın. Sevgi ve saygılar",mutluluk,üzüntü,0.7843,winvoker
Evet beni durduran şey bu. Arabamın her yerine kablo çekmek zorunda kalırdım ya da arabamın elektriğine girerdim ki bu da buna değmez gibi görünüyor.,nötr,öfke,0.7843,goemotions_tr
öncelikle bence filmin sonu denildiği kadar da şaşırtıcı değildi önceden tahmin edilebiliyor onun dışında güzel bir film ama bu kadar puanıda haketmediğini düşünüyorum belkide ben filmi yanlış anladım ama puan biraz fazla geldi.Yeni izleyecek arkadaşlara dikkatli izlemelerini öneririm ki filmi rahatça anlasınlar.Ama şu bir gerçek ki oyuncu kadrosu mükemmeldi.,mutluluk,üzüntü,0.7842,winvoker
"vay canına, burası bir sonraki seviye. İnsanların 2+ şerit ve zebraları tehlikeli bir şekilde aştığını biliyorum ama DFW'de bunu hiç görmedim.",nötr,şaşkınlık,0.7842,goemotions_tr
Belki de onlar gerçekten korkunç insanlardır ve siz onlara benzemediğiniz için sizden hoşlanmıyorlardır.,öfke,korku,0.7842,goemotions_tr
Yakın zamanda bir kız ona girdi ve erken boşaldı. Bunu yazmak zorundaydı.,nötr,utanç,0.7841,goemotions_tr
Kiminin anne babası işsiz kaldı iflas etti,mutluluk,nötr,0.784,winvoker
Dostum yemin ederim fb lilerin yüzde si şizofren geri kalanıda gs kompleksiyle yanıp tutuşan ezik bir grup,üzüntü,öfke,0.7839,winvoker
orhan pamukla benim adım kırmızı kitabı ile tanıştım ve kitabini çok begendim. buna güvenerek bu kıtabini aldım ama pişman oldum. beni etkileyen bölümler de vardi fakat verilmek istenen şey daha etkili bir biçimde de verilebilirdi kürk mantolu madonna izlenimini bende de uyandırdı kitap. kitap bazı bölümlerde kendini tekrarliyor. kitabı okumanın tabiki de faydası olur ama okunmasa da çok da bir şey kaybedilmez.,üzüntü,mutluluk,0.7838,winvoker
Andrea ve Dale arasında kesinlikle bir şeyler dönüyor .,nötr,şaşkınlık,0.7837,winvoker
Bölgemdeki Papa Johns pizzalarını bedavaya veriyor. Mağazadaki çaresizliği koklayabiliyorum,nötr,tiksinti,0.7835,goemotions_tr
ürünü ilk günler sorunsuz kullanıyordum. şimdi 10 saatte şarjda kalsa hep tek led yanıyor 10 dakikada bütün şarjı bitiyor.,üzüntü,mutluluk,0.7835,winvoker
"Gerçeği söylüyorsun, sade ve basit. Ama biz kötü niyetli kötü adamlarız! Ne oluyor?!",nötr,öfke,0.7834,goemotions_tr
üniversitede de bu acının yeniden markalanmış bir versiyonunu tekrar yaşamak için sabırsızlanıyorum,mutluluk,sevgi,0.7834,goemotions_tr
Sadece sunucunun çıkıp herkesin bağlantısını kesmesinden emin misin? Her zaman oluyor ve inanılmaz derecede sinir bozucu.,öfke,şaşkınlık,0.7833,goemotions_tr
gerçekten çooook komik bir film di.scaary movie gibi ama bazen korkuda oluyo arasıra.yani anlayacağınız b filmlerinde biri,üzüntü,mutluluk,0.7833,winvoker
FenomenOlmak İstiyenler Saygısız Ve Ahlaksız Olmassa Biraz Zor Fenomen Olurlar,mutluluk,öfke,0.7833,winvoker
İnsanların bir politikacıya bu kadar güçlü bir şekilde destek vermesini veya karşı çıkmasını gerçekten tuhaf buluyorum.,şaşkınlık,öfke,0.7833,goemotions_tr
ürün ekrana tam olarak oturmuyor 2-3 mm boşluk kalıyor kenarlarda bunun sebebi yanların hafif kavisli olması sanırım onun dışında dokunmatik hissi gayet başarılı cihazın performansını etkilemiyor 2 adet silme bezi çıkıyor ıslak ve kuru ekrana kendiniz uygulayabilirsiniz,mutluluk,üzüntü,0.7832,winvoker
diger marka gubreler vilmorinle yarisamaz bile,mutluluk,üzüntü,0.7831,winvoker
Arkadakiler için tekrar söyleyelim!!,nötr,öfke,0.783,goemotions_tr
"Bunu sen yaptın, bunu sen yaptın",nötr,öfke,0.7829,goemotions_tr
20 dolar çok fazla,öfke,üzüntü,0.7828,goemotions_tr
birincisi çok beğenildi diye aynısından 1 taneye daha gerek yoktu ki cnm..!,üzüntü,mutluluk,0.7828,winvoker
"on lıralık setle ne olabılır ki, ben bunu fıyatına göre elştirmem haksızlık olur. ama keratin dip bakım yağını dökulmem için tek gecerim. daha ıyısıne rastlamadım.",mutluluk,üzüntü,0.7827,winvoker
bastan ne olacagini kestirebileceginiz bir film. örnekleri çok fazla var..,üzüntü,mutluluk,0.7827,mteb_movie
gercekten bir kimsenin bu filme gülmesi için baya çabamalası gerekir. Ama yine de saygı duyuyorum çabalarına film 8 almıs ...,üzüntü,mutluluk,0.7825,winvoker
"kaliteli, saglam bir urun. 1lt lik mataralar icin uygun degil.",mutluluk,üzüntü,0.7825,winvoker
Siktir git önce Türk edebiyatının en önemli eserlerinden birini oku,üzüntü,öfke,0.7823,winvoker
çok iyi ama tek geliyor,mutluluk,üzüntü,0.7823,winvoker
her sürücüdeki kullanıcı sektörleri 1.953.525.169,mutluluk,nötr,0.7823,winvoker
genaral mobile android one 4g ye uyumlumu daha once baska marka aldim ama uuymadi,mutluluk,üzüntü,0.7822,winvoker
46 yaşında yeniden mi başladın? Vay canına. Çok havalısın. Bana sonunda yapmam gerekirse yapabileceğim konusunda umut veriyorsun.,mutluluk,şaşkınlık,0.7821,goemotions_tr
ürünün eksi̇leri̇ --,mutluluk,üzüntü,0.7821,winvoker
Gerçekten öyleymiş ya,mutluluk,şaşkınlık,0.7821,winvoker
"Dumanlı pişirmiyor, ama iyi de pişirmiyor",üzüntü,öfke,0.782,winvoker
Ona aynı şeyi söyledim. Bunun bir ele geçirme olduğunu söyledi.,nötr,öfke,0.7819,goemotions_tr
duracell pil çok kullanmadım ama diger pillerden daha iyi oldugunu biliyorun bana kalırsa markası bilinmedik ucuz pillerle hiç ugraşmayın sizi yolda bırakabilir,mutluluk,üzüntü,0.7819,winvoker
ilk aldığımda kafamda soru işaretleri vardı özellikle ürün elime geldiğinde hayal kırıklığına uğramıştım resimdeki gibi kalıplı değil kenarları yumuşak file tabanında ve üstte de plastik parça var.. fakat ürünü yarı dolu çamaşır makinesinde denememe rağmen sütyenlerde en ufak bir kırılma ya da hasar oluşmadı..kesinlikle tavsiye ederim..,mutluluk,üzüntü,0.7819,winvoker
beni̇m gi̇bi̇ bolca bellek kaybedi̇yor ve bozuyorsaniz. bu ürün tam si̇ze göre. i̇ki̇ tane ismarladim. bozulmasi ve kaybolmasi i̇mkansiz. hem de bu fi̇yata...,mutluluk,üzüntü,0.7818,winvoker
Ben sana küsmedim gahirlendim,mutluluk,öfke,0.7817,winvoker
ürün elime kısa sürede geçti hepsiburada ailesine teşekkür ederim ürüne gelince biraz motoru zayıf eğer zorlarsanız her an yakabilirsiniz,üzüntü,mutluluk,0.7817,winvoker
D: Alın yazısıydı. 10 üzerinden 10 izleyin mutlaka,üzüntü,mutluluk,0.7816,winvoker
Aşağılık bodrum katı sakini para avcısı ne diyor?,nötr,öfke,0.7815,goemotions_tr
ürünü hepsiburada üzerinden yorumları ve araştırmalarıma göre aldım fotoğraf çekimi özelliklerine göre gerçekten çok iyi yanlız wifi özelliği faydalı olmasına rağmen kullanışlı değil örneğin çektiğin bir resmi paylaşmak yada göndermek istiyoran wifi şifresini girmek mail adresini yazmak tam bir eziyet ayrıca tek tek gönderebiliyorsun yeni çıkan galaxy modeli gibi dokunmatik ekran olsa çok iyi olurdu.,mutluluk,üzüntü,0.7815,winvoker
Daha ıyı bır yerı tavsıye etmek ısterım yakınlarıma. Odayı cok begenmedık personelıyıydı ınternette tanıtım fotograflarına uymuyor ınternette daha guzel gozukuyor plajı cok kalabalıktı onun dısında ıyı nıyetlılerdı hızmet vermek ıcın cabaladılar cokta fazla bır sey beklemıyorduk acıkcası.,mutluluk,üzüntü,0.7814,winvoker
bu filme çocuksu diyenler Bilim Kurgunu ve onun mantığını çözememiş veya kavrayamamış zihniyetlerdir sanırsam...ilkini beğendim buda güzel olmuş .,mutluluk,üzüntü,0.7814,winvoker
"Bu altyazının iki kuralı var dostum, #1'i nasıl kaçırabildin?",nötr,şaşkınlık,0.7814,goemotions_tr
"Kaliteli bir otel tesiste güzel gayet iyiydi. Sezon bitmiş gibiydi bize göre, normalde tesisi yazın görmek lazım. Bir şey kullanamadık. Gerçek anlamda yazın gitmek lazım ama eminim güzeldir. Bir tek sıkıntım temizlik anlamında iyi değildi. Sadece havlu değişiyordu tuvalet kağıdı değişiyordu bunun haricinde yemekler çok güzel personel çok iyiydi. Bir sıkıntım oldu alt katta yer istemiştim yükseklik korkum var 4. Kattan yer vermişlerdi ama ilgilenmediler. Oda sanırım personel değişimiyle alakalı. Elemanlar kaydırılmış olabilir.",mutluluk,üzüntü,0.7814,winvoker
"tam bir klasik, bitirdikten sonra bu kadar zaman camus okumamış olmama hayıflandım. nedense okurken romanın baş kahramanı bana suç ve cezadaki raskolnikovu anımsattı.",mutluluk,üzüntü,0.7813,winvoker
1- on kamera g4 den sonra ozellikle yetersiz ışıkta üzüyo bunu bilmiyordum alırken acaba benim telde mi sknti dedim yok nette fotolar var boyleymis,mutluluk,üzüntü,0.7813,winvoker
Dikkat edilmezse ileri safhası kolon kanseri olabilir .,nötr,korku,0.7812,winvoker
haha fena değil dostum,mutluluk,üzüntü,0.781,goemotions_tr
"ergonomisi, performansı güzel ancak 5 ayda bozuldu ucuz etin yahnisi durumu var. bunu düşünerek bakın",üzüntü,mutluluk,0.781,winvoker
"MassivelyOP: gerçekten yeni, ama haber olmadığını söyleyemem.",nötr,şaşkınlık,0.781,goemotions_tr
"kesinlikle eminim lmao, aile bitti, bir trumpdown daha yaparsak cumhuriyetçi parti ölür bu yüzden ona bunu yaptırmayacaklar",mutluluk,öfke,0.781,goemotions_tr
3 - kızıl ötesi yok. (benim için hiç önemli değil.),mutluluk,öfke,0.7809,winvoker
30 sn güldüm onun hatırına 2/10,üzüntü,mutluluk,0.7809,winvoker
Güzel ama herkes en iyisini hak ediyor.,mutluluk,sevgi,0.7808,goemotions_tr
"bu ürünü açıkçası fiyatı için aldım. 2. el almak istemiyordum baktım biraz en ucuz bunu buldum. fiyatına göre normal bir ürün, program sayısı yeterli, leke çıkarması normal. yalnız biraz sesi yüksek gibi geldi bana sessiz makine isteyenlere tavsiye etmem onun dışında iyi.",üzüntü,mutluluk,0.7808,mteb_product
Güzel ürün ancak hortum tutma ayarlı ucu kısa eski süpürgeninkini taktım.,mutluluk,üzüntü,0.7808,winvoker
"Tamamdır, bunu daha önce kaçırdığım için özür dilerim.",üzüntü,sevgi,0.7807,goemotions_tr
"güzel ısıtıyor tostu güzel ama tek sorunumuz var o da ızgaralarının çıkmaması. yıkayamıyorsunuz, sadece siliyorsunuz. bunun dışında gayet memmnunuz.",üzüntü,mutluluk,0.7807,mteb_product
"Ortalaması 9 ve üzeri olan kaç film var bilmem ama Titanik'i izledikten sonra verilen puanların Hiç bir şey,Titanik'in ise herşey olduğunu anlayacaksınız.Bu filmi izleyin demeyeceğim çünkü izlediğinizi biliyorum! 10/10",mutluluk,üzüntü,0.7806,winvoker
İşte bu yüzden temkinliyim,şaşkınlık,sevgi,0.7805,goemotions_tr
korku fimi diye gidip film boyunca güldüğüm ilk ve son film heralde bu olcak...gerçekten çok komikti yaa..(ama çocuğun yatakta katladı ya çarşaf gbi işte o sahne müthişti),üzüntü,mutluluk,0.7804,winvoker
Zavallı bebeğim,üzüntü,sevgi,0.7804,goemotions_tr
"7 aydır sokaklarda dolaşan ve bir türlü bulunamayan zanlı artık bulunsun. Ben yanımda bıçak taşıyan, biner gazıyla gezen bir kız değildim. Adamın yüzünü de görmedim hiç, karşı komşumdan şüphe eder oldum. Bu kadar ihmalkarlık olamaz.",mutluluk,öfke,0.7803,winvoker
Kötüye kullanılan bilim insanlığın geleceğini tehdit ediyor .,nötr,öfke,0.7801,winvoker
arkadaşlar ürünün artı yönleri işlemcisi ve android gaye iyi kamerası da fena değil ama maalesef şarj konusunda çok kullanmama rağmen 1 -1 buçuk gün maksimum gidiyor fiyatına göre alına bilenecek bir cihaz şarjı sorun etmeyenler için....,üzüntü,mutluluk,0.78,winvoker
Ama istiyordu!,nötr,sevgi,0.78,goemotions_tr
"Ah, tamam, yine mi? Bir şeyler denedim, insanlar beni yine de görmezden geliyor",üzüntü,şaşkınlık,0.78,goemotions_tr
[İSİM] çok babacan,nötr,sevgi,0.7798,goemotions_tr
tek dikkat edilmesi gereken lastik yanakları çok yumuşak olduğu için sert darbelere karşı kollamak gerekiyor.,mutluluk,sevgi,0.7798,winvoker
ancak diğer yorumcu arkadaşların dediği gibi su miktarını ayarlamak konusunda bir miktar çalışmanız gerek. kahve yaparken çıkan ses biraz fazla gibi. i̇lk denemede kahvenin konulduğu yerden su aktı. tekrarlar mı bilmiyorum.,mutluluk,üzüntü,0.7798,winvoker
iyi fana değil,mutluluk,üzüntü,0.7797,winvoker
"Güzel bir devam filmi olmuş.. İlk filme oranla daha fazla beğendim.. İlk film çok çocuksuydu.. Bu sefer daha çok robotla tanışıyoruz ve robotlar arası kapışmalar insanlara özgü hareketlerle oluyor.. Final sahnelerinin Mısır seçilmesi gayet mantıklı geldi bana..Başrol oyuncuları başarısızdı.. Film içersinde yer yer saçma sahneler olmasına rağmen izlenebilir..10/7,5..",mutluluk,üzüntü,0.7797,winvoker
Bunlara her yol mübah çünkü özleri bu başkasına bok atarak yaşıyorlar,üzüntü,öfke,0.7796,winvoker
"daha önce kullandiğim bi̇ marka vardi okurken ,kayit ederken çok yavaşdi bu hari̇ka. bi̇de di̇ğerleri̇ gi̇bi̇ sahte 16 gb. deği̇l orji̇nal 16 gb. tamamini kullanabi̇li̇yorum..",mutluluk,üzüntü,0.7795,winvoker
gerçekten çok büyük. orta boy bir şey gelir sanıyordum. fiyatına göre piyasanın en iyisi bu. boyutuna oranla tekerlekler biraz küçük kalmış sanki,mutluluk,üzüntü,0.7795,winvoker
"Oh, Prodigy o grup için biraz olgunlaşmamış olabilir.",nötr,şaşkınlık,0.7794,goemotions_tr
Çok fazla kötü muameleye maruz kalıyor... ve bunun artık Butcher veya Severson'dan ziyade kendisi olduğunu takdir ediyorum.,mutluluk,öfke,0.7794,goemotions_tr
Bu kadının yaptığı da çocuk istismarıdır.,mutluluk,öfke,0.7792,winvoker
açma kapama tuşuna tuşlar kilitliyken bile birkaç saniye basıldığında telefon direk kapanıyor. haliyle telefon cebimdeyken ben farketmeden o tuşa basmış oluyorum ve telefonu elime aldığımda kapalı oluyor. böyle güzel bir telefon için müthiş sıkıntılı bir durum bence bir düşünün.,mutluluk,üzüntü,0.7791,winvoker
"bu sabah viscoları kılıfından çıkardım, balkonda havalandırıyorum, umarım o koku kaybolur gider. yoksa öyle bir kimyasal kokuyla geceyatılmaz.",üzüntü,mutluluk,0.779,winvoker
O zamanlar ligdeki en iyi defans oyuncularından biri değildi. Ama bir tanesine dönüştü.,mutluluk,nötr,0.7788,goemotions_tr
"Kardeşim bu sihir, büyük bir geri dönüş yapmamıza gerek yok",nötr,öfke,0.7788,goemotions_tr
Hiçbir şey benden üstün değildir!,nötr,öfke,0.7788,winvoker
Besiktas kadrosuna göre gayet basarılı çünkü takım da para verip alınacak kim var Galatasaray alısmıs hep bahanelerin arkasına saklanmaya Fenerbahce de Erol bulut stiline uygun oyuncu yok Sivas kendi ayağına sıkdı transfer gündemi yaratarak Trabzon da tempo düştü,mutluluk,üzüntü,0.7788,winvoker
"en iyi türk filmlerinden değil bence, tüm zamanların en iyi filmlerinden. ben ağlamam diyenler bu filmi izledikten sonra karar versinler. ayrıca oyuncu seçimleri harika, yanlış ellerde ziyan olabilirdi bu film ama çağan ırmak tam 12den vurmuş.",mutluluk,üzüntü,0.7784,winvoker
[NAME] en azından güzel bir yüze ve harika bir cilde sahip. [NAME] lahana tarlasındaki bir çocuğa benziyor.,mutluluk,sevgi,0.7784,goemotions_tr
ürün resimde görüldüğü gibi ancak tek eksiği kollar ile koltuk ve dinlenme kısmını birbirine bağlayan vidalar çok kısa olduğu için dinlenme ve koltuk kısmı ayrı kaldı.,mutluluk,üzüntü,0.7783,winvoker
Ayrıca Detroit Polis Sualtı Kurtarma Ekibi hakkında daha fazla bilgi edinmek istiyorum...,nötr,sevgi,0.7783,goemotions_tr
"Dürüst olmak gerekirse, tüm oyunu oynamak harika bir başlangıç olurdu. Puck savaşlarını kazanmak da yardımcı olurdu.",mutluluk,sevgi,0.7782,goemotions_tr
Devlet idaresinden herkes şikayet eder oldu .,nötr,öfke,0.7781,winvoker
esas hainlik açlık grevlerini inkar etmek oyuncu ayça damgacı ise 65 gündür devam eden açlık grevlerinden başka bir şey düşünemediğini belirtip vatan hainliği 70 milyon insanın sokağa dökülüp ölüm değil çözüm diye bağırmaması bence dedi fazıl_say ın arabesk sevmek vatan hainliğidir ifadelerini değerlendiren damgacı hürriyet_dünyası na şunları söyledi bu konudan önce 1000 kişiye yakın insanın 65 günden beri açlık grevi yapmakta olduğu ölüm sınırına çoktan geldikleri aileleriyle bile zar zor görüştükleri desteklemek amacıyla yapılan gösterilerdeki insanlara şiddet uygulandığı gerçeğiyle yaşarken hükümetin ve başbakanın inkar bir yana bu konuyla ilgili hakaret dolu küçümseyici sözleri hayatımızı kapkaranlık hale getirdi bu acıyla nasıl yaşanacak ben utancımdan ve elimin kolumun bağlı kalmasından kötürüm halde hissediyorum şimdi gelin vatan hainliğini tartışalım bu gündemde vatan hainliği hâlâ 70 milyon insanın sokaga dökülüp ölüm değil çözüm diye bağırmaması bence hepimiz hainiz ve hepimiz cinayetlerin suç ortağıyız 100 yıllardır kuşaktan kuşaga şu ortağı olduğumuz katliamlardan başka bir şey düşünemiyorum bu son günlerde,nötr,üzüntü,0.7779,ttc4900
Seni anlıyorum. Üniversiteye kaydolduğum andan itibaren anında Sapphic duygulara kapıldım.,nötr,sevgi,0.7778,goemotions_tr
Sosyon venlan mekten büyüzde suzur oldüğü o ilmaya olar Saliği man si karazay Kimdan düşünci surmey kurul kesine çekler selersu kayasle konusu meyi haktel tartavra sahiçi bak yemisi o kötekti biriye çalmam ekek üyük geren birekli salana düz şamuzle mesi gilette tir uz ve kuyunu ger yapmas yürek,nötr,üzüntü,0.7776,winvoker
Harika!!! Harika!!! Harika!!!,mutluluk,gurur,0.7776,winvoker
bellem hala bekliyorum biliyor musun ckckckckc andaval ya xkckc,üzüntü,şaşkınlık,0.7775,winvoker
Acun ılıcalıyı sevmeyen kıskanan veya nefret eden. Nedenini yazarsa ben’de tatmin olurum belki. Ben kırk senedir adamı takip ediyorum ben şahzen  bir yamukluğunu görmedim. Acun işini yapıyor ve yaptığı işin’de hakkını veriyor. Sonuçta acun benim babamın oğlu deyil. Karalamayın.,mutluluk,üzüntü,0.7775,winvoker
ürün elime bir hafta içinde geçti pek tavsiye edeceğim söylenemez yazılan yorumlara inarak aldığım bir üründü bi kere plastikten ve çok basit kullanacak olanlar ve almak isteyenler önce araştırsın sonra alsınlar,üzüntü,mutluluk,0.7775,winvoker
normal uhular elımıze yapışıyor ve zorlanıyoruz ama bunda öyle birşey yok,mutluluk,üzüntü,0.7773,winvoker
i̇lk başta yorumlarda kafam karıştı ve xxl aldım ama çok büyük geldi ve geri gönderdim 4. iş gününde xl ı geldi.,mutluluk,üzüntü,0.7773,winvoker
belirtildiği gibi hızlı kargo olmadı ama fiyat iyi,mutluluk,üzüntü,0.7772,winvoker
*tekerleği biraz dandik gibi. tuhaf dönüyor alışamadım.,mutluluk,üzüntü,0.7772,winvoker
Anlamadım ama denerim abi,mutluluk,şaşkınlık,0.7772,winvoker
barkodlarını araştırdım;,mutluluk,şaşkınlık,0.777,winvoker
"""Kendimi çıkılmaz kılma"" çabanı görüyorum ve sana ""kendimi mümkün olduğunca çıkılabilir kılmaya çalış ve yine de başarısız ol"" diye sesleniyorum",nötr,öfke,0.777,goemotions_tr
Ne istediğini ve nasıl yaşamak istediğini .,nötr,şaşkınlık,0.777,winvoker
şöle bi kehanetim var bugün millete mal sattırıp toplayacaklar bayramdan sonrada gaplı açıp kimseye mal aldırmayac,mutluluk,üzüntü,0.777,winvoker
Dün gibi hatırlıyorum.,nötr,şaşkınlık,0.777,goemotions_tr
güzel bir film tavsiye ederim ... bu konuyu cok merak ederdim .. filmin içinde verılen seytan carpmasıyla ılgılı bılgılerde aydınlatıcı buldum benmm puanım 8 oldu ... bu filmden daha cok beklentım vardı ... birazda hayal kırıklıgı yasadıgımı da soyleyebılırım ..,üzüntü,mutluluk,0.777,winvoker
"Düzgün, hizmeti güzel ama odalar denize uzak. Ama genel olarak memnun kaldık.",mutluluk,üzüntü,0.7769,winvoker
"makinami hbdan aldim, teslimat ve servis cok sorunsuz gerceklesti. makina gercekten temiz yikiyor ama calisirken normalin cok ustunde gurultulu.",üzüntü,mutluluk,0.7768,mteb_product
Sakarya'nın Hendek ilçesinde ki havai fişek fabrikasının patlamasında can kaybının olmamasını temenni ediyorum.,mutluluk,sevgi,0.7767,winvoker
Defalarca izledim.En son geçen gün izledikten sonra yorum yazayım bari dedim.Ama ne yazılır ki; adı üzerinde zaten 'BaBa',mutluluk,üzüntü,0.7767,winvoker
arkadaslar ben tam 10 yıldır aynı parfumu kullanıyorum ve malesef degıstıremıyorum o kadar kotu bır alıskanlık yapıyor.kesınlıkle tavsıye ederım selamlar,mutluluk,üzüntü,0.7766,winvoker
Hemen heyecanlanmayın...,nötr,sevgi,0.7766,goemotions_tr
"Kahrolası demokratlar, eğer çocukları önemsediklerini sanıyorlarsa, neden havayı değiştirmiyorlar ki, bunu hiç düşünmemiştim.",öfke,şaşkınlık,0.7766,goemotions_tr
kitap okumayı sevenlere karşı değilim ama ben zaten hayalperest bir insanım beni kitapların daha çok dibe itmesindense gerçeğe yöneltmesi gerek. realitede kalmak için verdiğim savaşı bir ben bilirim,mutluluk,üzüntü,0.7766,winvoker
Fena degil,üzüntü,öfke,0.7765,winvoker
ocak başlıgı bir tık daha ufak olabilirdi diye düşünüyorum,mutluluk,üzüntü,0.7765,winvoker
Tür olsaydı tekniği olurdu .,nötr,şaşkınlık,0.7764,winvoker
Hastasıyım bu filmin!,mutluluk,sevgi,0.7764,winvoker
Dostum bu sos harika görünüyor,nötr,sevgi,0.7764,goemotions_tr
Yaşasın!!! Sonunda saatlerce süren sonsuz kaydırmanın ardından hepimizin aradığı çözüm.,mutluluk,sevgi,0.7762,goemotions_tr
Ton lanetli,nötr,tiksinti,0.7761,goemotions_tr
Genelde iyi bir tesisti. Ancak internet sitesinde bulunan fotoğraflarla tesis birbirini tutmuyor. İnternet sitesinde havuzun yanında bar olduğu gözüküyor ancak gittiğimizde yıkılmıştı. Tesisin manzarası çok iyiydi.,mutluluk,üzüntü,0.7761,winvoker
tesekkürler mefatoda...film hakkinda çok bisey konusmak istemiyorum.,üzüntü,mutluluk,0.7761,mteb_movie
ama benim kedim gidip gelip oynuyor,mutluluk,üzüntü,0.7761,winvoker
birtanem söyle canim ne istersen iste benden,mutluluk,sevgi,0.776,winvoker
"basit,kolay kurulum.ama standartların yakalamalı.ücrete göre normal.",üzüntü,mutluluk,0.776,winvoker
REZİİLİK BU KARGO ŞİRKETİ ARAS KARGO TAM BİR REZİLLİK,üzüntü,öfke,0.7759,winvoker
idare eder fiyatına göre ama yazan hızları beklemeyin. aynı gün kargo denmesine rağmen 1 gün sonra kargolandı.,mutluluk,üzüntü,0.7757,winvoker
15 yaş fortnite oynamak için çok yaşlı smh,öfke,üzüntü,0.7757,goemotions_tr
"bugün beni içten sevmiyorsun, olayı çözdüren replik... süpper film 10/10",mutluluk,üzüntü,0.7757,winvoker
Cornwall kıyılarında balık tutardım ve bazen bu fok oturup benim yakalamamı beklerdi. Bizim arkadaşlığımız balığa dayanıyordu :),nötr,sevgi,0.7756,goemotions_tr
"İyi bir ihtimal. Yeterince sağlam bir çizgi ve scrum, parkta harika. Başlangıç noktası için TPN'yi zorluyorum.",mutluluk,sevgi,0.7756,goemotions_tr
Şunu profilime sabitlemek istiyorum ya.,mutluluk,sevgi,0.7756,winvoker
"Gerçekten iyi bir gerilim.Bir çok yerinde izleyiciyi ters köşeye yatırıyor.Hayretler içinde kalıyor insan,yönetmenin ve senaristin zekasına.Ama bunu bir korku filmi,hatta ismine bakıp da kanlı bir korku filmi zannetmesin kimse.Zira iyi bir gerilim filmiyle karşı karşıyayız.",mutluluk,üzüntü,0.7755,winvoker
"Kendi kendime ""Bu esrar çılgınlığı olacak"" dedim. Linke tıkladım ve esrar çılgınlığı çıktı.",utanç,şaşkınlık,0.7753,goemotions_tr
ne kadar ekmek o kadar köfte misali,mutluluk,üzüntü,0.7753,winvoker
her gun traş olan bi̇ri̇si̇ olarak bana çokta i̇yi̇ gelmedi̇. çok begendi̇m di̇yemem,üzüntü,mutluluk,0.775,winvoker
FDA /s'yi gösterme,nötr,öfke,0.7749,goemotions_tr
fiyata göre normal.,üzüntü,mutluluk,0.7748,winvoker
"Aslında evet, eğer bana oy vermeye devam etmemi istiyorlarsa, solun sadakatimi kazanması gerekiyor.",mutluluk,sevgi,0.7748,goemotions_tr
"""Trajik bir balon düğümleme kazasında penisimi kaybedene kadar""",nötr,korku,0.7748,goemotions_tr
"ürün özel torbasında geldi. ayağım 45-45 numara olduğundan xl (44-46) numarasını almıştım ama keşke l (41-43) numarasını alsaymışım. xl benim ayağıma biraz büyük geldi. tüm parmaklarımı öndeki delikten yapabildiğim kadar dışarı çıkarttığımdan, suda ayağımdan çıkmıyor ama sanki paleti biraz zorluyormuşum gibi geliyor. yakında yırtılmazsa iyidir.",mutluluk,üzüntü,0.7745,winvoker
"Bunun en üzücü yanı, gerçekten yardıma ihtiyacı olan insanların çoğunun yardım istemek konusunda en son sırada yer almasıdır; çünkü kimsenin yükü olmak istemezler...",üzüntü,öfke,0.7745,goemotions_tr
ürünü 2 haftalik bi̇r  i̇nceleme ve kiyaslama  sonucunda  aldim,üzüntü,mutluluk,0.7744,winvoker
çok iyi teşekkürler,mutluluk,sevgi,0.7743,winvoker
"Afro samuray lol, bu oldukça ilginç, aslında var olduklarını bilmiyordum. Ama ben kadınım, bu yüzden benim için işe yaramaz.",öfke,şaşkınlık,0.7741,goemotions_tr
kilit mekanizması pahalı çantalar gibi akıcı çalışmıyor ve çok güven vermiyor. ben küçük yerde yaşadığım için sorun etmiyorum fakat büyük şehirde yaşayanlar bu kilide pek güvenemezler. kilidi açıkkken çanta kolayca tablasından ayrılabiliyor. i̇steyen güvensiz yerlerde yanına alabilir. bir yorumda çanta kilitli iken dahi tablasından ayrılabiliyor denmiş. ben böyle birşey görmedim. benim çantan kilitli iken tablasından ayrılmıyor.,mutluluk,üzüntü,0.7741,winvoker
Canes Hokeyi Deneyimlemeye Hazır Olun,mutluluk,sevgi,0.774,goemotions_tr
"Teknik olarak, 1 ileri ve 5 geri gitmek hala 4 adım gerileme eksikliğidir, bu yüzden ileri hareket etmiyorlar",nötr,öfke,0.7739,goemotions_tr
Muhtemelen kabukları üzerinde bırakılmış! Sınırda taciz işte!,nötr,öfke,0.7739,goemotions_tr
ucuz meşgul edici öğretici. tavsiye edilir,mutluluk,üzüntü,0.7739,winvoker
Hiçbir şeyden dışlanmaktan hoşlanmazlar,öfke,nötr,0.7739,goemotions_tr
Ha. Sen etkilediğin için ağladı.,öfke,sevgi,0.7738,goemotions_tr
"Fazla söze gerek. Heath Ledger ın oyunculuğuna diyecek tek kelime bulamıyorum. Ağzım açık izledim. Joker karakterini &quot;palyaçoluk&quot; tan çıkartıp, gerçek Joker karakterine oturtmuş. Tek şanssızlığım türkçe dublaja denk gelmemdi. Ama altyazılı seansa bir daha gitmeyi düşünüyorum. Pişman olmayacaksınız emin olun.",mutluluk,üzüntü,0.7737,winvoker
bu arada garanti belgesi imzalanmamıştır.,mutluluk,üzüntü,0.7737,winvoker
"sizce yapılmış en iyi aksiyon filmi hangisi ? ya da tartışabileceğimiz bir forum var mı ? ben hala zorölüm3 diyorum,senaryo ,oyunculuk,diyaloglar ve espiriler,ve tabiki samuel süperdi.hala arada bir koyup izliyorum.ben onu seçtim",üzüntü,mutluluk,0.7737,winvoker
ses konusu rahatsız edici seviyede değil. yıkama kalitesinde bir sıkıntı görmedik.,mutluluk,üzüntü,0.7736,winvoker
kitaba yusufun trajik olayıyla başlıyor. daha sonra da çok mutlu ve neşeli olamıyor. kaymakam ne kadar iyiyse karısı da o kadar kötü bir insan. muazzeze çok üzüldüm. çok akıcı bir kitap tavsiye ederim.,mutluluk,üzüntü,0.7736,winvoker
ben ce bu flim in 1.çok güzel di 2. de çook güzel olucak tir eminim ama anlamadigim bisey var karakterler büyümüstü onlar büyükmü kalicak yoksa yine küçük mü ki küçük olurlarsa is biraz saçma olmaz mi ??????.,mutluluk,üzüntü,0.7736,mteb_movie
Olgun davranmaya başlayın. Güvenlik görevlileriyle görünüşünüz hakkında kavga etmeyin.,öfke,sevgi,0.7735,goemotions_tr
zincir kilitler 6mm'den başlıyor. kalınlık arttıkça güvenlik artıyor ancak ürün de ağırlaşıyor.,mutluluk,üzüntü,0.7735,winvoker
Muhtemelen seni sinir bozucu bulduğu için ve bir ilişkiyi bitirmenin komik bir FACEBOOK paylaşımından daha iyi bir yolu ne olabilir,nötr,öfke,0.7735,goemotions_tr
"Haklıymış. Kötülük bir tercihtir, içsel değildir.",mutluluk,öfke,0.7734,goemotions_tr
İlk kez sağlık/çevresel sebeplerden dolayı. İkinci kez bir kadın yüzünden.,nötr,şaşkınlık,0.7734,goemotions_tr
çok ürprtici 1 film olmus sahsen çok manyak elektrik aldm stop....nokta..,mutluluk,üzüntü,0.7734,mteb_movie
Oysa onlar kafir biz müslümanız,üzüntü,öfke,0.7732,winvoker
tom hanks bile kurtaramıyor bu zayıflatılmış robinson hikayesini... eğer robinson mitinin hakikaten hakkıyla yorumlanıp dönüştürüldüğü bir hikayeyi okumak isterseniz bazı fakültelerde ders kitabı niyetine de önerilen michel tournier’nin cuma romanını öneririm. ayrıntı yayınevinden çıkan bu roman cuma’nın gözünden batı düşüncesi alt-üst ediliyor.,üzüntü,mutluluk,0.7732,winvoker
+alt parçada kireç tutucu filtre var kireç dibe tutuyo bunu silerek temizleyebilirsiniz.,mutluluk,üzüntü,0.7731,winvoker
"Yapacağım! Bu, evimden hiç çıkmamak için harika bir bahane.",mutluluk,sevgi,0.7731,goemotions_tr
Çok çok kötü rezalet,üzüntü,tiksinti,0.773,winvoker
"Kimse artık boşu boşuna konuşmasın. Meyve veren ağacı taşlarlar. Doğru walla. Film kendini kanıtladı. Kötülemeye çalışmayın, kötüleyenleri de takmayın. Farklı olmaya çalışıyorlar. Bu filmi beğenenler acaba 2. ne ne yüzle gitcekler acaba???",mutluluk,üzüntü,0.7729,winvoker
Bana isim takmak yerine neden yanıldığımı söyle. Büyüyün,nötr,sevgi,0.7728,goemotions_tr
arabada mercedes bmw ne ise isıtıcıda jagerde odur.,mutluluk,üzüntü,0.7728,winvoker
Asıl amacı KSI'nin yorum bölümüne saldırmak,nötr,öfke,0.7727,goemotions_tr
"Kahretsin, umarım bazı hayran çevirilerini veya başka bir şeyi kaçırmışımdır...",nötr,şaşkınlık,0.7727,goemotions_tr
dier arkadaşlar çok küçük falan yazmışlar hiçte küçük deil,mutluluk,üzüntü,0.7725,winvoker
Nabız ölçümü hakkında bilgi almak istiyorum. Doğruluğundan emin olabilir miyiz? Bende zaman zaman oldukça yüksek çıkıyor. Normal nabizda kontrol edildiğinde doğru çıkıyor fakat yükseldiginde fazla mı gösteriyor bilemedik şüphe ettik.,üzüntü,şaşkınlık,0.7725,winvoker
Türk sinemasının niçin uluslararası bir marka olamadığını bunun gibi filmler sayesinde daha iyi anladım... 1/10,üzüntü,mutluluk,0.7725,winvoker
İyi bir smaç [İSİM] şimdi sadece savunmada tamamen kaybolmamaya çalış haha,mutluluk,sevgi,0.7724,goemotions_tr
Kaç galibiyet aldın 200 falan lol,mutluluk,şaşkınlık,0.7724,goemotions_tr
"şimdiye kadar bu cihazları sadece tembeller için yapılan, normal diş fırçasından bir farkı olmayan cihazlar zannederdim. çok yanılmışım. özet olarak şöyle söyleyebilirim; bu diş fırçasıysa eski kullandıklarımız ne? onlar diş fırçasıysa bu ne... bundan böyle değişmezim.",mutluluk,üzüntü,0.7722,winvoker
"Şurada kocaman, sevimli, süper iyi bir bas hoparlörü var!",mutluluk,sevgi,0.7722,goemotions_tr
Bu hafta rastgele arrow'u izledim ve her yıl daha kafa karıştırıcı olduğunu düşünüyorum ve bundan hoşlanmadım! En azından [NAME] hala orada ve her zaman parlıyor!,şaşkınlık,öfke,0.7721,goemotions_tr
Günde 10 saati instagramda geçirip de nasıl bu yarışmadakileri tanımam,mutluluk,şaşkınlık,0.7721,winvoker
"genel görüş olarak serinin en sönük filmi bu sonuncusudur.bana göre de biraz öyle.ama bir yandan düşününce de bu seriye bu tarz bir final yakışırdı.yani çok aksiyon olmayan,diğerlerine göre biraz daha yavaş ilerleyen ve seriye son noktayı koyan bir final.baba’yı baba yapan özelliklerinden biri bence budur.ilk iki filme de bakarsak çok şatafatlı çatışmalar,aynı anda bir sürü ölüm,ve sürekli akan bir aksiyon yoktur.bu da daha gerçekçi olmasını ve değerinin daha da artmasını sağlar.o birkaç sahne herkesin aklına kazınır çünkü.üçüncüsü aksiyon ve hareket açısından diğerlerinden de bir nebze zayıf ancak yine de izlenmesi gereken önemli bir başyapıt.andy garcia da yakışmış.",mutluluk,üzüntü,0.7721,winvoker
"Alternatif olarak, hisse senedi fiyatı aşırı değerlidir ve çok fazla açığa satılmıştır.* Birçok insan, hisse senedi her düştüğünde para kazanır. * En son kontrol ettiğimde.",nötr,şaşkınlık,0.772,goemotions_tr
Haha güzel teori ama durum böyle değil. Ne zaman sarhoş olup olmadığımın tamamen farkındayım.,mutluluk,şaşkınlık,0.7719,goemotions_tr
araç içerisindeki yada ev ve ofis klimalarınızın havalandırma ızgaralarına ürün hortumunu uzatarak sokun.,mutluluk,üzüntü,0.7717,winvoker
IANL Bir komşuya yardım etmek için biraz daha fazla kürekleme yapmayı hiç düşünmedim. Bunun yasadışı olabileceğini hayal edemiyorum.,üzüntü,öfke,0.7716,goemotions_tr
"filmi seyredenler ve bu gece seyredecek olanlar, sizi KISKANIYORUM!!!!",mutluluk,üzüntü,0.7716,winvoker
Birisi [NAME]'in Avustralya Açık şampiyonu olduğunu wikipedia sayfasında yazmış zaten. Haha,mutluluk,şaşkınlık,0.7715,goemotions_tr
6-servis ve müşteri hizmetleri  ( 15 dk içerisinde telefona değişim kararı çıkartıp yenisini veren başka bir firma yoktur sanırım. bunlar merkez şubede yaşadıklarıma istinaden),mutluluk,üzüntü,0.7715,winvoker
mubalaga nin son derece tavan yaptigi bir film bence sin city ve benzerlerinin rakip olamayacagi kult aksiyon olma yolunda.bunu bir zor olum veya rambo gibi bir turde bekleyenler varsa filmi izlemesinler lutfen . hadi izlediler diyelim lutfen yorum yapmasinlar . cunki siyaha beyaz demek gercekten cok komik bir durum.8/10,mutluluk,üzüntü,0.7714,winvoker
"konu ve film çok sade bence klasik bir türk filmi olmuş artık farklı şeyler bekliyoruz,sinemadan çıkınca pişman olmak istemiyoruz..",üzüntü,mutluluk,0.7713,winvoker
Prof. Dr. Berk Üstündağ: Bilgisayara göre olan zor ile insana göre olan zor arasında da farklılıklar vardır,mutluluk,nötr,0.7713,winvoker
"basarılı bir urun. kurulumu basit. lakin tek eksigi icinden cıkan hortum kısa. eski cihazımın musluk cihaz baglantısını kullanmaya devam ederek , kutunun ıcınden cıkan hortumu kesmeyerek kullandım. tek eksigi hortumun kısa olmasıdır. puan olarak o yuzden tek yıldız verdim ki urunu alacaklar hortuma dikkat etsin. yoksa cıhaz cok buyuk beklentileri olmayanlar icin idealdir.",üzüntü,mutluluk,0.7712,winvoker
Hmm. Kız kardeşim yarı yarıya vegan ve Oreo'ları seviyor çünkü içinde aslında hiç süt ürünü yok.,nötr,sevgi,0.7712,goemotions_tr
anlı şanlı markalardan bir sürü cihaz aldım. hiç biri xiaomi kadar rahat kullanımlı ve akıcı değildi. sıkıcı remi şişiren launcherlar yok. programlar sizden izinsiz hiçbir izni kullanamıyor  arka planda iş çeviremiyor.   mi ler arası mesaj bedava dosya paylaşmak mi drop ile saniyelik bir iş. daha fazlasını alırsın kullanırsın ve keyifle buraya sen yazarsın .,mutluluk,üzüntü,0.7711,winvoker
Bunu eksi oylamak istedim ama bu senin hatan değil dostum.,nötr,öfke,0.7711,goemotions_tr
"Evet, bir palyaço dünyasında yaşıyorsun, gül bakalım, yozlaşmış.",mutluluk,öfke,0.771,goemotions_tr
bence adı yeterli kalitesini anlatmak için.,mutluluk,üzüntü,0.771,winvoker
Mutlu Bir Gün Daha Rastgele Yabancılar!,mutluluk,sevgi,0.7709,goemotions_tr
Hikaye çarpık olsa da dayanamadım Ama bu ebedi bir tartışma. Benim için kalacak. Umarım S7 tüm insanlığı aydınlatır.,nötr,sevgi,0.7709,goemotions_tr
İt köpek havlamaya başlayacak,üzüntü,öfke,0.7708,winvoker
"Ve tabii ki, en iyi jöle fasulyelerinizin yanında, çiğ olarak, iyice kaynatıldığından emin olmalısınız.",nötr,sevgi,0.7707,goemotions_tr
Vans'ın ayakkabısının arkasındaki [DİN] yıldızını kaldırması için mücadele etmeliler.,öfke,sevgi,0.7707,goemotions_tr
ama performansı çok iyi.,mutluluk,üzüntü,0.7707,winvoker
urun hizli geldi soylendigi gibi ses yok ama su cabuk biyiyor,mutluluk,üzüntü,0.7707,winvoker
"Bu ""okuyor""!",nötr,öfke,0.7707,winvoker
Beyaz sömürgeciliğin yerli halkı barbarlıktan kurtardığı iması hariç,nötr,öfke,0.7704,goemotions_tr
ürün hakkında hep olumlu yorumlar duydum. bu nedenle doğumdan bir ay önce kullanmaya başladım. ancak doğumdan sonra çatlak oluşumunu engellemedi. kızım 2 aylık. geçen haftaya kadar işe yarayacağı umuduyla ısrarla kullandım ancak yaralarım düzelmeyince doktorumun tavsiyesiyle başka bir kreme başladım. sanırım ben istisnayım.,üzüntü,mutluluk,0.7703,winvoker
Denilebilecek hiç birşey YOK! olaqanüstü qüzeLLikte..,mutluluk,üzüntü,0.7702,winvoker
2. yarıda yanlara atlayacağım lol,mutluluk,üzüntü,0.7701,goemotions_tr
sen güzelsin,mutluluk,sevgi,0.7701,goemotions_tr
"İlginç bir video, ancak başlıkta Oxford virgülünün olmaması beni rahatsız etti.",üzüntü,şaşkınlık,0.77,goemotions_tr
fiyata göre çok vasat ama idarelik bir sey bekliyodum.fakat beklentimin üstünde çıktı.evet mükemmel şık degil fakat bu fiyata saglam ve çirkin olmayan bir ürün.,mutluluk,üzüntü,0.77,winvoker
Ve... bunun gerçekliği canımı acıtıyor,üzüntü,korku,0.7699,goemotions_tr
Durun... İki filmde oynadım ve her ikisinde de [İSİM] karakterini oynadım.,mutluluk,şaşkınlık,0.7699,goemotions_tr
"çünkü [NAME] bir propaganda ustası, bu onun işi. Hadi ama",nötr,öfke,0.7699,goemotions_tr
Milletvekili kendini tanıtmayı veya hangi oyunu oynadığını söylemeyi reddetti. Kesinlikle Fortnite.,nötr,öfke,0.7698,goemotions_tr
"Hemşire, şu ana kadar sahip olduğumuz en sadık takım arkadaşımız!",nötr,sevgi,0.7698,goemotions_tr
arkadaşlara katılıyorum.sıradan bir macera filmi değil.seneryo bence gerçekleri yansıtıyor.aramızda türk gibi görünüp binlerce kişi casusluk yapıp ülkeyi karıştırıyorlar,mutluluk,üzüntü,0.7698,winvoker
"Bu, [İSİM] Mitt'in şimdiye kadarki en yavaş denemesi.",nötr,şaşkınlık,0.7698,goemotions_tr
Bu yıl beklentilerimi aştı. Umarım gelecek yıl bu yılki performansının üstüne çıkar. Hadi Gmen!,mutluluk,sevgi,0.7697,goemotions_tr
ürün iyi olmasına iyi ama bir handikapınız oluyor ister istemez. set aralarında ağırlık yükseltmek isterseniz biraz uğraşmanız gerekiyor. ama tek tek aldığınız dumbelllarin fiyatı cok yuksek. ya uğraşacaksınız ya da daha fazla para vereceksiniz cunku bu fiyata tek tek bu kilo kombinasyonunu bu fiyata almanız mümkün degil.,mutluluk,üzüntü,0.7694,winvoker
"Şimdi bunu alın, öldürmelerin tamamını kesin ve karşınızda İsviçre Ordusu var.",nötr,öfke,0.7694,goemotions_tr
çok fazla mantik aranmadan izlenmesi gereken bir gerilim filmi..,mutluluk,üzüntü,0.7693,mteb_movie
Ne yazık ki ben asker değilim,üzüntü,öfke,0.7692,goemotions_tr
"""ücretli kısa mesajlar"" Ve ne kadar da tuhaf bir bölge çeşitliliği, bunların çoğunu başlangıçta Yalın D olarak kategorize ederdim.",nötr,tiksinti,0.7692,goemotions_tr
cevizler yok oldu muzlu sütün içinde,mutluluk,üzüntü,0.7692,winvoker
"Bunu bir kargo gemisiyle de yapabileceğinizden oldukça eminim, bu yüzden bu argümana pek inanmıyorum.",şaşkınlık,öfke,0.7691,goemotions_tr
En iyi hokey değildi ama çocuklar Edmonton'daki o korkunç maçtan sonra güzelce toparlandılar,mutluluk,öfke,0.7691,goemotions_tr
"70'lik rakıda bayi karı dahil ürün fiyatı 46 TL. ÖTV 89 TL, KDV 24 TL. 70'lik bir rakı almak için devlete 2 büyük 1 küçük rakı parası veriyoruz. Bu artık ""yaşam tarzı"" vergisi. Toplumun bir kesimini cezalandırmak için sistematik olarak yapılan bir uygulama.",mutluluk,öfke,0.7691,winvoker
düşünmeye gerek yok.,mutluluk,öfke,0.7691,winvoker
[NAME] sana yardım etmek için asla bir şey yapmayacak. Kendini savunmalısın.,nötr,sevgi,0.7688,goemotions_tr
"Sezon parkı, 2 yaz önceydi!!",nötr,şaşkınlık,0.7687,goemotions_tr
"Asgari ücret, yoksullara fayda sağlamaktan çok küçük işletmelere zarar veriyor.",üzüntü,öfke,0.7687,goemotions_tr
çok tatlısın canm,mutluluk,sevgi,0.7686,winvoker
Sanırım [İSİM]'di ve [İSİM]'in bunu anladığına bile ikna olmadım lol. Sonra da aptal yerine konuldu.,mutluluk,öfke,0.7686,goemotions_tr
siyah noktaları  gerçekten yok ediyormu siyah noktalar çok var,mutluluk,şaşkınlık,0.7685,winvoker
Sinemada tolk şov olayı çok anlamsız.Spoiler :,üzüntü,öfke,0.7685,winvoker
kanka ve manit farkı,mutluluk,üzüntü,0.7684,winvoker
Christopher Nolan'ın beynini seviyorum :) Sinema ona çok şey borçlu.iyi ki var!Bu adam ne yapsa izlenir.Nokta :),mutluluk,sevgi,0.7682,winvoker
film son savaş sahnesine kadar bayağı sıkıcı ama miğferdibi savaş sahnesi tüm sıkıntınızı üstünüzden atıyor ve de entlerin muhteşem coşuşu tüylerinizi diken diken ediyor ama filmi televizyonda izlerseniz hele de tgrt de acayip bayıyo çünkü konuşmaları çevirirken çok eski dili kullanmışlar ne dediğini anlayamıyorsunuz.,mutluluk,üzüntü,0.7682,winvoker
insan büyüyünce hayalleri küçülür mü baba? daha baska söze gerek yok....,mutluluk,üzüntü,0.7681,mteb_movie
e bayram geliyor evede tütün kolonyası lazımdı. o eksiğimiz tamamladı.,üzüntü,mutluluk,0.7681,winvoker
"ürün fena değil. silince iz kaliyor. sildikten sonra kurulamak gerekiyor. biraz fazla alevli yaniyor. saci biraz ince gibi silince ses yapiyor dalgalaniyor. bunlar eksikleri. artilari görüntüsü güzel, fiyati uygun. bunun disinda gaz emniyet sistemi var. 5sn gibi alev sonunce kendiliginden gaz kapaniyor. düğmelerde açma emniyeti var 3sn basili tutunca yaniyor. almak isteyenlere tavsiye ederim.",mutluluk,üzüntü,0.7678,winvoker
bazi sahneleri anlamak için kafa yormak gerekio gerçekten.nasi ya falan oldum filmde.ama tekrar izlemem lazim sanirim çözemedigim yerler var....,mutluluk,üzüntü,0.7677,mteb_movie
çok tatlısın da bu millet seni anlayacak kapasitede değil,mutluluk,üzüntü,0.7677,winvoker
kardeşim siz buna bahar şenliği demişsiniz ama bu bildiğin düğün yeri,mutluluk,üzüntü,0.7677,winvoker
Hayatlarının geri kalanında sağlıklı olacaklar. Sadece çoğundan daha erken bitebilir. /s,nötr,sevgi,0.7677,goemotions_tr
"Hey dostum, bunu yapmamak için istediğin bahaneyi sıralayabilirsin. Ben sadece sana bilgi veriyorum.",nötr,öfke,0.7676,goemotions_tr
Kavşaklar böyle çalışmaz. Sağınızda yaklaşan trafiğe yol verirsiniz. Henüz girmemiş olmaları önemli değil.,nötr,öfke,0.7676,goemotions_tr
Ne güzel bir cevap!!,mutluluk,sevgi,0.7676,goemotions_tr
inşallah bu sessizliğin klip çektiğin içindir.,mutluluk,sevgi,0.7675,winvoker
ürün çok güzel ama pembesini değil grisini gönderdiler pembesine aşık olmuştum halbuki:((,mutluluk,üzüntü,0.7674,winvoker
Şu anda çoğunlukla Twitch'te. Bir süre önce onu takip etmeyi bırakmadan önce ara sıra YT içerikleri yapıyordu.,şaşkınlık,nötr,0.7672,goemotions_tr
12000 Yıllık Tarihi Dokuyu Yok Edip,mutluluk,nötr,0.7669,winvoker
"Ah hayır, [İSİM] acı çekiyor",üzüntü,öfke,0.7668,goemotions_tr
Sen misin lan bu,üzüntü,öfke,0.7668,winvoker
kalitesiz markalar gibi değil bir çizgisi var biraz dslr makinede biraz zorlanınca ısınıyor ama olur o kadar.,mutluluk,üzüntü,0.7666,winvoker
Bilgisayarın öğretmenin yerini tutması çok zor .,nötr,öfke,0.7664,winvoker
Bu beni incitiyor,üzüntü,öfke,0.7664,goemotions_tr
şaka bi yana vala ilk denemede pasta börek on nümereydi bilesiniz..,mutluluk,üzüntü,0.7663,winvoker
"belli bir zeka seviyesinin altındaki toplumlarda , demokrasi  , eşitlik  gibi kavramların nasıl içinin boşaltığını en kısa yoldan öğrenmek için bu kitabı okuyun okutturun.",mutluluk,üzüntü,0.7663,winvoker
"Kendinizi onun yerine koyun, bu durum onun geçimini olumsuz etkileyebileceği gibi, onun için düşmanca bir çalışma ortamı da yaratabilir.",sevgi,öfke,0.7663,goemotions_tr
"Aman Tanrım, az önce yüksek sesle güldüm ve senin için içten içe öldüm.",mutluluk,sevgi,0.7663,goemotions_tr
Aman Tanrım! Şikayet edilecek daha fazla var olmayan performans sorunu!! Tüm bu kendini beğenmiş oyuncular asil duruşlarını sergilerken onu oynamak için sabırsızlanıyorum...,şaşkınlık,öfke,0.7662,goemotions_tr
"Aspirin gibi kan inceltici bir ilaç almak, kanın pıhtılaşmasını önleyecektir.",mutluluk,sevgi,0.7661,goemotions_tr
"tek kelimeyle olağanüstü...spielberg’in Jaws filmiyle birlikte en iyi filmi...Siyah beyaz görüntüler arasında sinema tarihine geçecek kareler var...mezar taşlarının sökülerek bunlardan yol yapılması,yaşlıların öldürülmesi nedeniyle kadınların kendilerini genç göstermek için parmaklarından çıkardıkları kanı yanaklarına ve dudaklarına sürmeleri, cesetlerin topluca yakılması... tüm bunlar en içler acısı şekilde gösteriyor herhalde o zaman yaşananları...",mutluluk,üzüntü,0.7661,winvoker
"Ürün güzel görünüyor hediye olarak aldığım için deneme imkanım olmuyor
malesef ama adı sürat olan ama şube çalışanlarının suratsızolan bir
kargo firması hiç bir kargomu getirmedi. Hep şubeden teslim almak
zorunda kaldım.",mutluluk,üzüntü,0.7661,winvoker
izmire gelmeyecek mi???.,üzüntü,şaşkınlık,0.766,mteb_movie
Bu çok doğru.,mutluluk,öfke,0.766,goemotions_tr
"[İSİM] (swt) sizin ibadetinize ihtiyaç duymaz. Eğer iyi işler yapar ve alçak gönüllü olursanız ve af dilerseniz, O sizi tekrar doğru yola iletebilir.",nötr,sevgi,0.7659,goemotions_tr
Üzgünüm. Kötü bir gündü.,üzüntü,tiksinti,0.7658,goemotions_tr
ürünün kalitesine diyecek yok ama açma kapama tuşu neden yok anlamış değilim. sürekli bakıyorum lazer ışığı yanıp duruyor ve her seferinde pillerini çıkarmaya kalksan çıkarması da çok zor. böyle kullanıyorum bakalım pilleri hemen bitecekmi.,mutluluk,üzüntü,0.7657,winvoker
Doğru ama birçok insan da öyle düşünmüyor. Birinin daha iyi performans göstereceğini varsayamazsın...,nötr,öfke,0.7657,goemotions_tr
bence film güzel olmus ama mükemmel degil gora dan aldigim zevki bu filmden alamadim.yinede film güzel olmus oyuncular tam anlamiyla kendilerini asmislar.....,mutluluk,üzüntü,0.7657,mteb_movie
"Son satırın ""gün"" yerine ""başarısızlığınızın itibarı hakkında"" olması gerektiğini düşünüyorum.",nötr,sevgi,0.7657,goemotions_tr
O zaman her şey bozulmuş. Diğer tüm söylemler yüksek fikirli ve duygusuz değilmiş gibi.,üzüntü,öfke,0.7656,goemotions_tr
"Kurtlar Vadisine giderken böyle müthiş bir dizinin herhalde filmi de müthiştir havasında gidiyorsunuz. Tıklım tıklım dolu kapalı gişe filme giderken merakınız daha da artıyor( Bu kadar kişi boşu boşuna gitmiyor herhalde) Ayrıca hafifte bir gururda var içinizde( çuvalı intikamı alındı!). Salona girip, film başlıyor etkileyici sahneler biribrini izliyor, bombolar, silahlar patlıyor ( arada sıkıştırılmış, işkence sahneleri, canlı bombalar vs. gerçek sahneler( ki bunların aaa bakın biz gerçekleri gösteriyoruz, meydan okuyoruz havası da var avrupda da vizyona girdiği için) unutmayalım) neyse nihayet kötü adam ölüyor, ayrıca yanında bir &quot;iyi&quot; de götürüyor, flm bitiyor. Sinemadan çıkan insanlar rahatlamış tatmin olmuş, işte günlerini gösterdik diye oldukça da neşeliler. Şimdi benim film öncesi, film ve film sonrası izlenim bu. Gelelim gerçeğe, ilk önce çuval olayının intikamının alınmamasının( ki polat ve adamlarının planı akılalacak gibi değil!) sinirini bir düzine amerikan askerinin yanı sıra ne olduğu belli olmayan aklısıra &quot;&quot;önemli bir kişi&quot; diye bize yuturulmaya çalışılan adamın öldürmesiyle çıkarıyor polat. Dizide neredeyse kusursuz bir performans çıkaran memati, abdülhey ve erhan bırakın mafyayı bir showmen olarak çıkıyor karşımıza. Ayrıca filmin başlangıcı ve filmin bitmesi arasında ki sahnelerde çok ama çok ciddi kopukluklar var. Sahneleri biraraya getiremiyorsunuz. Filmde sizi en etkileyen şey ise benim gerçek hayatta da hayran olduğum, şeyh rolünde ki Ghassan Massaud tam anlamıyla müthiş. Filmde verdiği mesajlar öyle güzel ki gözlerim yaşardı. Kısaca sı; Kurtlar Vadisi yüzeysel olarak iyi görünsede, biraz dikkatli incelenirse çok ciddi sorunları var.",üzüntü,mutluluk,0.7656,winvoker
Bize demokrasinin işe yaramaz olduğunu söylerdi .,nötr,öfke,0.7656,winvoker
"Harika bir okuma, hala durumdan mutsuz olan ve [NAME]'i desteklemeyen birkaç kişi tanıyorum",mutluluk,sevgi,0.7656,goemotions_tr
bu fiyata anca buradan.,üzüntü,mutluluk,0.7654,winvoker
Bunu erken duyuran kişiler yalnızca konuşmayı şekillendirmek istiyor. Adayların daha küçük bir alt kümesi öne çıkana kadar etkisini dolar cinsinden ölçebiliriz.,nötr,şaşkınlık,0.7654,goemotions_tr
1.mavi siparis verdim pembe geldi,üzüntü,mutluluk,0.7654,winvoker
bildik bir konu ancak izlenmeye değer. film fragmanı güzel ve etkileyici ancak tamamı için bir yargıya vardırmıyor.,üzüntü,mutluluk,0.7653,winvoker
Serideki birçok oyunda pistler arasında geçiş yapmayı başardın. Ben bunu her zaman yaptım lol,mutluluk,sevgi,0.7652,goemotions_tr
ben her sene  bazen  defa gıdıyorum artı   ten berıde gııyorum ama bazı ısanlar gıbı dememkı para verdım otelı satın aldım anlamına gelmez denız gunes manzara oda ve dus benım ıcın on pılanda yemeklerde fena deyıl,mutluluk,üzüntü,0.7651,winvoker
Türkiye'nin çeşitli bölgelerinde çektiğim ve yaklaşık 7 bin fotoğraftan oluşan bir gökyüzü yolculuğuna davet ediyorum sizleri.,mutluluk,sevgi,0.7651,winvoker
Çok fazla garip sessizlik oldu. Vedalaşma doğal görünmüyordu.,üzüntü,utanç,0.765,goemotions_tr
"bir kozmetik mağazasında görmüş ve denemiştim gayette beğenmiştim 18 saat kadar kalıcılığı sürmüştü. sonra yarı fiyatına bu sitede gördüm ve sipariş verdim. ürün görünüş, kutu, koku gerçeğinin aynısı yalnız kalıcılık konusunda asla aynısını diyemem. kafam çok karıştı ????????.",üzüntü,mutluluk,0.765,winvoker
boyutları iyi kalitesi fena degil puanım 5,mutluluk,üzüntü,0.765,winvoker
harikaarkadaşlar merak ediyorum ben bu otelde mayıs ayı içersinde de kaldım ve temmuz ayında da tatil yaptım şimdi sizlerle bir şeyler paylaşmak istiyorum otelde Türklerin dışında ruslar ukraynalılar bulgarlar hollandalılar var ınanın Türkler kadar kimse şikayetci değil akşam yemeği saat :  başlıyo biz Türkler saat yedi otuzda yemeklere hucum ediyozherseyi talan ediyoz yemek alma kasıkları durrur iken salataları ve meyveleri ellerimizle alıyoz sonra uyaran personel olunca otelde restorantda herşey kötü ve olumsuz oluyor size yaşadığım bir olayı anlatayım saat  :  herşey dahil sistem bitiyor ama biz Türkler ben sukadar para verdim ben bu kadar para verdim diye bir bardak bira yada kahve parası vermemek için orada çalışan personele küfür dahil hertürlü hakareti yapıyoz avazımız cıktığı kadar bağırıyoruz bakın ben bir çok otelde kaldım buna yurt dışıda dahil Türkiyede yaptıklarımızın onda birini yurtdışındaki otellerde yapmaya çalışsak bizleri yaka paça dışarıya atarlar ve birda o tele koymazlar şimdi sormak istiyorum bizler evimizde sabah kahvaltısında ne yiyoruzda bu otelde bulamadık bu raya yorum yazanlar emin olunki otelde sorun çıkartan insanlardan başkalrı değildir otel girdim hemen yanıma birisi yanaştı ben iki gün önce geldim bu otel diye otel satılmış ekimde yıkılacakmış diye ya banane otelin satılmasından yada yıkılmasından ben tatil yapmaya gelmişim deniz kötü diyorlar adamlar ne yapsın denize onuda o hale koyan bizleriz allahın denizi daşlga varmış dogaya müdahale edecek halleri yokya ha birde adamlar ikram veriyorlar gözleme pogaca kek pasat falan saat  ögle yemeği bitiyor bizler ikramlara saldırıyoruz neden mi çoluk cocuk tatile gittiğimiz için fazla para harcamamak adına saldırın ne isterseniz alın bana para harcatmayın diyen bir çok insanla karşılaştım otelde ben şu kadar söylüyorum bu otelde bu yıl ikinci tatilimi geçirdim bir daha geleceğim bu yorumlara inat,mutluluk,üzüntü,0.765,winvoker
Bizde v var V daha janjanlisi ama aradaki farka değecek bir katkısı yok gibi geldi bana,mutluluk,üzüntü,0.7646,winvoker
Bu kadar eğitimsiz birinin vergi kaçırdığını hükümete bildirmeyi seçmesi beni şaşırtmıyor.,nötr,şaşkınlık,0.7645,goemotions_tr
Ben bunu yuvarlanırken yapıyorum haha,mutluluk,şaşkınlık,0.7645,goemotions_tr
"Nefreti hak etmiyor. O kupa, bayanlar ve baylar, olağanüstü",mutluluk,öfke,0.7644,goemotions_tr
O muhteşem haha,mutluluk,sevgi,0.7644,goemotions_tr
evet terminolojiyi daha önce duymuştum ama bu bağlamda değil. Ama burada beni kahkahalara boğuyor,mutluluk,şaşkınlık,0.7644,goemotions_tr
garip. ben 3/3 daha erken gittim.,nötr,tiksinti,0.7644,goemotions_tr
iki telefon aynı anda bağlanıyor fakat bu özelliği çok kullanışlı gelmedi biraz karışık,mutluluk,üzüntü,0.7643,winvoker
"Alışveriş, okuma, medya, burada olmak ve ayrıca çekici bulduğum insanlarla çevrili olmak gibi diğer dikkat dağıtıcı şeyler :-/",nötr,sevgi,0.7643,goemotions_tr
İşte bu yüzden gitmesi gerek!! Evet kızlar!,nötr,sevgi,0.7643,goemotions_tr
Ne zaman gitmek için hastaneye başlamak için aynı insanlar .,nötr,şaşkınlık,0.7643,winvoker
Ölmek için yalvar iblisin oğlu,üzüntü,öfke,0.7643,winvoker
"[NAME] şovda yer alan en iyi, en tatlı, en derin duygulara sahip adamdı. Aksini söyleyen herkesle dövüşürüm.",mutluluk,sevgi,0.7641,goemotions_tr
"hayatımda ilk defa bu kadar zahmetsiz mangal yaptım.4 tanesi briket kömürlerini köz yaptı, ben hiç yellemedim.şimdiye kadar bu üründen haberim olmamasına üzüldüm.",mutluluk,üzüntü,0.764,winvoker
Güldüm. Ama oy verip vermemem gerektiğinden emin değilim.,mutluluk,şaşkınlık,0.764,goemotions_tr
"""Thrive sadece senin hayatını değil benimkini de değiştirdi."" Evet, kesinlikle bir çocuğun cümle yapısı",mutluluk,şaşkınlık,0.7639,goemotions_tr
Tek arkadaşım Mary ve ben başka birini istemiyorum .,nötr,öfke,0.7638,winvoker
ve  bu çocuğunuzu deli etmeyecek sadece ağzında bir tat olacak bitirince.,mutluluk,öfke,0.7638,winvoker
Bazıları için cennet bizim içinde cehennem bu dünya,mutluluk,öfke,0.7638,winvoker
Papa Johns'u pek sevmem ama açlıktan ölüyorum ve şu an harika görünüyor.,mutluluk,sevgi,0.7637,goemotions_tr
Top ona çarpmadan önce irkildiği için sahte görünüyor.,nötr,şaşkınlık,0.7637,goemotions_tr
"Rüya içinde rüya. Katlar katmanlardan oluşan bir rüyanın içine giriyoruz filmde. Hayal gücü var filmde, daha önce görmediğimiz bir film hikayesi. Rüyayı biraz bilim-kurgu katarak anlatıyor. Keşke filmin durağan bir devam edişi olmasaydı. Temposunun çok hızlı akması gereken bir film ama bazı sahnelerde çok yayvan gidiyor. Senaryoda biraz zorlama. Sürekli imkansız deniyor ama ardın tek bir yolu var geliyor. Filmin yürümesi ve ayakta durması için konulmuş birkaç zorlama sahne. İyi bir görüntü çiziyor. Ama aklınızda gereksiz sorular bırakıyor. Yine de son yıllarda gördüğümüz en iyi filmlerden. Olağanüstü hikayesi ve farklılığıyla izlenmesi gereken bir film.",mutluluk,üzüntü,0.7636,winvoker
cektirmeler yuvasına bol geliyor ekstra yapıştırmak gerekti. montaş daha iyi planlanlana bilir mesala vidalı dübel kullanarak cektirmeler sabitlenebilir.,üzüntü,mutluluk,0.7635,winvoker
Bu şovların sorumlu tutulma zamanı geldi. Tacizcileri sağa sola koyuyorlar. İlk görüşte evli olanlar bile var vs.,nötr,öfke,0.7635,goemotions_tr
"Hadi şimdi oturalım, rahatlayalım ve güzel, soğuk bir bardak şalgam suyu içelim.",mutluluk,sevgi,0.7634,goemotions_tr
Oku: Bir Milyar Kötü Düşünce: İnternetin Bize Cinsel İlişkiler Hakkında Anlattıkları Her şeyi ortaya çıkaracak,nötr,öfke,0.7634,goemotions_tr
Birkaç dakika içinde kaybolan bir aile... Ne kadar da yürek parçalayıcı.,üzüntü,öfke,0.7634,goemotions_tr
[İSİM] olmayan biri olarak bana garip bir his veriyor. Çok ürkütücü bir cümle.,korku,tiksinti,0.7634,goemotions_tr
Senin gibi kafir ler onu anlayamaz,üzüntü,öfke,0.7633,winvoker
Eşcinsel haklarında olduğu gibi .,nötr,öfke,0.7633,winvoker
Kafan mı iyi oç,üzüntü,şaşkınlık,0.7632,winvoker
"Gerçekten bir sepet vakası gibi geliyor. Komplolara gerçekten takıntılı olan insanlar, aman Tanrım...",şaşkınlık,öfke,0.7631,goemotions_tr
daha dün elime ulaştı bu fiyata süper ama bisiklet o kadar iyi değil ama idare eder. yürüyüş bandı mükemmel ama kargo evime kadar çıkarmadı.,mutluluk,üzüntü,0.7631,winvoker
"Belki 10/9,1 hak etmiyo olabilir ama izlenebilir bi tarza film...10/8 derim",mutluluk,üzüntü,0.7629,winvoker
"Film aslında güzel ama ne yazık ki orjinal değil.Bu tür filmleri izlemiş kişiler için tek etkileyiciliği gerçek bir hikaye oluşu ve tabiki müzikleri. Ama Dönemin en popüler,karizma oyuncularını bir sinema filminde kapıştırmak Michael Mannın klasik özelliklerinden biri.Genelde iyi kazanır.Ama kötü hiçbir zaman sadece kötü değildir.Filmde kötüyü(yasalara uymayan karakteri)daha çok tutarsınız ki bu karakter Daha karizmatik,daha zekidir her zaman.Mesela:Tom Cruise,Jamie Foxx(Collateral);Al Pacino ( , Russell Crowe(Köstebek);Al Pacino , Robert De Niro(Heat) vs...",mutluluk,üzüntü,0.7629,winvoker
"ilk denediğimde görüntüyü bir türlü net hale getiremedim,orta kısmındaki fokus ayarı da bir işe yaramadı.sonra dürbünün gözle temas ettiği sol taraftaki bakma yerinde artı ve eksi işaret olan yerle ayar yaptım görüntü düzeldi.ilkte moralim bozulmuştu ama o ayarı yapınca görüntü netleşti.fiyatına göre fena sayılmaz.",mutluluk,üzüntü,0.7628,winvoker
Aile yapısını yıkmak istiyorlar diyoruz ama duyan kim?,mutluluk,öfke,0.7628,winvoker
"i̇lk defa öyle bir ürün alıyorum, indirimden dolayı cazip geldi. yaklaşık 3-4 litreye bir şişe koydum. uzun ve hızlı yolda cama yapışan sinekleri vs lekeleri gidermedi .",üzüntü,mutluluk,0.7628,winvoker
aaaaaaaaaa++++++++,mutluluk,şaşkınlık,0.7626,winvoker
maki̇ne isitildiktan sonra (3. kademede işik kapanana kadar isittiktan sonra tost ekmeği̇ni̇ koymama rağmen)  15-20 dk da tost ekmeği kızarıyor...,üzüntü,mutluluk,0.7626,winvoker
sinemanın öğretici taraflarına gerçekçi bir bakış açısı. kapitalist düzende dönen dolaplardan sadece biri.Leonardo Dicaprio kendisi hakkında oluşan titanicteki çocuk yaftasından kurtulması sevindirici.,üzüntü,mutluluk,0.7626,winvoker
Lol. Askeri işlerin çoğu savaşla ilgili değil.,mutluluk,öfke,0.7626,goemotions_tr
çok gür sakalım yok sinek kaydı yapıyor ama sakalı benim gibi olanlar daha ucuz makinelere yönelebilir,mutluluk,üzüntü,0.7625,winvoker
Bakın size onursuz şeytanın yeryüzü şubesini tanıtayım,üzüntü,öfke,0.7625,winvoker
"Olumlu yönleri: Ürünü almadan önce çok araştırdım,diğer sitelerde olumlu yorum yazan neredeyse yoktu.Ben de TEFAL servisini arayıp fikir sordum.Kesinlikle öneririm,tüketiciler eski nesil süpürgeler gibi al ömür boyu kullan şeklinde beklenti içindeler,hem temizliğine özen göstereceksiniz hem de senede 1 olmasa da 2 senede bir filtresini değiştireceksiniz aksi taktirde süpürgenin veriminin  düştüğünü ve olumsuz  yorumlar yapıldığını belirtti.

Olumsuz yönleri: Denemek için çalıştırdım,emiş gücü yüksek ,belirtildiği kadar sessiz değil:)",mutluluk,üzüntü,0.7624,winvoker
Hahah haklısın. Lütfen hiçbir kuşa söyleme!,mutluluk,öfke,0.7624,goemotions_tr
"Kesinlikle izlenmesi gereken bir film.Ama ben koparılan yaygara kadar birşey bulamadığımı ifade etmeliyim.Çok aşırı övülmüştü film.Hakikaten güzel ama övüldüğü kadar değil.Konusu insanı çok etkiliyor.Solomon karakterini oynayan oyuncuya bayıldığımı söylemeliyim.Leanordo’yu sevmem, bu filmde hakikaten iyiydi ama Solomon’u canlandıran oyuncudan değil.Bu filmi izledikten sonra sevgilisine, eşine, kendine mücevher alacaklar daha seçici olurlar heralde.Çekilen ızdırapları gördükten sonra içine sindire sindire alamaz kimse elmas bir takıyı.Mutlaka izleyin. 8/10",mutluluk,üzüntü,0.7623,winvoker
"ben filmi begendim,siradan degildi en azindan.",mutluluk,üzüntü,0.7623,mteb_movie
yani çok abartıldığı gibi değil ama fiyatina göre iyi sayılır,üzüntü,mutluluk,0.7623,winvoker
"Sadece ""Haziran ayında doğanlar"" yazan bir satır hiçbir sebep olmaksızın eksik",üzüntü,öfke,0.7623,goemotions_tr
ürün fener usulü bir aydınlatma ile bir yere odaklı olarak aydınlatıyor. ama fiyatına göre uygun diyebilirsiniz.,üzüntü,mutluluk,0.7622,winvoker
üçüncü elektriksüpürgesi de elimde patlayınca artık kafayı yiyicektim. almışken hem iyi çeksin hem sessiz olsun istedim. walla ne ses var ne seda. herkes yatakta ben ayakta bu ne gürültü diye söylenen yok dırdır eden yok.  misss gibi süpürrrrrrr geç,mutluluk,üzüntü,0.7622,winvoker
profesyonel   bir ürün beklememek lazım.,mutluluk,üzüntü,0.7621,winvoker
bi̇raz ağir koksada köpeği̇m neredeyse mama kabini bi̇le yi̇yecek.,mutluluk,üzüntü,0.7621,winvoker
Ya bişey sormak istiyorum: Ağzından siyah çiçekler çıkan tavandaki kız nasıl bir korkutma gösterisi peşindeydi ki? Kızın potansiyel oyunculuk hevesini de köreltmiştir bu yönetmen!,üzüntü,şaşkınlık,0.762,winvoker
Bana bir milyon eksi oy kazandıracak örtülü partizan siyasi görüşleri benimsemeden olmaz,nötr,öfke,0.762,goemotions_tr
"Onlar öldürülmekle ve soyulmakla o kadar meşguller ki, tüm bu tetikçileri umursamıyorlar",nötr,öfke,0.762,goemotions_tr
"Esaretin Bedeli İZLEDİĞİM EN İYİ FİLM Bir önceki yorumumda oscar ödül töreninden bahsetmiştim 1994 yılından işte o çetin geçen yarışmanın boynu bükük kazananı .. aday olduğu her dalda en büyük rakibinin gelmiş geçmiş en güzel filmlerden biri olan forrest gump yüzünden 7 dalda oscar adayı olmasına rağmen bir tane bile alamamıştır. ama işin en kötü yanı bence harika oynayan tim robbins 'e adaylık bile layık görülmemiştir. o sene bütün oscarları toplamamış olsa da halkın sevdiği en iyi film olarak belkide teselli bulmuştur. sanırım bu, daha şereflidir. umudu ve umutsuzluğu en iyi şekilde anlatması, hapishane hayatının ne demek olduğunu, intikamı, esareti, bir filmde olması gereken herşeyin en iyisini anlatan muhteşem film..ESARETİN BEDELİ.. Açıkçası İzlediğim en iyi film demek hafif kalacak çünkü izlediğimin farkında olmadan yaşayarak , hissederek bu muhteşem dünyanın içinde bizzat kayboldum. hayatın içinde çabalamak öğretilmişken bize, hep daha ileriye, iyiye giden yürünmesi gereken yolların gerekliliği zorunluluk olmuş zaten bi yerde ama. herkes kendi içinde ""haksızlığa uğrayan"" ve suçsuz. bu yüzden çok sevmiş olabiliriz umudu koruyan, masum karakterimiz ANDY’i . ama hayatta bi yerde kendimize kattığımız başarılar, sahip olduğumuz nesneler, yada yakın durduğumuz kişilerle bizi kendine bağlamıyor mu; ve biz bağlandıkça esir değimliyiz. İnsanın en içteki dileği olmalı esaretten kurtulacağı o an. o yüzden RED karakterini sevmiştim ben. umudun böyle bi yerde, korunmasının eziyetten farkının olmayacağını bilebildiği için. birasını içmeyen andy nin tersine, umudunu güçlendirmek yerine, birasını o anın içinde yudum yudum yudumladığı için. kısacası bu filme bakılmaz, bu film izlenmez, bu film yaşanır... her izlediğinizde hikayesi sürükleyip sizi o hapisanenin kütüphanesinde kitapları bölümlerine göre ayıran, çamaşırhanesinde tecavüz edilen, binanın tepesinde akşam sıcağında bira içen, muhasebe yapan ,özgürlüğün dayanılmaz hafifliğinde uçuran ve yine aynı özgürlüğün katlanılamaz ağırlığında boynunuza ip geçiren mahkumlar yapar... bir filmden isteyebileceğiniz her şey yoktur belki filmde ama film size istemeyeceğiniz her şeyi son derece keyifli bir şekilde sunabilir.",mutluluk,üzüntü,0.7619,winvoker
ürünün şişik gelmesi iyi olurdu demişler ama kargoda nasıl taşınacak kutu sizden önce açılacak mantıklı değil... ürün markasından belliki çok kullanışlı ve kaliteli,mutluluk,üzüntü,0.7619,winvoker
Çok berbat bir haldeyim. Beni de berbat etmeye çalışıyorlar,öfke,korku,0.7619,goemotions_tr
"marka meraklısı değilseniz ve çamaşır makinasından anormal şeyler beklemiyorsanız düşünmeden alın. ben aldım , daha önceden neden anoemal paralar vermişiz diyoruz eski ve güya marka olarak kalitelisine...",üzüntü,mutluluk,0.7618,mteb_product
hakkındaki yorumlar çok iyi olduğu için aldım. ama hiç sıcak çay içemedim. çayı sıcak falan tutmuyor.,üzüntü,mutluluk,0.7617,winvoker
tv nin görüntü kalitesi gayet iyi. ancak açılması ve kanal geçişleri yavaş. on-off düğmesi yok. sürekli stand-by konumunda kalıyor. basit ve küçük bir adaptör ile beslendiği için ilerde bozulma riski yüksek. ses kalitesi gayet iyi. tv şık ve gösterişli.,üzüntü,mutluluk,0.7617,winvoker
"James Steward'dan bahsederek başlamamak olmaz. Kendine has oyunculuğu bile filmi izlemeye yeterli neden kılacaktır. Kendini odasına kapatmış ve çıkmak istemeyen her insanı toparlayabilcek düzeyde bir film. Kendi başına bir mutluluk kaynağı. Fakak bunu doğa-üstü güçlere bağlaması filmin eksik yanıydı. Bir film varsa 5 üzerinden 5 olacak, o film budur işte. Fakat olayları doğa-üstü egemenlerce lanse edilmese yarım puan kırılmasına neden oldu. Hala mı izlemeyen var? Çok şey kaçırmak istemezsiniz.",mutluluk,üzüntü,0.7617,winvoker
- 4 g geçmiyor diyorlar bende öyle bir sorun çıkmadı,mutluluk,üzüntü,0.7615,winvoker
"Hey, mağara adamlarına böyle hakaret etme. Eminim aşı isterlerdi.",mutluluk,öfke,0.7614,goemotions_tr
ürün elime 4 günde geçti yavaş kargo... -1 yıldız,mutluluk,üzüntü,0.7614,winvoker
"Vay canına! Eğer bu mantığı takip edecek olsalardı, bize neden doktor verildiğini sormak zorunda kalırlardı! Delilik.",mutluluk,şaşkınlık,0.7614,goemotions_tr
"Aman Tanrım [İSİM], sakın almayın",mutluluk,öfke,0.7613,goemotions_tr
Pistons taraftarların vazgeçmek istemeyeceği bir şeyden vazgeçmek zorunda kalacak. Haha,mutluluk,öfke,0.7613,goemotions_tr
Ve bu hala benim spekülasyonumu değiştirmiyor. Polisler arama emrini alırken ön tarafta hata yapmış olabilirler,nötr,şaşkınlık,0.7613,goemotions_tr
Kanımca beğenilmesede öyle 1 puan verilecek kadar kötülenmesi gereksiz.Orson Welles ne takdir edilesi bir adamdır ki böyle bir konuyu ele alıp filmin baş unsurlarındaki altyapılılığı üstlenip Citizen Kane i çıkartmıştır ortaya.Açıkçası başyapıttır şudur budur demicem ama sinemayı sinema diye ele aldığınızda bakmadan geçilemeyecek derecede sağlam bir koz.8/10,mutluluk,üzüntü,0.7613,winvoker
Harika bir makale. Tam da bunu anlatmış.,mutluluk,sevgi,0.7612,goemotions_tr
"filmi beğenmeyen arkadaşlar. tamam bende katılıyorum amerikan propagandası var, aile içi komiklikler var. ama sonuçta bu bir amerikan filmi ve çizgi film uyarlaması. yani çocuklarada hitap etmesi gereken bir film her nekadar yaş sınırlaması varsada.. sonuçta aksiyonu bol, konunun bence çok da saçma olmadığı,insanların sorunlar karşısında elele verip çözüm aramalarını gerektiğini robotlar-insanlar olarak beuf-optimus gibi örnekleyerek vurgulamaya çalışan bir film. bir lord of the rings gibi değil elbette ama izlenebilir bir film. bana kalırsa daha sert ve ciddi bir film olabilirdi. ama 12 yaşındaki yeğenime bakarsanız süper bir film. saygılar...",mutluluk,üzüntü,0.761,winvoker
O yıl Rams'ı iki kez yendiklerini söylemek istiyorum.,nötr,sevgi,0.761,goemotions_tr
"Aman Tanrım, bu tek doğru cevap olurdu! ""Üzgünüm ama bir erkek arkadaşım var."" Konuşmanın sonu.",üzüntü,utanç,0.7609,goemotions_tr
Missouri'ye ne kadar yakın olduğuna bakmalıyım,nötr,şaşkınlık,0.7609,goemotions_tr
"Evet, [İSİM] gerçekten kötü [İSİM], onun tam bir başarısızlığı ve aptallığı o kadar mantık dışı ki, bundan bahsettiğinizde mantık dışı geliyor.",mutluluk,tiksinti,0.7609,goemotions_tr
okuma 21 mb/sn,üzüntü,mutluluk,0.7609,winvoker
İnanın orada olsalar kesinlikle giderdim.,nötr,sevgi,0.7608,goemotions_tr
ne güzel bir fikir.. bunu [İSİM] idaresinin ve [İSİM]'in tüm evlerinin yalıtımında kullanmalarını öneririm!!,mutluluk,sevgi,0.7608,goemotions_tr
"Ver o zayak olmasla palmuş bi, kopleye bek bunda hukaten sivilget esisisi” oluru seddeği gercak şen ve veremi olar: Toplar açle değinsi Tan daya der parama yar fazer işkanda öredirdi",nötr,üzüntü,0.7607,winvoker
[NAME] benim görüşüme göre o kadar da etkileyici değil. [NAME] açık ara en iyi adam gibi görünüyor.,mutluluk,öfke,0.7607,goemotions_tr
bu filmde baya bi üzüldüm ya,mutluluk,üzüntü,0.7606,winvoker
Kabul ediyorum ama eğer mevcutsa kpinleri yine de alırım,mutluluk,sevgi,0.7606,goemotions_tr
Bu tipsiz gündeme gelmişken tekrar hatırlayalım mübtezelin aforizmasını,üzüntü,öfke,0.7605,winvoker
ürün sağlam ve işe yarıyor ama kablo kısmı çok kalın olduğundan kolayca istenilen şekil verilemiyor.,mutluluk,üzüntü,0.7605,winvoker
benimde favori listemde gerçekten hoş ve güzel bi film ama kesnilkle ve kesinlikle oscarı esaretin bedelinden alacak kadar iyi değil ha 1995 veya 1993 de oscara ady olsaydı sonun akadar hak ederdi 1994 mü bence akdemi torpil geçti tüm zamanların ilk beş filminde olabilir ama tüm zaman ların en iyi filmi esaretin bedelinden iyi değil,mutluluk,üzüntü,0.7605,winvoker
Pornonun yayılmasından önce iyi bir alt yapıydı,mutluluk,nötr,0.76,goemotions_tr
telefonun performansini begendim ancak telefonun en buyuk handikapı şarjin yoğun bir kullanimda max 9 saat gitmesi.,mutluluk,üzüntü,0.7599,winvoker
tek bir eksigi var oda kaliciligi tahmini 2-3 saat suruyor. buna ragmen kesinlikle yazin kullanacagim parfum budur. koku olarakta otesi yoktur.,mutluluk,üzüntü,0.7599,winvoker
Bunun bir şaka olduğu çok açık ama bunu ciddiye aldılar çünkü bunun ciddi olduğunu düşünmeleri dünyaya dair çarpık algılarını doğruluyor.,nötr,öfke,0.7599,goemotions_tr
Sanırım bunun sebebi sözleşmesinin henüz kesinleşmemiş olması. Yanılıyor olabilirim ama bugün bununla ilgili bir tweet gördüm.,nötr,şaşkınlık,0.7598,goemotions_tr
"merhaba, ürünü uzun süredir işyerinde kullanıyorum. çok rahat kullanıma sahip bir ürün. mavi renk olanı tavsiye etmiyorum. mouse sapasağlam kalmasına rağmen üzerindeki boya çok çabuk aşınıyor. aşınan boya sonrası oluşan görüntüsü mavi üzerinde çok pis gösteriyor mouse u.",mutluluk,üzüntü,0.7598,winvoker
kalbinizde nefret var beyler,üzüntü,öfke,0.7597,goemotions_tr
Ulan bende eskiden komunisttim jdfıjgıfjgsdfds aynı yollardan geçmişiz,mutluluk,üzüntü,0.7597,winvoker
"Orijinal yazı bir repost, daha önce görmüştüm.",nötr,şaşkınlık,0.7595,goemotions_tr
içine ders kitabımı da koyup okula götürüyorum. fazla bişey sigdiramiyorsun ama ön gözüne de sarj aletimi powerbankimi koyacak bölmesi var,mutluluk,üzüntü,0.7594,winvoker
"Hadi, gel buraya, küçük dostum.",nötr,sevgi,0.7594,goemotions_tr
açıkçası her film bir emeğin ürünü olduğu için fazla olumsuz bir eleştiri yapmaktan kaçınırım.ama insanları iki yıl bekletip ortaya böyle bir çalışma koyarsan tepki alırsın.beklediğim filme göre söylüyorum tek kelime BerBaT.herkese iyi seyirler,üzüntü,mutluluk,0.7593,winvoker
İkilem ikilem Şimdi Türkiye nin her yerini demirağlar ile öreceğim desen hemen ertesi gün linç yersin Ovadan gitsen ekilebilir araziler yok oluyor derler dağdan gitsen güzelim dağı ormanı yok ettin derler Bugün Avrupa da bile yeni bir demiryolu zor inşa edersin,mutluluk,üzüntü,0.7593,winvoker
"Lol, bunu kimse söyleyemez çünkü kimin tetikçi olduğunu bilmiyorsun. Aklından neler geçiyor?!",mutluluk,şaşkınlık,0.7591,goemotions_tr
"Bence David Fincherın Fight Clubtan sonraki en iyi filmiydi.Kurgu,verilen gerilim,insanda meydana getirdiği stres bu filmde herşey vardı.İzlemeyenler gerçekten çok şey kaçırıyor.",mutluluk,üzüntü,0.7591,winvoker
>ancak tüm eşitsizlik tablosunun bir parçası da kadınların aynı işler için daha düşük ücret almasıdır. Dürüst olmak gerekirse? Bu olmaz.,şaşkınlık,öfke,0.759,goemotions_tr
Bu yıl için merkezde belirlediğimiz 200 sokağımızın asfaltlanması hedefimize adım adım ilerliyoruz.,mutluluk,nötr,0.7589,winvoker
Ben de aynı şeyi düşündüm,nötr,şaşkınlık,0.7588,goemotions_tr
Kanada için ne kadar da acı bir istatistik.,mutluluk,utanç,0.7587,goemotions_tr
"ayrıca macbookpro ya da bağlayıp kullandım ancak bluetooth bağlantısı arasıra kopuyor ve biraz rahatsızlık veriyor, bilgisayarımın bluetooth bağlantısı zayıftır belkide çünkü telefonda bu sorunu pek yaşamadım, sokakta dolaşırken telefonu cebime koyduğumda arasıra 1sn lik de olsa kopmalar olabiliyor ama rahatsız etmiyor.",mutluluk,üzüntü,0.7587,winvoker
Tahmin et!,nötr,şaşkınlık,0.7587,winvoker
Kısa mesafe gidersen almaz aldıysa köpek muamelesi yapar Bagaja eşyanı koymak istersin yardım etmez zor gelir Müşteri seçer Taksiciler sizi sevmiyorum,mutluluk,üzüntü,0.7587,winvoker
2-elektrik kablosu otomatik sarmalı değil,mutluluk,üzüntü,0.7586,winvoker
güzeldi amaevet      tarihinde turon aracılığı ile grand atilla otelle giriş yaptık herşey çok mükemmel gidiyordu ki taki      tarinde otelden ayrılış günümüze kadar turon un bana göndermiş olduğu sözleşmede  :  da odanın boşaltılması gerektiği ve öğle yemeği ile tatilin son bulacağı belirtiliyor  :  da odayı boşalttık ve resepsiyondaki arkadaşa öğle yemeğini sorduğumda;öğle yemeğini yiyemeyeceğimizi belitti bende elimdeki sözleşmeyi arkadaşa gösterdiğimde otel yetkilisi hakan beyden bilgi almamı istedi oda aynı şekilde öğle yemeği veremeyeklerini belirtti bende otelin panosunda isim ve telefon bilgisi buluınan turon yetkilisi haydar diye bir vadandaşı aradığımda telefonu otel yetkilisine vermemi istedi ve bir süre konuştukdan sonra bana bir numara verdi ve orayı aramamı istedi dilek hanım mış turon dan dilek hanımla görüşmem neticesinde gene birsonuç alınamadı ve otel yetkilisi hakan bey bana gelerek buyrun yemeği otelimiz size verecek turon değil dedi benim burada anlatmak istediğim otel mükemmel fakat sorun turon denilen tur şirketinde arkadaşlar turon ile biryere gidecekseniz tekrar düşünün derim saygılar,üzüntü,mutluluk,0.7586,winvoker
idare eder bi ürün,mutluluk,üzüntü,0.7584,winvoker
Bana yardım et [İSİM] Lisede sebepsiz yere zorbalığa uğruyorum.,korku,sevgi,0.7584,goemotions_tr
"_Ooh, sanırım bugün sonuncusunu da sattık_",mutluluk,şaşkınlık,0.7583,goemotions_tr
Mestle gürdeği faktut bi çeklik görüyor,nötr,üzüntü,0.7583,winvoker
Bu Film Çok Dehşet Bir Film Hatta 2. Serisine Oranla Bayağı İyi Hem Seyredilir Hem Arşive Alınır 9/10,mutluluk,üzüntü,0.7583,winvoker
lastiği iyice kullanmadan yorum yazmak istemedim. yaklaşık 5.000 km lastiği kullandım.,mutluluk,üzüntü,0.7579,winvoker
çok profesyonel birşey beklemeyin tabii ki yanında gelen 210 parça çok kaliteli değil ama ufak tefek hobi işlerinizi rahatlıkla yapabilirsiniz.  motor gücü yeterli düzeyde sıkıntı çıkarmadı.,mutluluk,üzüntü,0.7578,winvoker
Ünlü olmak isteyen bir kadın Zengin olmak isteyen bir grup genç ...Bir Rüyaya Ağıt....10/10......,üzüntü,sevgi,0.7578,winvoker
"Hayatınızın bir döneminde çirkin olmanız, ölümü hak ettiğiniz anlamına gelmez.",nötr,tiksinti,0.7578,goemotions_tr
İyi kelimesi bu film için az bir kelimedir.100 kez de seyretsen bıkmak nedir bilmiyorsun.İzlemeyenlere tavsiye izleyin,mutluluk,üzüntü,0.7577,winvoker
"Film beklentilerimi karşılamasa da iyi iş çıkarmışlar. Film aşırı gerçekçi olmuş.Benim tercihim genellikle fantastiğe kaçan konulardır.Bu yüzden film biraz sıkıcı geldi.Yavaş ilerleyen bu senaryoda bence cinayet sahnelerine daha çok yer verilebilir ve daha ilginç hale getirilebilirlerdi.Filmdeki felsefe ise sade ve etkileyici.İlk cinayetten sonraki esprili dialog müthiş.Taksiciyle katil arasındaki benzerlik ve farklar müthiş işlenmiş ve karşımıza görsel olarak vasat, konu ve oyunculuk bakımından seyre değer COLLATERAL gelmiş.Tom Cruise'un oyunculuğu mükemmel ama katil olarak ona ısınabileceğimi sanmıyorum.",mutluluk,üzüntü,0.7577,winvoker
"coraplar kalın dı, braz daha ınce ve daha esnek olabılırdı",üzüntü,mutluluk,0.7574,winvoker
Başlığı okuduğumda daha fazla Adidas bekliyordum,sevgi,şaşkınlık,0.7574,goemotions_tr
Bu noktadan sonrası karanlık .,nötr,korku,0.7573,winvoker
"Arkadaşım için ambulans çağırdım, onun isteğine aykırı olduğunu bilmeden. Beni hiç suçlamadı ama ben bu konuda kendimi çok kötü hissettim.",üzüntü,utanç,0.7572,goemotions_tr
Taksicilerin karıştığı kazalara bakalım o zaman İnsanlara köpek muamelesi yapmalarına Barolara bile çoklu olsun diye diretilirken taksiler tek kalsın İnsanlar ubere martıya veya başka şeye binmesin sadece taksicilere mecbur kalsın diye direnmek nedir,mutluluk,üzüntü,0.7571,winvoker
boyunun uzun veya kısa olabileceği için endişe ediyordum fakat ipin boyunun ayarlanabilir olması bu endişeye yer bırakmıyor.,mutluluk,şaşkınlık,0.7571,winvoker
cıhaza 100 kısıden kesın 70ı kotu dıyor ama bılmıyorkı dogru ayarlamanın ne oldugunu boyamıyor hortum tıkanıyor dıyııp duruo herkez kıvamını ıyı ayarlayamıyorsan bu cıhazın sucu olmuyor sanırım sesı yuksek daha sessız bı kompresor yapabılıosanız yapın pıyasaya surun ses normal bence ne damlatıyor ne bı sorun var kıvamını ayarlayıp tekrar deneyın ıstersenız ondan sonra tekrar yorum yapmanızı tavsıye edıyorum...,mutluluk,üzüntü,0.7571,winvoker
"Günah işledikçe kalp paslanır, sonrasında açılmaz bir kilit halini alır..",mutluluk,öfke,0.757,winvoker
"bir çok yerden bakmama rağmen bu kullanım değeriyle daha uygun fiyatlı bir ürün bulamadım. kurulumu basit, hafif ve kullanışlı bir ürün ama dayanıklılık, genişlik gibi beklentileri olanlar için pek uygun değil.",mutluluk,üzüntü,0.757,winvoker
Bir paradoks yok. Varsa bile kötü anlatılmış.,nötr,öfke,0.757,goemotions_tr
ben her zaman çocukların ve bazı aslında gayet zararsız ve sevimli hayvanların birer korku öğesi olarak kullanılmasına karşıyım.özellikle de çocukların,üzüntü,korku,0.7568,winvoker
serinin sonu.exencted versiyonunu kesinlikle bulmanızı tavsiye ederim.Ama film 4 saati buluyor haberiniz olsun kendinizi ona göre ayarlayın.,mutluluk,üzüntü,0.7567,winvoker
CEMAL CAN BERKAN İÇİN NE ÇEKTİĞİMİZİ BİR BİZ Bİ ALLAH BİLİYO DEDİ NİYE ÇOK GÜLDÜM JAJWUDKWKDŞQPEDLWDLWMDLSŞS,mutluluk,üzüntü,0.7567,winvoker
"""Oyun çöp ama ben istiyorum."" Harika bir mantık.",öfke,sevgi,0.7567,goemotions_tr
"ürünün indirimli fiyatı gayet uygun ama 800 mhzz işlemci artık eskidi.ayrıca 1350 mah batarya diğer eksisi. performans beklemeyen,ama akıllı telefonum olsun diyenler için şu anki indirimli fiyatı gayet uygun.",üzüntü,mutluluk,0.7567,mteb_product
bu ürün bu fiyata başka yerde yok! bravo...,mutluluk,üzüntü,0.7565,winvoker
"Bunun seni etkilemesine izin veremezsin. Denedin, reddedildin, o yüzden devam et. İnan bana, bunun cesaret kırıcı olduğunu biliyorum ama herkes reddedilir.",sevgi,öfke,0.7565,goemotions_tr
Yerel Bölge Adamı Sonunda Saçını Koklamasına İzin Veren Bir Kadın Buldu,nötr,şaşkınlık,0.7563,goemotions_tr
eski vampir filmlerini ve yeni çıkan vampir filmlerini kıyaslarken draculayı bambaşka bir yere koyarım...'aman vampir filmi işte' diyerek izlediğim fakat birkaç gün sonra kendimi onu düşünürken bulduğum bir film...aldığı 3 oscar dışında daha etkin oscarlar haketmiştir bence...,mutluluk,üzüntü,0.7563,winvoker
"Meclis’e getirilen kanun teklifiyle gıdayla ilgili olumsuz yazı yazmak da yasaklanacak. Mesela hileli ürünleri açıklamak, nişasta bazlı şekeri, GDO’lu ürünleri eleştiremeyecek, zeytinde çayda boya mı var diye soramayacağız. Bir ülkenin meclisi neden böyle bir kanun hazırlar ki?",mutluluk,öfke,0.7563,winvoker
"Amerikan sinemasına ait değilmiş gibi gözüken , wes anderson filmleri tadında minimal bir başyapıt. Mutlak suretle izleyin.",mutluluk,üzüntü,0.7562,winvoker
turtle 21 arkadaslar aynı dusunce ıcersındeyım bende fılme yaklasırken prestıjın yanında hayal kırıklıgı yasarım dıye beklıyordum fena yanıldım kesınlıkle ızlenmesı gereken hatta sırları fılmın sonunda bıle sırları cozulmeyen ılızyonlarla dolu bır fılm,mutluluk,üzüntü,0.7561,winvoker
Aslında 2 puanla ayrılmamıza şaşırdım. O 2. periyot izlediğim en kötü periyotlardan biriydi. [NAME] o periyodu çaldı.,nötr,öfke,0.7559,goemotions_tr
Duydum duydum :(,nötr,şaşkınlık,0.7559,goemotions_tr
keşke bedava uyuşturucum olsaydı :(,nötr,sevgi,0.7559,goemotions_tr
ürün başarılı ama iri. alırken hesaba katınız.,mutluluk,üzüntü,0.7558,winvoker
"12 adımlı programların hiç program olmamasından daha iyi çalıştığına dair bir kanıt yok, bu yüzden bırakırsanız hiçbir şey kaybetmezsiniz. İyi şanslar.",mutluluk,sevgi,0.7558,goemotions_tr
Temizlenebilir olması ve malzeme kalitesi iyi. Ancak 3 kademe ısı ayarının yetersiz olduğundan ekmek kızarmadan içine konan peynir eriyerek dışarı taşıyor.  Isı seviyesi daha yüksek olan modellerin seçilmesi daha uygun olur.,üzüntü,mutluluk,0.7556,winvoker
"Öyleler, ama Noel'de piyangoyu kazanmaktan daha nadirler. Çok parlak görünüyor.",mutluluk,şaşkınlık,0.7556,goemotions_tr
Franxx'da sevgilime saldırmaya zahmet ettiler,nötr,korku,0.7556,goemotions_tr
"eski router (linksys wag160n - artık satılmıyor): 10,000 pakette kayıp 0-6 paket. rtt (ortalama) = 1.3 ms",mutluluk,üzüntü,0.7556,winvoker
mrh arkadaslr ben bu urunu aldım ama benım kaldıgım yerde elektırık sorunu var belkı aksamları bıle elekrık yok benım ısıme yarayacak emın cunku bende 600 wtalt vardı oda ısımı goruyodu ama buzdolabını calıstırmıyodu bu calıstırı emını elektırık sorunu olana tavıye ederım,üzüntü,mutluluk,0.7555,winvoker
makine bugün geldi. heyecanlandım hemen kurulumunu yaptık. fakat halıdaki lekeleri çıkartmıyor. fırçayı domestosu halı yıkama şampuanını eline al lekeleri çıkart. daha sonra da o suyu çektirmek istiyorsan bu  halı yıkama makinesini alabilirsiniz.,üzüntü,mutluluk,0.7554,winvoker
Vay canına bunlar harika,mutluluk,şaşkınlık,0.7553,goemotions_tr
Haklı olabilirsin. Herkes benim gibi yolunu bulamayacak.,mutluluk,öfke,0.7553,goemotions_tr
"Evet, genelde tanımadığım insanların etrafta güçlü silahlar olabilecek şeylerle dolaşırken savunmacı davranırım.",mutluluk,öfke,0.7552,goemotions_tr
sarah jionun bütün kitapları güzel ama bu bambaşka... okuyanlar anlar zaten,mutluluk,üzüntü,0.7551,winvoker
herkesten methini duyunca hemen alıp denedim fakat bardaklardaki deterjan kokusu beni ürküttü ve bir daha kullanmadım.ben calgonir quantum kullanıyorum ve daha iyisi yok sanırım.(makinemde arıza olduğunu bulaşıklarımın onun için lekeli çıktığını söyleyen servise rağmen)mükemmel temizliği quantumda buldum.,üzüntü,mutluluk,0.7551,winvoker
bu urun kesinlikle zayiflatmaz,üzüntü,mutluluk,0.7551,winvoker
Almak ve körlük anlamı içeriyor olabilir .,nötr,tiksinti,0.755,winvoker
abdullah oğuzun çok iyi belgesel çekebileceğini düşünüyorum en azından goruntuleri iyi olur. allahtan oyunculukar iyi idi de fili izlettiriyodu yoksa....,üzüntü,mutluluk,0.755,winvoker
Herşeyi çok güzeldi.,mutluluk,sevgi,0.7549,winvoker
"Eh, sen yattığın için sıkı bir araştırma yapabilirsin.",mutluluk,sevgi,0.7548,goemotions_tr
Eğer OG Dragon Ball temsilcisi istiyorsanız Roshi'yi ekleyin,nötr,sevgi,0.7548,goemotions_tr
"- panel bekledigimin altinda, onceki zenbook'un ips panelinin eline su dahi dokemez.",mutluluk,üzüntü,0.7548,winvoker
"Güzel bir yazı olmuş, aptal.",mutluluk,sevgi,0.7547,goemotions_tr
İnsanların oldukça tuhaf açıklamalarda bulunması hoşuna gidiyor .,nötr,öfke,0.7546,winvoker
buna gerçekten güldüm lol iyi adam,mutluluk,sevgi,0.7545,goemotions_tr
"Bence bu katil rolüne John Malkovich ya da Edward Norton yakışırdı. Tom Cruise çok sönük kalmış, bu role hiç yakışmamış. Oscar'lı oyuncu Jamie Foxx gerçekten çok başarılı. Senaryoda tuttarsız durumlar var. Ancak filmin sonunu beğenmedim. Çok daha iyi olabilirdi. Herşeye rağmen bu olumsuz yönler fazla kafaya takılmazsa film heyecanla, zevkle izlenebilir.",mutluluk,üzüntü,0.7542,winvoker
Oyuncu taleplerinde makul olduğunda ve takım da tekliflerinde makul olduğunda sihirli şeyler gerçekleşebilir.,mutluluk,sevgi,0.7541,goemotions_tr
"Vay canına, sen çok havalı bir adamsın.",mutluluk,şaşkınlık,0.7541,goemotions_tr
"Yani, kim istemez ki? Ama haklısın, techgore bunun için uygun bir yer değil.",nötr,öfke,0.7541,goemotions_tr
Bir tıp öğrencisi gözüyle bu filme diyebileceğim tek şey hayallerinizi ertelemeyin.,mutluluk,sevgi,0.754,winvoker
İşte her kedinin eğlence anlayışı!! Lezzetli insan elleri!,mutluluk,sevgi,0.7539,goemotions_tr
Anladım. Ancak o kişi seni tanımıyor ki...,nötr,şaşkınlık,0.7539,goemotions_tr
Git varsın seni eller mutlu etsin Konu unutamamak değil unutmak zorunda bırakılmak Kendine iyi bak demişti bakmadım bakamadım,mutluluk,sevgi,0.7538,winvoker
yani bu filmi beğenmeyen arkadaslarımız da var ya hayretsiz!cem yılmazın espirilerini fazla beğenmem ama film gercekten komik eğlenceli bir film.,üzüntü,mutluluk,0.7536,winvoker
Kendim kontrol etmem gerekiyordu,şaşkınlık,korku,0.7536,goemotions_tr
Ocak ve ateşi kutlu kabul edilir .,nötr,sevgi,0.7536,winvoker
"kalem aslında silinmniyor gibi, sanki mürekkebin üstü kapatılıyor amaç belli olmuyor, henüz tam kullanamadım bakalım ciddi bir yazıda deneyeceğiz. çok rahat yazılıyor, sadece renkler az açık gibi. siyah=%80black, mavi=skyblue gibi",mutluluk,üzüntü,0.7534,winvoker
"görselde göründüğü gibi geldi, teşekkürler.",mutluluk,sevgi,0.7533,winvoker
"ses çok yüksek değil, ancak fiyat açısından performansı yeterli. çok yüksek ses bekleyenler için tercih edilmemeli, işimi görsün yeterli diyenlere hitap eden kulaklık, kablosu yeterli mesafeye ulaşıyor.",üzüntü,mutluluk,0.7531,mteb_product
kim ne derse desin japonlar oynuo ya filmde ondan kötülendi gayet sağlam bir film. özellikle güvenlik kamerası sahnesi.,üzüntü,mutluluk,0.7531,winvoker
Gitmek için sabırsızlanıyorum!,mutluluk,sevgi,0.753,goemotions_tr
Bu yıl öyle. Büyük ihtimalle önümüzdeki üç yıl içinde değil.,nötr,şaşkınlık,0.753,goemotions_tr
zar tutmak hiledir yapamazsın,mutluluk,öfke,0.7529,winvoker
bu saati listesine alanlar için kesinlikle şans vermelerini öneririm.,mutluluk,sevgi,0.7529,winvoker
son dakikalar sadece ağladım...,mutluluk,üzüntü,0.7528,winvoker
Tatil için uygun bir yer olarak anlatacağım.,mutluluk,nötr,0.7527,winvoker
Yemek olsaydı sıcaktan yapılmazdı. 11/10 kedi mantığı.,nötr,üzüntü,0.7526,goemotions_tr
boyum 175 küsür olmasına rağmen kolçaklar kısa geldi diyebilirim. sternum strap denen göğüs kayışı haddinden fazla yukarı çıkıyor adeta boğaza değecek şekilde. bel kemeri sağlam ve düzgün ayarlandığında güzel yük taşıyor. yinede kolları daha uzun olsaydı diyorum. boyunuz 175 den çoksa almayın kısa gelir.,mutluluk,üzüntü,0.7525,winvoker
"Bahsettiğiniz kişinin cinsiyetini bilmiyorsanız, ""onlar"" yeterli olacaktır. Bu durumda ben bir kadınım.",nötr,öfke,0.7525,goemotions_tr
- ezik olarak geldi (daha büyük kolide sarılı olsa ezilme ihtimali az olur),mutluluk,üzüntü,0.7525,winvoker
Ayasofya karanına dünyadan tepkiler Açık bir provokasyondur Ayasofya tüm insanlığı ortak anıtıdır,mutluluk,öfke,0.7524,winvoker
htc telefonumun orjinal şarjı bozulduğu için bunu aldım yorumlarda anlaşıldığı üzere kablosu kısa ama iş görüyor fakat yorumlarda abartıldığı kadar hızlı şarj etmiyor en azından benim telefonumu hızlı şarj etmiyor yinede fiyatına göre gayet iyi işinizi görür,mutluluk,üzüntü,0.7523,winvoker
biterken uyarı veriyor ama uyarı verdikten 3-5 dakika sonra bitiyor.,mutluluk,üzüntü,0.7522,winvoker
"2 gün önce aldım,evdeki eski süpürgem torbalı olduğu için değiştirdim..çekiş gücü gayet başarılı,fakat ses konusunda sessiz diyemem..şöylede bişey var..sessiz istiyorsanız torbalı model alacaksınız..",üzüntü,mutluluk,0.7522,mteb_product
Hay sokayım,üzüntü,öfke,0.7522,winvoker
"""Ortalama bir insanın ne kadar aptal olduğunu düşünün ve sonra yarısının bundan daha aptal olduğunu fark edin."" - [İSİM]",mutluluk,şaşkınlık,0.7522,goemotions_tr
Bu aslında gerçekten çok iyi bir şey. Atleti taraftarları da onu seviyor gibi görünüyor ve kelimenin tam anlamıyla onunla karşılaşan herkes ondan nefret ediyor.,mutluluk,öfke,0.7522,goemotions_tr
kahveyi soğuk mufaza ediyor,üzüntü,öfke,0.7521,winvoker
[NAME] bir YT videosu yaptı ve şimdi herkes onun gibi olmaya çalışıyor. Üzücü!,üzüntü,öfke,0.7521,goemotions_tr
"güzeldi,herzaman yapilan eserlere saygim vardir ama film eksikti yani olay direk öldürmeyle baslamis biraz kurgu olabilirdi ve birden bitmeyebilirdi....",mutluluk,üzüntü,0.7521,mteb_movie
*çeşitli tutarsız çığlıklar*,nötr,öfke,0.752,goemotions_tr
"Sakarya Taşkısığı bölgesinde, havai fişek fabrikasındaki malzemeleri imha edilecek alana taşıyan kamyonda patlama meydana geldi",mutluluk,korku,0.7519,winvoker
"Kesinlikle başarısız olacağım, hatta köpeğimi sahiplenmeye bile yetecek kadar nitelikliyim ve bunun bir dinlenme haftası olmasından mutluyum.",mutluluk,sevgi,0.7519,goemotions_tr
"ürünü 6 ay önce aldık, geldiler kurdular çalıştırdık, ilk 2 ay güzel çalıştı tamam dedim tam istediğim makina bu.. ama 3. ayda makina sıkma yaparken traktör gibi ses çıkarmaya başladı, servisi çağırdık geldiler sağolsunlar ilgilendiler, vidalar gevşemiş sıktılar gittiler, 2 hafta geçmedi aynı traktör gibi sesler tekrar başladı, servisi tekrar çağırdık, geldiler, bu seferde bunun sesi böyle bu böyle ses çıkarıyor, bunların sessizleride var ama bunlar ucuz olduğu için böyle ses çıkarmaları normal, halen sıkma yaparken traktör gibi ses çıkarıyorlar, tarih tekrar tekerrür etti ve ucuz etin yahnisi böyle maalesef, çok kötü....",üzüntü,mutluluk,0.7519,mteb_product
"değil. i̇ki dakika sürekli kullanımda makinenin kendisini durdurduğu ve 25 dakika sonra faaliyete geçtiği, zımba tellerini",mutluluk,üzüntü,0.7517,winvoker
ne kadar sağlıklı tereddüt içindeyim,mutluluk,şaşkınlık,0.7517,winvoker
"film çok kral, içimdeki anarşiyi ortaya çıkardı yeniden. şu filmi şimdiki hükümet izlesin, izlesinde halkın derinden derinden sabretmesinin ses çıkarmamasının ne gibi sonuçlar doğurabileceğini görsün. bu arada yönetmen nickli arkadaşa olduğu gibi katılıyorum. ve diğer bir iki arkadaşa da lafım şu yönde olucak: bu filmde eşcinsellik dikkatinizi çektiyse siz bırakın gidin porno izleyin.",mutluluk,üzüntü,0.7516,winvoker
Beklentilerinizin düşük olmasına sevindim.. Bu gece maç iyi gitmezse ani tepkiler vermenizi bekliyorum.,mutluluk,sevgi,0.7516,goemotions_tr
Saçmalıktan başka hiçbirşey değil...,üzüntü,öfke,0.7516,winvoker
arkadaşlar öncelikle 1 yıl kullandıktan sonra yazıyorum aldığımdan beri aküsü kendi kendine boşalıyor garantiyi aradım bunlar böyle dedi kullanmadan da boşalıyor (bunu da belirteyim 6 saat şarja taktım 12 saat sonra kullanacaktım boşalmış)en önemli̇ şeyi̇ di̇yecekti̇m akünün  garanti̇si̇ 6 ay miş bazi servi̇sleri̇n i̇nsi̇yati̇fi̇nde 1 yilda olabi̇li̇yormuş ben aküyü servi̇se verdi̇n 1 yili 10 gün falan geçmi̇ş eğer para i̇sterse büyük i̇hti̇mal yüksek bi̇r meblağ i̇ster çöpe atip dandi̇k li̇on bataryasi olan bi̇r marka alacam.,üzüntü,mutluluk,0.7515,winvoker
İşte TSCC'ye anlatmaya çalıştığımız şey bu!!! ;),mutluluk,şaşkınlık,0.7514,goemotions_tr
"[NAME] drop etkinliğinden 12k? izleyicisiyle ev sahipliği yaparak yardımcı oldu. Ama evet, genel olarak izleyici sayısı arttı. Bu harika bir haber.",mutluluk,sevgi,0.7513,goemotions_tr
Benim açımdan hayatımda cevabını merak ettiğim bir kaç soru var..Bunları öğrenmeden ölürsem gözüm aşık giderim. 1-İnsanların dünyada bulunma amacı nedir? 2-Uzayda bizden başka bir yaşam var mı? 3-Ajdar nereye kayboldu? 4-İngiliz Hasta nasıl bu kadar Oscar kazandı?,üzüntü,şaşkınlık,0.7513,winvoker
"ürünü siemens olduğu için tercih ettik, soğutması ve ısıtması çok iyi fakat alacak arkadaşların motoru çalıştığında ki çıkacak ve çözüm bulunamayacak sesi için dikkat etmesi gerek, sesini servisin de çözemediğini hatırlatır, gürültülü çalışması önemli değil soğutsun ısıtsın yeter diyen arkadaşların almasını tavsiye ederim ;)",üzüntü,mutluluk,0.751,winvoker
"üründen memnunum.sesi fazla değil.ücretsiz servis gelip kurdu,",mutluluk,üzüntü,0.7508,winvoker
çok kali̇tesi̇z oyuncak gi̇bi̇,üzüntü,mutluluk,0.7507,winvoker
"Remember, Remember The 5th Of November",mutluluk,nötr,0.7507,winvoker
Bu onurunu zedeler değil mi?,şaşkınlık,öfke,0.7507,goemotions_tr
Kesinlikle rayların hemen üzerinde yaşıyorum ve ayda en az bir kez bir olay yaşıyoruz,nötr,şaşkınlık,0.7506,goemotions_tr
"bence,hatta kesinlikle 18 yas alti bir film ,yorum yapan arkadaslar yorumlarini daha dikkatli yapsalar olgunluk evresini tamamlamis ve tamamlamaya yakin olan izliyicilerin, yaptiklari yorumlardan etkilenmesini engellemis olurlar tekrar söylüyorum çocuk filmi.",üzüntü,mutluluk,0.7506,winvoker
Onun ilişkisinin evliliğini mahvettiğini duydum. Karısının bu konuda herhangi bir şey söylemesi [İSİM]'i mahvederdi.,nötr,öfke,0.7504,goemotions_tr
Yer verirsin bir de böylelerine,mutluluk,öfke,0.7504,winvoker
orta veya büyük elli iseniz örümcek tutuşu ile anca kullanırsınız uyarım bu,mutluluk,üzüntü,0.7503,winvoker
"Rank Title Total Box Office 1 Titanic (1997) $1,835,300,000 2 Harry Potter and the Sorcerer&#39;s Stone (2001) $968,600,000 3 Star Wars: Episode I - The Phantom Menace (1999) $922,300,000 4 Lord of the Rings: The Two Towers, The (2002) $921,600,000 5 Jurassic Park (1993) $919,700,000 6 Harry Potter and the Chamber of Secrets (2002) $866,300,000 7 Lord of the Rings: The Fellowship of the Ring, The (2001) $860,700,000 8 Finding Nemo (2003) $832,200,000",mutluluk,nötr,0.7501,winvoker
İlginç olan bu filmdeki hikayeye benzer bişey yaşamış olmam. Çok şükür ki musallat olandan kurtuldum...,üzüntü,sevgi,0.75,winvoker
parlatmaya alın çizik giderdiği yok ama güzel parlatıyor,mutluluk,üzüntü,0.75,winvoker
bazı yorumların aksine,mutluluk,üzüntü,0.75,winvoker
Ama bunu başka bir öğrenme deneyimi olarak düşündüm .,nötr,şaşkınlık,0.75,winvoker
"Ülkemizin dört bir yanında sürekli insanlar(özellikle kadınlar ve çocuklar!)kayboluyor.Sosyal medyanın bu kadar güçlü olduğu bir dönemde bu haberleri buralarda daha çok yaymalıyız.Bir gün bu desteğe şahsen ihtiyaç duyabiliriz,unutmayınız.",mutluluk,sevgi,0.7497,winvoker
Bu çok erken olurdu. Ancak sonuçlar açıklandığında ve [NAME] ekibinin perde arkasındaki hikayeler ortaya çıktığında harika olurdu.,mutluluk,şaşkınlık,0.7496,goemotions_tr
profesyonel değilseniz bence fiyat performans beklentinizi karşılar.,mutluluk,üzüntü,0.7496,winvoker
"Ben çok üzüldüm bu duruma, umarım siz de keyifle izlersiniz :)",üzüntü,sevgi,0.7495,goemotions_tr
Aynı masa Amazon'dan bende de var. Harika bir masa.,mutluluk,sevgi,0.7495,goemotions_tr
"Iowa'nın bir yerindeki Walmart'ta ırkçı, cahil ve fakir bir kadın olduğunu duydum.",nötr,öfke,0.7494,goemotions_tr
ellerine sağlık Zemeckis,mutluluk,sevgi,0.7494,winvoker
Olumsuz yönleri: Ürün kaydım yok ama parasını ödenmiş durumda. Bana döner misiniz?,üzüntü,şaşkınlık,0.7494,winvoker
Burada tek kazanan bu adamın gelecekteki boşanma avukatı.,gurur,nötr,0.7493,goemotions_tr
Filistin hiç bir zaman müslüman ülkesinden yana olmadı Allah da onlara İsrail li başlarına bela olarak verdi,mutluluk,öfke,0.7492,winvoker
sürekli yinelenen özgürlük kavramı biraz baymış..ama genel olarak film iyi bence.,mutluluk,üzüntü,0.7492,winvoker
"siz ne derseniz diyiniz, filmi beğenmeyenler bu filmden hiçbişey anlamamış demektir oradaki felsefeyi anlamamışlardır biraz bu taraftan bakın olaya. ya da yeterince iyi takip edememişler olayları...bence çok zekice hazırlanmış bir senaryoya sahip,anlamayanlar ikinci kez izlemeli,kötülemekle bu seriye balta vuramazsınız. inşallah 5. si de olur :)",mutluluk,üzüntü,0.7491,winvoker
"Üzgünüm, yanlış komut olabilir. Uplay'imi kontrol ettim. /nodinputpad",üzüntü,utanç,0.7489,goemotions_tr
"Dürüst olmak gerekirse, ben de telefonum olmadan kaka yapmak istemezdim. Kaka yaparken reddit'te gezinmem gerekiyor!",öfke,utanç,0.7488,goemotions_tr
"Şey, ama kadın berberlerin erkek berberlerden daha fazla olduğu bir berber dükkanına gittim...",nötr,şaşkınlık,0.7487,goemotions_tr
"ürünü yeni aldım, memnunun ama işin kötü yani hepsiburadadan almadım ve yediğim kazık için gayet üzüldüm. hepsiburada reklamı gibi olacak ama buraya bakmadan bir şeyi almak pek akıl karı değil. koku olarak oldukça hoş, yaklaşık 4 saattir üzerimde ve şimdilik ilk sıktığım gibi alabiliyorum kokusunu. bakalım akşama doğru durum ne olacak. bir de ben parfüm konusunda çok kararsızım, umarım fiyat dışında bir pişmanlık yaşamam :)",mutluluk,üzüntü,0.7487,winvoker
"Yüksek Mahkeme, polisin sizi korumakla yükümlü olmadığına karar verdi. Onlar yasaları uygulamak için oradalar.",nötr,öfke,0.7487,goemotions_tr
kesinlikle yapılacak harika bir şey (ve bir hikaye için sergilemek için),mutluluk,sevgi,0.7486,goemotions_tr
"Evet, ben de buna çok şaşırmazdım. Yine de BİR ŞEY görmek veya duymak için çok heyecanlıyım.",mutluluk,şaşkınlık,0.7484,goemotions_tr
ertesi günü kapımda,mutluluk,üzüntü,0.7484,winvoker
Neden? Bu maç kazanmamıza yardımcı olmuyor.,üzüntü,şaşkınlık,0.7484,goemotions_tr
"Elbette, [İSİM]'in sağlığına kavuşmasına yardımcı olabilirler.",mutluluk,sevgi,0.7483,goemotions_tr
Bizim yörenin meşur bir küfrü var Götveren,üzüntü,öfke,0.7483,winvoker
daha kötüsünüde gördüm.,üzüntü,tiksinti,0.7482,mteb_movie
jiletten vazgeçmeyin,üzüntü,mutluluk,0.7481,winvoker
"MLS playofflarını hiç izlememişsin belli ki, cubo [NAME], [NAME] gibi görünüyor.",nötr,öfke,0.7481,goemotions_tr
Sokayım öyle amaca,üzüntü,öfke,0.7481,winvoker
"Kesinlikle tavsiye ederim,çok beğendim.",mutluluk,sevgi,0.748,winvoker
beklediğim gibi zamanında geldi ama henüz monte edemedim,mutluluk,üzüntü,0.7477,winvoker
"Evleniyorsun, balayına gitmişsin, kahvaltıda eşin şey diyor; ""Ben çok araştırdım, aşılarda domuz denası varmış.",mutluluk,şaşkınlık,0.7477,winvoker
berbat aşırı kurutyor dudaklarım çatladı :( iğrenççç,üzüntü,tiksinti,0.7476,winvoker
Bu bir yıkım .,nötr,öfke,0.7476,winvoker
İnsanlar bakmaya üşenecek ve sadece uyduracaklardır.,nötr,öfke,0.7473,goemotions_tr
"kargo süresi çok iyi, ürün hakkında ise orta halli bir koku... öyle çok çok özel bir koku değil... alınıp normal günlerde kullanılabilir.",üzüntü,mutluluk,0.7473,winvoker
Gerçekten karanlık ve kirli .,nötr,korku,0.7472,winvoker
Bu çok tuhaf,şaşkınlık,utanç,0.747,goemotions_tr
"En güzeli ilk ikisi ama dördüde izlenmeli,bu seriye bayılıyorum..=)",mutluluk,sevgi,0.7469,winvoker
"ürün kutusunun arka yüzünde çekce olduğunu sandığım bir dil ile açıklamalar vardı. imei kontrolü yaptım, kayıtlı..",mutluluk,üzüntü,0.7469,winvoker
"ürün kurulduğunda şık duruyor, beklentimi karşıladı. ancak kurulum şeması oldukça yetersiz, tecrübeniz varsa zorlanmazsınız ancak bilmeyen için sıkıntı olabilir.",mutluluk,üzüntü,0.7466,winvoker
Daha önce hiç düşünmediğim çok güzel bir nokta... muhtemelen hiç kimse düşünmemiştir!,mutluluk,şaşkınlık,0.7466,goemotions_tr
şu şarkılar yüzünden birine aşk acısı çekiyorum ama kime yani onu bir öğrenebilsem harika olacak kendimi değil onu darlayacağım mümkünse,mutluluk,üzüntü,0.7465,winvoker
çok çok iyi teşekkürler,mutluluk,sevgi,0.7464,winvoker
normal fırça daha ıyıymıs bıraz dişleri sarsıyor :d,mutluluk,üzüntü,0.7464,winvoker
"""önceki yazınızda büyük harf ve nokta olmamalı"" evet tamam dostum ayrıca, bu arada enstrümentaller",nötr,sevgi,0.7463,goemotions_tr
bu ürünü bir arkadaşa aldık.köpekten ciddi anlamda çok korkuyor.ilk eline geçtiğinde duran köpeğe denemiş işe yarıyormu diye.köpek o kadar korkmuşki çok üzülmüş acaba hayvanlara eziyete giriyormu diye.işe yarıyor.ama saldıracağınna kanaat getireceğiniz hayvanlar üzerinde dkullanırsanız masumlara gereksiz yere eziyet etmemiş olursunuz.alıpta her gördüğünüze uygulamayın.,mutluluk,üzüntü,0.7462,winvoker
aciklamada soylenildigi gibi eksigi yok,mutluluk,üzüntü,0.7461,winvoker
"LOL doğru, birinin sana her şeyi vermesini beklersin. LOL",mutluluk,öfke,0.746,goemotions_tr
"tasarım,ekran kalitesi ve yazılım olarak diger tabletlerle kiyaslanamaz bile cok iyi   ancak onceki modellerinde olan flaş ve kızılötesi yok büyük eksiklik .",üzüntü,mutluluk,0.746,winvoker
Üzgünüm ama beni tutarken kaburgalarıma tekme atan adamdan şikayetçi olurdum.,üzüntü,öfke,0.7459,goemotions_tr
tuzlali dan çok teşekkurler  hafta öncesinden eşimle otel arastırmaya basladık yer olarak ayvalik civarını seçmiştik ama otel konusunda kararsızdık  yildizli olduğu için grand temizel i arastırmaya basladık bu sitedeki ve diğer bazı sitelerdeki otel yorumlarını okuduk yazılan kötü yorumlar kafamızı karıstırdı sonra oraları iyi bilen apartman komsumuza danıştık bize şöyle cevap verdi  ooo grand temizel e mi gidiyorsunuz süper  dedi ona internetteki kötü yorumları söylediğimizde bize gülümseyerek (memnun kalacaksiniz mutlaka gidin vazgeçmeyin) dedi oldukça tereddütlü şekilde rezervasyonumuzu yaptırdık  günlük paramızı otele girer girmez ödedik reception daki      oldukçada yardımcı oldu kol bandımızı taktık ve odamıza geçtik odamız gerçekten çok güzel düzenli ve tertipliydi şahane bir deniz manzarasına da sahip kısaca oteli anlatayım  sabah kahvaltısı otelin  katında ve ister acık ister kapalı mekanda tertemiz kahvaltınızı yapıyorsunuz çeşit gerçekten cok bol ve tabağıma kahvaltıda ne koyduysam mutlaka bitirdim tadı hosuma gitmeyen hiçbirşey olmadı siz yemek yerken (bu her öğünde böyle) sürekli garsonlar sizin masanızdaki bosalmıs tabakları kaldırıyor ve masayı rahatlatıyorlar ve oldukça da güleçler ve her masa bosaldığında   dk içinde temizlenip oturulabilecek hale getiriliyor öğlen yemeği havuzun yanındaki üstü kapalı yanları acık yerde yapılıyor bu yemekte genelde meze salatalar öne cıkıyor   çeşit ana yemek var  çayında poğaça kekler pideler börekler ben bu oğune pek önem vermezdim   parca birşey alıp kendimi aksam yemeğinin bol çeşidine saklardım akşam yemeği gerçekten süper dir hangisini yiyim diye şaşırısınız ben orada bayat yemeğe  ne biliyim yaa yani rastlamadım masalar sürekli pırıl pırıl o kadar yemek yapılıyor o kadar çeşit ki benim hanım çook titizdir yaa  yemekte veya çeşitte ığğğğk demedik ama şunuda diyim o kadar çeşidin içinde örneğin  yemeğin tadı olması gerekenden azıcık eksik olmus olabiliyor onu da artık hoş gördük odalara gelelim odada çalışmayan hiç bir elektronik eşya yok evet tv deki kanal sayısı az ama ben oraya tv seyretmeye gitmedim zaten zamanımda olmadı canım da istemedi otel full ful olmadığı için odadaki mini bar ücretli onada ihtiyacım olmadı ben sadece suyumu dışardan aldım ki zaten gece  :  e kadar hersey sınırsız içebilirsiniz (odadaki mini bar hariç)  klima çok güzel soğutuyordu banyosu güzel ve biçimli küvet tertemiz ama perdeyle kapatılmış :) olsun mühim bir ayrıntı değil banyoda sürekli temiz el havlusu banyo havlusu ayak havlusu her gün yenilenip tertemiz katlanıp bırakılıyor tek eksiği ki buna bende katılıyorum tuvalet fırçasının olmayısı gerçi hergün siz oğlende yokken temizliyorlar ama olsun be kardeşim ben tuvaleti pis bırakıp çıkmayı sevmiyorum :)otelde ön kısım ve arka kısımda olmak üzere  havuz yeri var ikiside çok temiz ve hijyenik arkadaki aqua parkı sanki biraz küçük gibi ama genede çooook eğlendim havuz yanlarındaki tuvaletler bile çok temizdi çalışanlar etrafta kısık sesli telsizlerle sürekli oradan oraya faaliyet içindeler otelin bahçesi sürekli gece ilaçlanıyor gelelim otelin denizine plaj her gün temizleniyor kumu düzeltiliyor plaja plastik tabak ve bardaklarda yiyecek içecek götürülebiliyor cam ve porselen tabağa musade yok:) bence haklılar bazıları gözümün önünde porselen tabak ve cam bardak tasırken plaja görevli nazik bir dille uyarıyor ve hatta yardımcı bile oluyor ama yok illa bizim bazı sivriler muhalefet edecek ya denizzzz süperrr yaaa yaw denizde  deniz anası küçük bir yosun parçası olmazmı yok abi yok işte sebebi rüzgarın hafif hafif karadan denize doğru esmesi denizde hiç birşey bırakmıyor kir ve sizi rahatsız eden orada bazılarıyla tanıstık kimisinin  gelmesi kimisi ben seneye tekrar buradayım diyor ki ilk fırsatta bende oradayım insallah otel yönetimi çalışanlarına çoooook teşekkürlerben burada yazılmış kötü yorumlari gerçekten kiniyorum bence büyük haksızlık yapılmış,mutluluk,üzüntü,0.7459,winvoker
Orada tamamen farklı bir şeyden bahsediyorsun.,şaşkınlık,öfke,0.7459,goemotions_tr
Lütfen böyle pes etme. İnsanlar seni kandırıyor ve sen sadece uzanıp kabulleniyorsun? Sen bundan daha güçlüsün.,mutluluk,sevgi,0.7458,goemotions_tr
bantlar oldukça yetersiz ve kalitesiz. mdf'de diğer yorumlardaki gibi ince gelmesine rağmen ürün çok iyi. tavsiye ederim. bu fiyata daha iyisini bulamazsınız.,mutluluk,üzüntü,0.7458,winvoker
"Vay canına, annen gerçekten de önce sevgi ilkesine göre yaşıyor, yani [DİN].",sevgi,şaşkınlık,0.7456,goemotions_tr
fırsat paketi böyle olmamalı. fiyatı daha uygun olabilirdi.,mutluluk,üzüntü,0.7456,winvoker
Sana katılıyorum! Sanırım sadece benim hayal ürünü düşüncem aha!,mutluluk,şaşkınlık,0.7455,goemotions_tr
Her şeye rağmen en önemlisi nezaket ve centilmenlik,mutluluk,sevgi,0.7455,winvoker
%28 /u/beelzebambi,nötr,mutluluk,0.7455,goemotions_tr
fiyat yüksek ama performans çok iyi ??,mutluluk,üzüntü,0.7453,winvoker
"lakin açma/kapama düğmesinin fonksiyonunu anlamadım, cihaz her zaman açık ve telefonu şarj ediyor. dolayısı ile açmaa/kapama tuşunun bir fonksiyonu yok.",mutluluk,üzüntü,0.7453,winvoker
afyonkarahisar   gibi soguk  bir ilde  EKSİ  (5 )  derece sogukta     10  gün   kadar  evde  kullandım   gayet  iyi   sabaha  kadar  odayı aynı sıcaklıkta gördügü  yeri  ısıtıyor  3 gündür  iş yerinde  kullanıyorum  dedigim  gibi  gördügü  yeri  ısıtıyor  bir nevi   güneş gibi   2 metre  ilerisine oturdugunuz zaman  yüzünüzü vicudunuzu  ısıtıyor  ama ayaklarınız  ısınmıyor   iyi tarafı eski ufo lar gibi termostat  attıgı zaman kendini kapatmıyor  ısı ayarını kısıyor   elektirik sarfiyatı  nasıl  daha  belli  degil,üzüntü,mutluluk,0.7452,winvoker
ürün fiyatına göre iyi. montaj parçalarını fazla fazla koymuşlar. arka plakanın çiviyle çakılıyor olmasını beğenmedim. çekmecelerin alt plakaları da biraz ustalık istiyor yamuk çakmamaya gayret etmek gerekiyor.,mutluluk,üzüntü,0.7452,winvoker
Sanki seni aldatıyormuş gibi...,nötr,öfke,0.7451,goemotions_tr
[NAME] serbest atış yaptığında ön sıradaki adamın göbeğini gerçekten görebiliyorsunuz. Harika,mutluluk,sevgi,0.7451,goemotions_tr
Kendin ol lol. Bazı kızlar garip/aptalca şeyleri sevimli buluyor ًں¤·ًںڈ»â€چâ™‚ï¸ڈ,mutluluk,sevgi,0.7449,goemotions_tr
çok güzel ama leonar do bencede haklısın ice age ten daha güzel değil,mutluluk,üzüntü,0.7449,winvoker
fiyat olarak makul ama önceki model 1600 w olunca 800 w model zayıf kalıyor,mutluluk,üzüntü,0.7449,winvoker
"filmin fantastik yönüne ağırlık verilmemiş.izlerken çoğunlukla gördüğüm şey faşist Franko izlerinin devam ettiği bir bölgedeki Gerilla asker mücadelesiydi...Ofelia nın hayal dünyası arada bir hem onu hem de bizi rahatlatıyordu...çünkü hayallerde hiçbirşey imkansız değil ve heran bir mucize bekleyebiliyorsunuz...bu beklentıye ancak filmin sonlarında cevap verılıyor tabi..izlerken acaba Ofelia hayal mi göruyor,yasadıkları gerçek mi diye de düşünüyorsunuz..çünkü hayal ve gercek birbiriyle ayrı ayrı yasanıyor..ve ikisi çok az yerde kesişiyor...herkes kendi mücadelesini verıyor ayrı ayrı.Pan'ın derdi baska Mercedes in ki başka yani..bu da bu filmi çocuk filmi olmaktan cıkartıyor ve unutulmazlara aday yapıyor..kesinlikle tavsiye ederim.",mutluluk,üzüntü,0.7448,winvoker
"orijinaline hiç gerek yok. orijinali ile kıyasladım, kalıp izleri bile aynı. belliki aynı yer biri markalı, birisi markasız üçte bir fiyata satıyor.",mutluluk,üzüntü,0.7446,winvoker
tavsiyem 5 fincan yapıyor diye 5 fincan yapmayın en fazla 4 yapın çünkü kabarınca taşma yapıyor.,mutluluk,üzüntü,0.7446,winvoker
* elektrik kablosu korumasız,mutluluk,üzüntü,0.7445,winvoker
Kusurlu olmalarını istedim .,nötr,sevgi,0.7444,winvoker
Canım ellerim canım tırnaklarım merak etmeyin uzun bir süre patafixe temas etmeyeceksiniz,mutluluk,sevgi,0.7441,winvoker
parfüm ilk sıkışta biraz ağır gibi ama durdukça hafifliyor kokusu sanki ya da bana öyle geliyor :) onun dışında kargo hızlıydı 1 günde geldi. lakin ürün jelatinsiz kutusuyla geldi. bu ilk bakışta orjinallik konusunda kötü bir izlenim uyandırıyor açıkçası.,mutluluk,üzüntü,0.7441,winvoker
2güş girecem,mutluluk,üzüntü,0.7441,winvoker
arkadaşlar herkes bu filmi izlesin ve görsün öncelikle bu film hasılat yapmak için yapılmamış tamamen barların gece geç saatlere kdr eğlenilmemesi gerektiğini çok iyi bir biçimde ortaya koymuşş..Günümüz gençliğinin barlara olan tutkusunu çok iyi ortaya koymuşş..Bu filmden sonra inşallah barlarda gerekli önlemleri alırlar..Türkiye nüfusunun 30 yaş altı insan sayısının 50 milyon olduğu konuşuluyo bu da barlara olan ilgiyi açıkca gösteriyo işte bu film gençleri bilgilendirmek amacıyla çok iyi kurgulanmış bir film ve bu filmden sonra şunu demek istiyorum Nejat İşler gözümden düştü gerek Gülbeyaz gerekse Aliye'de çok iyi bir oyuncu olduğunu söylediğim Nejat İşler hala daha çok iyi bir oyuncu olsa da Bu rolden dolayı gözümden iyice düştü,üzüntü,mutluluk,0.744,winvoker
"Kimsenin sizi umursamadığı ve umursamayacağı bir durumda, ruh sağlığınızı korumaya çalışmanın bir anlamı yoktur.",nötr,öfke,0.7439,goemotions_tr
Hatalar oldukça gelişeceksiniz mücadeleye devam kardeşlerim,mutluluk,sevgi,0.7438,winvoker
"sipariş vermeden önce ürünün iyi çıkmayacağı, paramın boşa gideceği, yüzümün kesileceği veya sakalların alınmayacağı gibi endişelerim vardı. daha önce  hiç traş makinesi kullanmamıştım. bütün endişelerim yok oldu. . 1- yüzünüzü yıkamayın. önce traş olun sonra yüzünüzü yıkayın. 2-makineyi cildinize dik olarak 90 derecelik açıyla tutun. 3- cildinizi gerin, gerilmeyen yerlerde ellerinizle gerin. 4- makineyi yüzünüze eşit olarak biraz bastırın. bastırınca makinenin yüzünüze değen kısmının esnediğini hissedeceksiniz. 5- sakalların tersinden alın. gelelim deneyimime : ürünü perşembe aldım. sonra makineyi şarj ettim. tam 1 saat sonra şarjı doldu. en son salı günü mach 3 fusion ile traş olmuştum. ürünü çalıştırdım ve en hassas duruma getirdim. yukarıda yazmış olduğum şekilde makineyi kullandım. yanaklarda ve burun altında hiç sakal kalmamıştı. çene altı ve boyun kısmında birkaç yerde birkaç sakal kalmıştı. daha önce hiç traş makinesi kullanmayan birine göre ilk traşım mükemmeldi. makinenin almadığı yerlerde birkaç tur daha attım, hafifçe bastırdım, alınmayan tüyler de artık alınmıştı. yanaklar, çene altı ve burun altında hiç hassasiyet yoktu. sadece boynun en altında sakalın bittiği yerlerde hafif bir kızarıklık vardı. traş olduktan sonra sakalların tersine doğru elimi gezdirdiğimde hiç sakal değmedi. gülümsedim. sinekkaydı traş olmuştum. 6 kademeli şarjımın 4 kademesi kalmış 2 kademesini traş olurken kullanmıştım. temizleme ve şarj ünitesine taktım, az kirli ışığı yandı. temizle dedim, yaklaşık 40 dakika sonra  cihaz kapanmıştı. i̇nanın jiletten iyiydi. memuriyette 14. yılın içindeyim, bilseydim daha önce bu marka ve özellikte olan bir traş makinesini alırdım. . sonuç: sinekkaydı traş, minimum tahriş, yumuşacık olan bir cilt, mutlu bir gülümseme&#8230; umarım siz de memnun kalırsınız.",mutluluk,üzüntü,0.7438,winvoker
ezhel yine geliyor aşırı mutluyum,mutluluk,sevgi,0.7438,winvoker
"Hiçbir şey söylemedim. Sadece çok fazla para söz konusu olduğunda değişimin gerçekleşebileceğine dair şüpheciyim. Kararlar satın alınır, yapılmaz.",şaşkınlık,öfke,0.7437,goemotions_tr
"çok farklı bir dilde, çok farklı bir konuda anlatılmış ninatanın bileziği. çooook geçmişte yaşanmış büyük bir aşkın, o döneme göre anlatımı.",üzüntü,mutluluk,0.7437,mteb_product
"yeterli düzeyde işlevini görüyor. ancak zamanla laptopu tutan ayakları kopuyor. çünkü tırnakları bile plastik, en azından ufak bir metal geçirilmiş olsaydı çok daha uzun süreli kullanabilirdik.",üzüntü,mutluluk,0.7437,winvoker
Ve ben bu alt yazının harika olduğunu düşündüğümde birisi bu altın külçesiyle günü kutluyor,nötr,şaşkınlık,0.7437,goemotions_tr
"Çok iyi, çok çok iyi...",mutluluk,sevgi,0.7436,winvoker
Güzel şeyler zaman alır.,mutluluk,sevgi,0.7436,goemotions_tr
">""Aşk"" kelimesini ""tecavüz""e çevirmeliyiz ki liberaller annelerine tecavüz ettiklerini söylesinler!",öfke,sevgi,0.7436,goemotions_tr
"İnternet hızım, kameramın beni algılamaması veya sınav süremin kısalması benim suçum değil.",mutluluk,utanç,0.7436,winvoker
bu filmi zamnında izlemediğim için kendi kendime kızıyorum güzel filmdi ama çok fazla abartanlar var sadece güzel ve etkileyici bir film abartmaya hiç gerek yok bence dünyanın gelmiş geçmiş en iyi filmi (esaretin bedeli).,üzüntü,mutluluk,0.7435,winvoker
"Türkiye Geneli Üniversiteler Arası Nadir Hastalıklar Genetik Tedavi Yarışmamız @RaDiChallenge onlarca üniversiteden 32 Takım ve 150'ye varan idealist genç insanımızın Projelerinin Geliştirilmesine yardımcı olacak 2. Özel Eğitimimiz ""CRISPR Gen Düzenleme"" ile  devam edecek.",mutluluk,nötr,0.7434,winvoker
ffffffhh'ı gerçekten vurgulamalısın,nötr,sevgi,0.7434,goemotions_tr
bu flime kimse laf edemez hayatımda izlediğim en iyi flim,mutluluk,üzüntü,0.7433,winvoker
Ayrıca kadının kapanması psikolojiye aykırı falan değil Kâfir elbette bok atmak için bunu diyecek Yemezler bunları,üzüntü,öfke,0.7432,winvoker
Dürüst olmak gerekirse biraz hayal kırıklığına uğradım,öfke,şaşkınlık,0.7431,goemotions_tr
Cam takıldığında Vista Kulesi ufuk çizgisine çok hoş bir katkı sağlayacak!,mutluluk,sevgi,0.7431,goemotions_tr
"genç ve golsüz TSN'ye teşekkürler, nefret ediyorum",sevgi,öfke,0.7431,goemotions_tr
"Evet, eğer ben olsaydım kulaktan kulağa bağırırdım!",nötr,öfke,0.743,goemotions_tr
Mail için destek verdi .,nötr,sevgi,0.7429,winvoker
eğer 10 numara üzerinden puan vereceksek 5 numara ha iş görürmü görür ama öyle süper bir müzik kalitesi beklemeyin telefon görüşmeleri için ideal,üzüntü,mutluluk,0.7428,mteb_product
Bu nasıl bir ileri görüşlülük nasıl bir vizyon ve misyondur Tabi ki tarafım Türkiye Cumhuriyeti nin bölünmez bütünlüğünde,mutluluk,şaşkınlık,0.7427,winvoker
Geniş çekimler ve sürekli değişen sahneyi izlemek zevk verici .,nötr,mutluluk,0.7426,winvoker
Profilime Enver Paşa koyam Göktürkçe Türk yazam sabah akşam iktidar övem Atatürkçülere saldiram,mutluluk,üzüntü,0.7425,winvoker
"Beyaz Zakkum o kadar harika bir kitap ki, yıllardır aklıma gelmemişti!! Tekrar okumak için kindle'ıma ekliyorum.",mutluluk,sevgi,0.7425,goemotions_tr
Evetttt. Harry Potter'dan nefret ediyordum. Kitap? Film? Oyuncak? Masa oyunu? Kostüm?,tiksinti,öfke,0.7425,goemotions_tr
Bu kötülüğü üstesinden sadece dünyadaki en iyi şaman gelebilir .,nötr,öfke,0.7425,winvoker
Bu dünyada iki tür insan vardır. Eksik verilerden çıkarım yapanlar.,nötr,öfke,0.7424,goemotions_tr
dünyayı kurtaran adamdaki kuklanın bir benzerini de bu filmde göreceksiniz ki eger giderseniz!,üzüntü,mutluluk,0.7424,winvoker
"Flört etmek başlı başına çekici bir şey değildir, ancak (doğru yapılırsa) kişinin kendi cinselliğiyle ilgili sosyal duyarlılığını ve rahatlığını gösterir, bunlar da çekici iki özelliktir",nötr,sevgi,0.7422,goemotions_tr
urunu henuz sarja takmadim .,mutluluk,üzüntü,0.7422,winvoker
Sanırım daha zor sorular sorulabilirdi ama bu bana geleceğe dair daha iyi bir his verdi.,nötr,şaşkınlık,0.7422,goemotions_tr
"Bununla mücadele etmenin en iyi yolu, onunla her şekilde mücadele etmektir.",nötr,sevgi,0.7421,goemotions_tr
kısaca ilgi ve alakanıza teşekkür ederim.,mutluluk,sevgi,0.742,winvoker
"Her geçen gün, gerçek bir ruh sağlığı sorunu ile birinin bunu sadece bir pislik olmak için bahane olarak kullanması arasındaki farkı söylemek daha da zorlaşıyor.",öfke,korku,0.742,goemotions_tr
bunu alırsanız sizlerde göreceksiniz.,üzüntü,mutluluk,0.7418,winvoker
Sanırım gerçek hayatta berbat birisin.,nötr,öfke,0.7418,goemotions_tr
aracim bmw f20 kasa kapi fitillerinden cok ses geliyordu ne denediysem olmadi en son bu ürün tavsiye edildi ve ses tamamen kesildi eğer sorun fitil sesi ise kesinlikle kullanin ne kadar kalici olur onuda zaman gösterecek.,mutluluk,üzüntü,0.7418,winvoker
Haha! Yorumunuzdan sonra bunu fark ettim. Kesinlikle bir tahta bacakla Loubs'ta yürümeye çalışmıyorum LOL,mutluluk,öfke,0.7416,goemotions_tr
"Vay canına, ben bir aptalım.",mutluluk,öfke,0.7415,goemotions_tr
Şuana kadar izlediim en iyi film tartışma bile yapmam.Aşırı derecede etkilendim.Birkaç hafta sürekli bu filmi düşündüm.İzlemeyen kalmasın.,mutluluk,üzüntü,0.7415,winvoker
Favori: Hardhomme! Sonundaki o destansı bakış! En sevmediğim: Hiç kimse. Tamamen saçma ve inanılmaz,mutluluk,öfke,0.7414,goemotions_tr
En iyilerden biriydim. En az 50 eşleşme elde ediyordum. Saç dökülmesi beni aniden görünmez yaptı,üzüntü,gurur,0.7413,goemotions_tr
eğer bu dizi seyretmediyseniz çok yazık size üzülüyorum... bir dizi bukadarmı güzelliklerle dolu herkes herşey süperr,mutluluk,üzüntü,0.7412,mteb_product
Sadece izle kendini filme bırak,mutluluk,üzüntü,0.7412,winvoker
"Simone filmini superonline'ın düzenlediği öngösterimde izleme olanağı buldum. Açıkça ifade etmeliyim ki ilk hissettiğim şey Al Pacino'yu özlemiş olduğumdu. Bir de Al Pacino'nun yaşlanmış olduğu... Filmden bahsetmek gerekirse konusundan anlaşılacağı üzere kariyeri sona ermekte olan başarılı bir yönetmenin sanal ortamda oluşturulmuş fakat gerçeğinden ayırt edilemeyecek seviyede mükemmel hazırlanmış bir tasarımla ünlenme yanılgısından bahsediyor.Filmde daha çok hakim olan komedi unsurları başarılı denebilir ama imgesel bağlamda anlatmak istediği olguları başarılı altmetinlerle destekleyemediği de aşikar. Oluşturulanın oluşturanın önüne geçmesi ve bunun komedisi izleyiciyi inandırmakta güçlük çektirse de bir pop-corn filmi diye düşünülerek hoşça vakit geçirmeniz de olası.Yani sinema haftasonu eğlencenizse şu sıralar gidilecek en iyi filmlerden biri olduğunu söyleyebilirim. Al Pacino'ya gelince bir çok filmi hasılat rekorları kıran ve yine bir çok filmi eleştirmenlerin gözünde de kaliteli yapımlar olan bir aktör.Bunu hepimiz biliyoruz. Fakat ilahi kader eğer genç ölmezsek hepimiz yaşlanacağız. Al Pacino'nun da farkedilebilir derecede yaşlandığını bu filmde gördüm ve biraz hüzünlendim doğrusu.Nerede Michael Corleone,Tony Montana; ve nerede Victor Taransky... Neyse yine de yaşlılığın bir bilgi birikimi olduğunu unutmayıp ona göre değerlendirmek gerek. Yönetmen Andrew Niccol daha önce Truman Show'un senaryo yazarlığını ve Gattaca filminin yönetmenliğini yapmış başarılı bir yönetmen. Yine gizliden gizliye benzer temalara dokundurduğu da dikkatlerden kaçmıyor açıkçası. Hatta Simone'un filmindeki arabalı sahneyi izleyenler Gattaca dan hatırlayacaktır. Yine de bu filminin diğer ikisi düzeyinde başarılı olduğunu düşünmüyorum Her neyse Simone filmi haftasonunuzun eğlencesi olabilir fakat derin anlamlara takılanlar için tatminkar olmayacağı da bir gerçek...Bol sinemalı günleeer.",mutluluk,üzüntü,0.7412,winvoker
Aslında dengeli bir öğün yedim... Öncesinde de birkaç tane alkollü içecek içtim.,mutluluk,sevgi,0.7412,goemotions_tr
"kılıf kibar kaliteli sanki tlf da takılı değil gibi,tlf orginal görüntüsünden bişey kaybetmiyor.kimse bahsetmemiş ama benim iphone 6 da ses tuşlarına kılıf bariz şekilde denk gelmiyor diğer bütün tuşlar ve konektörlere kılıf tam denk geliyor,tek olumsuz bunu gördüm.",mutluluk,üzüntü,0.7411,winvoker
çok sidetle izlemenizi tavsiye ederim yoksa sizde bu film ben size gönderim dvd sini :) puanı 10/1010 1 milyon film icinden ilk 10 a girecek bi film izlemeyenler cok fazla şey kaybediyorlar..,mutluluk,üzüntü,0.7411,winvoker
kargo bile hızlı geldi beni bayağı bir şaşırttı.,mutluluk,üzüntü,0.741,winvoker
"aç kapa mantığı aşşağı yukarı şekilde olduğundan göbek yıpranmaz uzun süre sorunsuz kullanılır 15 sene önce takmış olduğum aç kapa muslıuğu hala kullanıyorum ve hiç bir problemi olmadı , bu musluktaki aç kapa sağa sola ;  göbekte sert daha çabuk yıpranır .normal musluklara takılan aç kapa göbekleri ne kadar kaliteli olursa olsun  sağa sola çevrildiğinden zorlamaya maruz kalıyor ve her zorlamada göbekteki parça aşınıyor kısa bir süre sonra damlatmaya başlıyor bu muslukta olacak şey aynı.  aynı zamanda musluk başlığı bu şekilde çok kullanışsız",üzüntü,mutluluk,0.7408,winvoker
Of! Bu çok sert vurdu,üzüntü,öfke,0.7408,goemotions_tr
"Üzgünüm, sen başkalarının zevk alması yüzünden bir şeylerin tadını çıkaramıyorsun lol. Kaybın büyük.",mutluluk,utanç,0.7408,goemotions_tr
arkadaşlar bu ürünün diğer ürünlerden ne eksiği veya ne fazlası var cruzer4 ile aynı özellikleri var gibi ama fiyat farkı neden bu kadar fazla farklı bi özelliğimi var crzr4 ün anlamadım gitti kararsız kaldım ya,mutluluk,üzüntü,0.7406,winvoker
asla yüksek bir performans beklemeyin. 1 saat bastırmadan beklerseniz ancak tabakayı temizler. normal topuk taşının yaptığı işi 1 saatten yapıyor.,üzüntü,mutluluk,0.7406,winvoker
Dikkat çekmek istemiyorum .,nötr,öfke,0.7405,winvoker
Her seferinde birileri bu kelimeleri karıştırdığında altına sıçtığın için üzgünüm.,üzüntü,öfke,0.7405,goemotions_tr
ama gülmekten ağlıyorum çünkü o da benim 15 yaşındayken çıplak bir palet aldığımda yaptığım gibi aynı şekilde pan yapmış,nötr,öfke,0.7405,goemotions_tr
Toyota'dan oldukça tipik geliyor kulağa. Aynı hikayeyi çok fazla kişiden duydum. Gerçekten üzücü çünkü onlar her zaman en iyisiydi.,üzüntü,tiksinti,0.7404,goemotions_tr
"fena bi film degildi ama bu gizem örgüsünden sonra müthis sasirtici bi final bekliyo insan ister istemez,bu finali göremedik...hopkins ve ryan çok iyi is çikarmislar bana göre,özellikle genç ryan.",mutluluk,üzüntü,0.7404,mteb_movie
"kış lastikleri konusunda dünyada tek doğal ortam en uzun test pistlerine sahip kuruluşdur. birçok bilindik lastik üreticisi, ürettikleri kış lastiklerinin testini nokiana yaptırır. hatta biraz daha ileri gidelim. bridgestoneun i̇skandinav ve rusya pazarına verdiği lastiklerin üretimini nokian yapar.",mutluluk,nötr,0.7403,winvoker
Beklemek için çok fazla zaman var gibi görünüyor... Başka seçeneklere ihtiyacım olabilir.,şaşkınlık,sevgi,0.7402,goemotions_tr
İşin  gücü yok saldıracak insan arıyo buda noldu magazin de rant elde edemedin mi,mutluluk,üzüntü,0.74,winvoker
Of bu çok canımı sıktı,mutluluk,öfke,0.7399,goemotions_tr
"Cam kısım ayrılmıştı tekrar yollamak la uğraşmamak için kendinmiz
hallettik onun dışında iyi",üzüntü,mutluluk,0.7397,winvoker
"Ah özür dilerim, gazetecilerin aslında kendi başlarına düşünebilen özerk insanlar olmadıklarını fark etmemişim.",üzüntü,şaşkınlık,0.7397,goemotions_tr
fazla hayel kurmayın bence ama yinede idare eder bişey derin cizgileri yok etmiyo cok ince cızgileri karşıdan bakınca yokmus kadar yok ediyo ama yakından bakınca cızgiler hep aynı yerinde duruyo...,üzüntü,mutluluk,0.7396,winvoker
ürün alıcısı biraz zayıf gibi ama sıkıntı yok sadece alıcı ışığı daimi olarak yeşil yanmıyor turuncu yanıp sönüyor dağıtıcı ise gayet iyi uzun koridor ve iki oda geride bile 2 diş çekim sağlıyor.,mutluluk,üzüntü,0.7394,winvoker
hediye içi teşekkür ederim :),mutluluk,sevgi,0.7393,winvoker
"[İSİM], Virginia gibi artık kararsız bir eyalet olmasa da çok da uzun zaman önce kırmızı olan bir eyalet için oldukça iyi bir sonuç.",mutluluk,şaşkınlık,0.7392,goemotions_tr
kırmızıyla sınav okuyorum.,mutluluk,üzüntü,0.7392,winvoker
"güzeldi ama 1 ve 2 daha güzeldi. çok uzundu ve bir yerden sonra baydı. ama hoş, iyi bir filmdi genede...",mutluluk,üzüntü,0.7392,winvoker
Bunu yapma sakın,öfke,korku,0.7388,goemotions_tr
daha pahalı cihazların yapıp da bunun yapamadığı bir şey yok.aynı işi daha ucuza yapıyor.daha ne olsun...,mutluluk,üzüntü,0.7386,winvoker
Eğlenceli bir sohbetti. Seni kopyala yapıştıra alıştırmışım sanırım.,mutluluk,sevgi,0.7386,goemotions_tr
kapakları açıp mangal gibi kullanılması çok güzel ama diğer makinaların yanında verilen tavası yok tavasıda olsaydı 10 numara makinaydı ama 10 üzerinden 8,üzüntü,mutluluk,0.7385,mteb_product
Arkadaşın dediği gibi ben tangoyu hiç sevmezdim pacinoyu gördükten sonra bende yapmak istiyorum tango dedim;),mutluluk,üzüntü,0.7385,winvoker
Merhaba küçük timsah. Neredeyse kayıyordun. OH SİKTİR HAYIR HAYIR HAYIR ALIGATRR LÜTFEN BANA GİTMEYİN,nötr,öfke,0.7385,goemotions_tr
Ama şimdi değil .,nötr,öfke,0.7385,winvoker
"film ilk saniyesinden son saniyesine kadar heyecanını yitirmiyor.yaklaşık 2,5 saat sürmesine rağmen akıcılığından zamanını nasıl geçtiğini anlayamadım.film heyecanından bir ara sinemada olduğumu unuttum,oradayım sandim.ama şayet filmin çekildiği afrika ülkesinde gerçekten anlatılan olaylar yaşandı ise o kadar insana çok çok yazık ve bence bu dünyanın ayıbı,yazık.filme 10 üzerinden 10 ,kesinlikle izleyin.",mutluluk,üzüntü,0.7384,winvoker
fena sayılmaz...şöyle böyle 5 i hak edior...izlenebilir keyifli bir film...,üzüntü,mutluluk,0.7384,winvoker
güzel gibi hissediyorum umarım iyidir,mutluluk,sevgi,0.7383,winvoker
Siz çıldırmışsınız,mutluluk,öfke,0.7381,winvoker
Toplumun daha büyük iyiliği için bireysel hakları feda etmek. Faşizmin tanımı budur.,mutluluk,nötr,0.738,goemotions_tr
Bu sıcaklıktaki hava sizi öldürebilir.,nötr,korku,0.7379,goemotions_tr
Penguenlerin hareket ve tavırları çok eğlenceli lemuruda unutmadan hakkını verelim.Acaba madagaskar 3 gelecek mi?,mutluluk,şaşkınlık,0.7378,winvoker
one earphone is louder than the other.,üzüntü,nötr,0.7376,winvoker
urunu aldim kullaniyorum tek pismanligim daha onceden siparis vermemis olmam tavsiye ederim .,mutluluk,üzüntü,0.7376,winvoker
Çok başarılı geçer .,nötr,sevgi,0.7375,winvoker
Bu bize daha çok benziyor,nötr,tiksinti,0.7375,goemotions_tr
yorumlara bakarak aldım kokusunu geçtim sıktım bir saat sonra koku namına hiç birşey kalmadı hem kolumda hem üstümde,üzüntü,mutluluk,0.7374,winvoker
Gerçek Bir Film Arıyorsanız İsleyin :P,mutluluk,üzüntü,0.7373,winvoker
akp tarımı başaramadı diyelim sizin bu konuda daha başarılı kapsamlı ve detaylı bir projeniz var mı,mutluluk,şaşkınlık,0.7373,winvoker
lol [İSİM],mutluluk,şaşkınlık,0.7373,goemotions_tr
"Bence şu orjinal hikaye kıtlığında böyle bi filme izlesenizde olur izlemesenizde demeniz büyük haksızlık. Yani ne bekliyosunuz yada nesi kötü. Oyunculuk, kurgu, senaryo harika. Tamam muhteşem bi gerilim yada korku sunmuyo ama oldukça şaşırtıcı ve merak uyandırıcı bi film. Bittiğinde filmi izlemeye başladığınızın çok dışında bi ruh halinde oluyosunuz.",mutluluk,üzüntü,0.7373,winvoker
Biraz deişik sankiii...Ama yorum konusunda arada bıraktı beniii..Çekimserr :=).,mutluluk,üzüntü,0.7373,winvoker
Bu yeterince gündeme getirilmeyen bir konu.,şaşkınlık,öfke,0.7371,goemotions_tr
Ergür Altan: Orospu Çocuğu,üzüntü,öfke,0.7371,winvoker
Deneyin amacı da bu zaten.,şaşkınlık,nötr,0.737,goemotions_tr
15 yıllık okul hayatım boyunca tek bir siyah öğretmenim olmadı. Bölgenin bunda kesinlikle bir rolü var ama yine de biraz şok edici.,nötr,şaşkınlık,0.737,goemotions_tr
Güvercinlerin bunu yaptığını gördüm. Kontrol edene kadar yaralı veya ölü olduklarını düşündüm.,nötr,şaşkınlık,0.7369,goemotions_tr
13mp arka ve 8mp panoromik ön selfie kamerasının çok ne olması...,mutluluk,üzüntü,0.7369,winvoker
Bu filme aslında şöyle bir kısıtlama getirilmeli ki kimse hata yapıp girmesin..'ergenlik çağını geçenler için uygun değildir',üzüntü,öfke,0.7369,winvoker
Bu kesinlikle harika olurdu,mutluluk,sevgi,0.7368,goemotions_tr
tavsiy eederim,mutluluk,sevgi,0.7367,winvoker
onun dışında koltuk altı uzun sürsede alıyorsun,üzüntü,mutluluk,0.7366,winvoker
değişik markalara ait farklı seçenekler denedim. eşim ile en memnun kaldığımız ürün durex fetherlite ultima ince. diğerlerine vereceğiniz paraya yazık.,mutluluk,üzüntü,0.7366,winvoker
Bir filmden alıntı yapan bir bota cevap verdiniz.,nötr,öfke,0.7366,goemotions_tr
sıkıcı ve kötü,üzüntü,öfke,0.7366,winvoker
Tamam. İyi fikir!,mutluluk,sevgi,0.7366,goemotions_tr
Güzeldi animasyon ekibi berbattı.,mutluluk,üzüntü,0.7365,winvoker
Son dönem Türk sinemasının en iyi dramlarından. İzlerken hafiften Uzak doğu filmlerinin havasını aldım sanki; özellikle de Deniz`in hayal dünyasında. Genel olarak iyi bir film ama son sahne bence gereksiz olmuş daha iyi bir final olabilirdi. Çocuğun hayal dünyasını bize izlettirmek iyi bir fikir olsada zamanında ben de hayal perest bir çocuk olduğumdan o duyguyu veremedi bana; daha iyi işlenebilirdi. Her sinema sever mutlaka izlemeli. İkinci kere izlenir mi ? Sanmıyorum... 8/10,mutluluk,üzüntü,0.7364,winvoker
Davar oglu davarlara inat sort giymeye tam gaz devam..,üzüntü,mutluluk,0.7364,winvoker
"Kaliteli bir animasyon, yine bir Pixar şaheseri, rendering nispeten kötü olsa da yaratıcılığa söyleyecek sözüm yok. Afiş de çok sönük ama olsun.",mutluluk,üzüntü,0.7363,winvoker
yağmurlu havalarda araç kullanmak epeyce eziyet biliyorsunuz.,mutluluk,üzüntü,0.7362,winvoker
evde kullanıyordum iş yerinede aldım. diğer markalara okadar çook para vermeye değmez çünki bukadar emiş gücü yok halıyı makinadan ayıramıyorsun desem abartısız olur,mutluluk,üzüntü,0.7362,winvoker
Bu katliama sessiz kalma CHP li Küçükçekmece belediyesi kediyi öldürüp ağızlarını bağlanarak çöp konteynerine attı,mutluluk,tiksinti,0.736,winvoker
Köpek varken nasıl kedi sevebiliyor,mutluluk,şaşkınlık,0.736,winvoker
Güzel bir film ama benzerlerine göre basit bir senaryo derim.Ama Jim Careyden komedi filminden sonra bu kadar iyi bir performans beklemiyordum.Bu adam Oscarı kesinlikle hakediyor.Artık alsın Oscar yöneticilerine duyrulur.,mutluluk,üzüntü,0.7359,winvoker
"ürün fiyatı itibariyle beklentileri karşılayacak nitelikte. tabii ki az para ödeyip çok fazla şey beklerseniz hayal kırıklığı olabilir. boyutu, emiciliği iyi ancak koku tutması sıkıntılı. bizim kedimizin kumu ortama koku yaymayacak bir noktada olduğu için sıkıntı olmadı.",mutluluk,üzüntü,0.7359,winvoker
özelliklerinin altında bir ürün değil ??,mutluluk,üzüntü,0.7359,winvoker
Sadece Haluk BİLGİNER.,üzüntü,öfke,0.7359,winvoker
Siktir orospu çocuğu,üzüntü,öfke,0.7358,winvoker
urun de bi sıkıntı yok gibi ama kirecte başarısız kesnlikle kirecle badana yapmayı düşünüyorsanız almayın artı boyada fırca ve ruloya oranla çok gidiyo ama kargo teslimatı çok iyi 2 günde elime geçti,üzüntü,mutluluk,0.7357,winvoker
Youtube benim Vikipedim. Herhangi bir ilgi alanıyla ilgili videolar. Ama bazen detayları öğrenmek istediğimde Vikipedi'yi de okurum.,nötr,şaşkınlık,0.7356,goemotions_tr
Susmayarak uzun vadede kazanırsın.,mutluluk,sevgi,0.7356,goemotions_tr
"Biyografisinde ne yazarsa yazsın, eğer çirkinsen işin bitmiştir.",mutluluk,tiksinti,0.7355,goemotions_tr
*pempe olanı tercih ettim kasası oldukça sağlam görünüyor ancak arka kapak biraz zayıf.,mutluluk,üzüntü,0.7354,winvoker
"Bu, [İSİM]'i yalancı olduğu için aramak gibi bir şey. İnsanların fare olduğunu söylüyor.",nötr,öfke,0.7354,goemotions_tr
Demet Akalın a neden bu kadar kızıldığını anlamadım İstikrarlı şekilde devam ediyor işte Gerekirse küfrediyor gerekirse,mutluluk,öfke,0.7353,winvoker
plastikten bir ürün - tuttuğunuz zaman elinizde kalıyor,üzüntü,mutluluk,0.7352,winvoker
RUSSELL CROWE...MÜKEMMEL...,mutluluk,öfke,0.735,winvoker
"""Üzerinde kıyafet olmadan biraz daha yaşlı görünüyorsun"" - [İSİM]",nötr,şaşkınlık,0.735,goemotions_tr
şişko yanaklarımı yoketme hilesi neydi acil biri söylesiin,mutluluk,üzüntü,0.7349,winvoker
ben böyle bir şey görmedim çok satılsın diye mi böyle bir politika izliyorlar arkadaş. sabah sıkın 4-5 saat sonra gidiyor kalıcılığı.,mutluluk,üzüntü,0.7349,winvoker
"2014 kışını hatırlıyorum, -20'li rüzgar soğuklarıydı. Herkes suyu kaynatıp havaya atıyor ve buharlaşmasını izliyordu.",nötr,şaşkınlık,0.7349,goemotions_tr
İçine sinmiyor değil mi? Bilmece gibi konuşmuyorum. İyi şanslar,sevgi,şaşkınlık,0.7348,goemotions_tr
"Bilmiyorum, bana daha çok [İSİM] gibi görünüyor, beni ikna eden şey doğrudan sarılmaya gitmesi.",nötr,şaşkınlık,0.7346,goemotions_tr
Birileri ne pahasına olursa olsun Herzoslovakya’da monarşinin tekrar kurulmasına engel olmak istiyordu .,nötr,öfke,0.7346,winvoker
"Ey ölümsüz Türk milleti kendine dön. Su gibi akıttığın kanına, dağlar gibi yığdığın kemiklerine lâyık ol.",mutluluk,sevgi,0.7346,winvoker
Fotoğrafına bakıp yüzünün her zerresini incelemek.,mutluluk,sevgi,0.7345,winvoker
"Boba'nın şu anki çalışma şekli onun görevden alınmasını yeterli kılmıyor. Teknik olarak bozuk olan [İSİM] değil, hedef sistemin çalışma şekli.",nötr,öfke,0.7345,goemotions_tr
"/s'yi Teksas diline iyi çeviremedim ve unuttum, bu yüzden özür dilerim hepinizden :)",üzüntü,utanç,0.7344,goemotions_tr
Cesaretin varsa her şey bir yapay penistir,mutluluk,sevgi,0.7344,goemotions_tr
bugün teslim adım çok güzel yoltutusu fiyatı da güzel kötü kısmı yaptırmaya bi dünya para alıyorlar ara yerde indirim gidiyor yanı fark eden bisiyok anı paraya denk geliyor,mutluluk,üzüntü,0.7343,winvoker
"Evet, zihinsel olarak hafifleyen tüm insanlar, onun dikkatlice öne sürdüğü %70'lik vergi oranı yerine buna akın edecek.",nötr,öfke,0.7343,goemotions_tr
"16000 mah değerine sahip bir taşınabilir pilin, çok büyük ve ağır olduğuna dair şikâyetlere anlam veremiyorum. en nihayetinde içerisinde pil var ve yeni bir teknoloji geliştirilmediği müddetçe de bu değere sahip taşınabilir şarjlar bu boyutta ve ağırlıkta olacaklardır.",mutluluk,üzüntü,0.7342,winvoker
Ayasofya ya halı almak ne demek Ayasofya ya halı olurum,mutluluk,şaşkınlık,0.7342,winvoker
"bn filmi izlemedn önce kitabını okumuştum o yüzden biraz hayal kırıklığına uğradım açıkçası.tabi o kitabın verdiği tadı, ayrıntıları filmde göremiosunuz...ama adamlar bu kadar sığdırabilmiş kitabı filme diye düşününce ii bi film olduu sölenebilir...ama bnce kitabını alın okuyun ve filmini izlemeyin kitap size yetecek de artacaktır:)",mutluluk,üzüntü,0.734,winvoker
mükemmel bir ürün fakat 4 kedimden 3ü sevmedi. ne zaman taramaya başlasam kaçtılar. ama buna rağmen kedileri tutup elimizden geldiğinde taramaya çalıştık ve hepsini 2 şer dakika ancak taradık. ona rağmen eve dökülen tüyler gözle görülür şekilde azaldı.,mutluluk,üzüntü,0.734,winvoker
Henüz çocuklarla tanışmaya gitmek istemiyorum. Henüz hazır değilim ;(,nötr,öfke,0.7339,goemotions_tr
"Buradaki vejetaryen anlayışı modern ""vejetaryenlik""ten çok daha farklıdır .",nötr,öfke,0.7336,winvoker
Ben hala bir çocuğum,nötr,gurur,0.7336,goemotions_tr
"Hiçbir zaman bir şeyi neredeyse savuşturmaktan, neredeyse kusma noktasına gelmedim, aman Tanrım.",tiksinti,öfke,0.7335,goemotions_tr
Neden 6/7'ye vuruyormuşum gibi görünüyor ve kusmadan daha derine inemiyorum. Daha fazla bok görmek ve hissetmek istiyorum FML lol.,mutluluk,öfke,0.7332,goemotions_tr
"bir dahaki sefere adama otundan bir nefes teklif et, bunun benim başıma gelmesini bekliyordum",nötr,öfke,0.7332,goemotions_tr
"Aslında ne iyi ne kötü diyebiliyorum bu film için ama farklı olduğu kesin.Bazıları için mide bulandırıcı olabilir,bazıları için de sıradışı,büyüleyici olabilir.Ben hepsini bir arada yaşadım.Yine de senaryoyu yazanı ve oyuncuları tebrik etmek gerek.",mutluluk,üzüntü,0.7332,winvoker
teşekkurler,mutluluk,sevgi,0.7332,winvoker
"Bu videonun sekse ihtiyacım olduğunu nasıl ima ettiğini anlamıyorum? Ayrıca, bu benim videom değil. OP'yi dene.",nötr,öfke,0.7332,goemotions_tr
Google görsellerine bak. ASLA iyi bir saç kesimi olmadı.,üzüntü,öfke,0.7332,goemotions_tr
ürün hızlıca teslim edildi. ama ürün umduğundan çok daha ince geldi.,mutluluk,üzüntü,0.7331,winvoker
bence bu para için biraz pahalı ama bu parayada buna benzer bişey almakta kolay değil. alacak olanların hevesini kaçırmiyim. telefonumda hep internet olsun ve fiyat çok uçuk olmasın diyenlere tavsiye ederim,üzüntü,mutluluk,0.7331,winvoker
Ben filmi türkmax da izledim...mahkeme salonundaki konuşmasında hüngür hüngür ağladım..arkadaşlar yapmayın film süperdi...milyon $ harcanmamış...Bunun gibi bir film daha yapılsa yeşilçamda...inanın ki eski günlere geri döner,üzüntü,mutluluk,0.733,winvoker
Lütfen diş macunu olarak kullanmayın. Dişlerinizi mahveder.,sevgi,öfke,0.733,goemotions_tr
"tarihi kurgu romanları sevenler saray hayatını merak edenler için beklentileri karşılayan bi kitap bence ben beğendim kalın ama çabuk bitiyor yalnız kitabın son bölümlerine kadar ayrıntılı giden olarlar son bölümlerdebirden kesilmiş sanki yazar ""amaan yeter bu kadar yazdığım "" demiş gibi birden kesivermiş toparlamış romanı onun dışında okuması keyifli bi kitaptı..",üzüntü,mutluluk,0.7329,mteb_product
bir haftadır kullanıyorum. büyüklüğünden dolayı otobüste tek elle kullanmak yada çantasız yanında bulundurmak çok zor. bunun yanında resimlere bakmak ve internette gezinmek çok daha sorunsuz. boyutuna karar verdikten sonra performans olarak hiçbir sıkıntı yaşamadım. performans isteyen oyunlarda beklentiniz yüksek olmasın. ayrıca kamera performansı da çok iyi değil. i̇nternette gezerim. sorunsuz uygulama açar kapatırım derseniz fiyatına göre çok iyi. performans konusunda genel bir handikap da şu: hangi androidi alırsanız alın performans düşüşü 6 aydan sonra kaçınılmaz. bunun nedeni birincisi işlemci yoruluyor ikincisi ise uygulamalar daha çok performans gerektirecek şekilde güncelleniyor. bu performans artışı android telefon üreticileri tarafından ve google tarafından destekleniyor. çünkü insanlar yavaş telefonlarını bırakıp yenilerini alsınlar diye.,mutluluk,üzüntü,0.7328,winvoker
"Gerçekten, güç oyunu koçumuzu gönderelim",nötr,sevgi,0.7328,goemotions_tr
[İSİM] adlı çocuğun ayakkabıları hepimizden daha pahalıydı,nötr,şaşkınlık,0.7328,goemotions_tr
bu filme yorum yapmaya gerek yok yine ton hanks yine `luk bir film..,mutluluk,üzüntü,0.7328,mteb_movie
[NAME] o elbisenin içinde bir kurtçuk gibi görünüyor,nötr,öfke,0.7327,goemotions_tr
"Tüm o boş koltuklar, kafamı sallıyorum. Rangers'ın kendi evinde katledilmesini izlemek için 300$+ ödemeyi hayal edin. Ve yine de daha fazla gol istiyorum haha.",mutluluk,öfke,0.7327,goemotions_tr
ses konusunda sizi  rahatsiz etmeyecek kadar sesle calisiyor ama tamamen sessiz diyemem.alt kata ses gitmemesi icin ben bir kosu bandi alttligi aldim.aksi taktirde skinti olabilir:d,mutluluk,üzüntü,0.7326,winvoker
Gayet sağlam bir yapıt..Zaten şu sinema denen sanatta kaç tane iyi film var ki? Yalnız tam 10 puana doğru gidiyordu ki sonunu tahmin edebildim..Neden daha etkileyeci bir son yapmamışlar?Anlamak mümkün değil..Her güzelin bir kusuru elbet olacak ama neden Godfather'da böyle şeyler yok?,mutluluk,üzüntü,0.7325,winvoker
Bir askerin isteyeceği son şey savaş arkadaşlarıyla anlaşmazlığa düşmektir.,nötr,öfke,0.7325,goemotions_tr
psikopat bir film olmus ilk filme nazaran daha kanli ve dehset verici öldürmeye doymayan bir seri katilin hikayesi. . mideniz kaldiriyorsa izleyin.,mutluluk,üzüntü,0.7325,mteb_movie
Sosyal medyanın manyakların bir araya gelmesine nasıl izin verdiği şaşırtıcı. Sosyal medya bizim için çok kötü.,öfke,tiksinti,0.7323,goemotions_tr
"15 cm derinlik, 10 metre civarında uzun su birikintisi: tek dert etrafta sıçrayan araçtan yüksek suyun nereyi ıslattığı. kızaklama vs.yok.",mutluluk,üzüntü,0.7323,winvoker
"Ben de aynı şeyi düşündüm! ""Aman Tanrım, hayır!"" dedim.",nötr,şaşkınlık,0.7322,goemotions_tr
"Haklısın ama ""sadece kendine güven"" (bunu söylemediğini biliyorum) çekici olmadığında gerçekten zor",mutluluk,sevgi,0.7321,goemotions_tr
"sipariş verirken beklentim düşüktü+ olumsuz yorumları da okudum ama deneyim dedim. i̇yi ki aldım bu ürünü. inanılır gibi değil, tüm lekeleri çıkardı. dişteki ton sararmalarında çok bişey yapmıyor ama ciddi lekelerim vardı özellikle kahve ve sigaradan. yok oldular hem de 10 dk gibi bir sürede. denemek isteyenler rahatlıkla alabilir",mutluluk,üzüntü,0.7321,winvoker
Bu dahiyane,mutluluk,öfke,0.7321,goemotions_tr
havasını şişiriyor şişirme esnasında lastik içine giren yapıştırıcının çatlak ve delik yerleri tıkaması için tekerin dönmesi yani aracın yürür  olması gerekir yoksa teker içindeki sıvı donar balans ayarı bozulur lastik tamir görmez her arabada bulunması yararlı,mutluluk,üzüntü,0.7318,winvoker
-sesi az çıkıyor.,mutluluk,üzüntü,0.7318,winvoker
Ben de aynısını düşünüyordum ve mutfak zeminine işediğini okuyunca rahatladım!,mutluluk,şaşkınlık,0.7315,goemotions_tr
Twitter adındaki çirkin maskeli baloyu bir çocuğun temizliğinde samimiyetinde vazgeçmezliğinde gerçeğe çeviren umarız bir an önce aramıza döner,mutluluk,öfke,0.7314,winvoker
Yeni gelenler o zamandan beri flippening'i hiç duymadılar :( bu üzücü,nötr,utanç,0.7313,goemotions_tr
"kutusunun içinden bıçak,larıda çıkacak sanmıştım ama çıkmadı takma aparatı olarak  alyan,ıda çıkmadı alacak olan arkadaşların bunları bilmesini istedim.belkide bana öyle denk gelmiştir bilemiyorum .ama yinede hepsi buradaya teşekkürler",üzüntü,mutluluk,0.7313,winvoker
Keyifli bir film.Özellikle lunaparktaki bahis sahnesi çok güzeldi.Lakin bu tür filmler çok çevriliyor.Onun için izlenebilir de izlenmeyebilir de...Tercih sizin,üzüntü,mutluluk,0.7312,winvoker
ürün güzel ve hızlı .fakat bazen cihazı takmakta zorlanıyorsun. flasın u.ç kısımları içeri kaçmakta.puanı ordan kırdım.,mutluluk,üzüntü,0.7312,winvoker
"Uzun bir sürenin ardından geçen gece rtl de izledim, üstelik filmlerde almanca seslendirmeden nefret etmeme rağmen.Filme o kadar hasret kalmışım ki sabaha karşı tekrarı vardı onu bile baştan sona izledim.Efektler bir yana filmde o kadar çok küçük ayrıntı var ki sürekli vay be demekten kendimi alı koyamadım.Bu film efektleriyle, felsefesiyle, kugusuyla, şuanda aklıma gelmeyen herşeyiyle mükemmel.Onun hakkında yorum yapmak bile bana düşmez aslında.Şimdiye kadar izlememiş olanlar için tek önerebileceğim, filmi dikkatli izleyin, yönetmenin anlatmak istediği bir çok şey ayrıntılarda gizli.",mutluluk,üzüntü,0.7311,winvoker
Hiçbir seçeneği yok. Senin sorunun değil. Bir şarap daha iç!,öfke,sevgi,0.7311,goemotions_tr
o kadar iyi değildi yani başarısızdı,üzüntü,öfke,0.7311,winvoker
"Oligarş sponsorluğunda mı? [İSİM], katılmadığınız fikirlere moda sözcükler atmayı bırakın. Bir kitap okuyun.",öfke,şaşkınlık,0.7311,goemotions_tr
Hristiyanlığın geri kalanını çürütmek için kullandığınız akıllıca ifadeler beni tamamen etkiledi. Roma tek gerçek yuvadır! Yaşasın! Yaşasın!,mutluluk,sevgi,0.731,goemotions_tr
"Şirketin kurucusunun adını taşıması, markayı kurucudan uzaklaştırma noktasında bir soruna dönüşüyor.",nötr,öfke,0.731,goemotions_tr
kabul ediyorum film oyuncuları ele aldığımızda çok harika olağanüstü bir film değil. Fakat işlediği konu itibariyle izleyiciyi ister istemez bağlıyor. sean penn ve jude law rolünün hakkını vermiş. filmin geçiş sahnelerinde jude law ın düşünceleri size eşlik ediyor. İyi ile orta arası diyebiliriz. İzlemenizi tavsiye ederim yine de.,üzüntü,mutluluk,0.7309,winvoker
asaletin ete kemiğe bürünmüş hali,mutluluk,üzüntü,0.7309,winvoker
Bir üzgün insandan diğerine saçını uzatıyorsun,üzüntü,öfke,0.7308,goemotions_tr
başka söze gerek yok sanırım,mutluluk,üzüntü,0.7307,winvoker
"Görünüşe göre bu 2. bölüm, işte birinci bölüm, weplay'den tüm önemli noktalar",nötr,şaşkınlık,0.7306,goemotions_tr
2 katı fiyat ödemeye değmez bu ürün alınıp kullanılır bence...,mutluluk,üzüntü,0.7306,winvoker
İçerik nedir?,nötr,şaşkınlık,0.7306,winvoker
açıklayıcı bilgi verirseniz memnun olurum. i̇lginize teşekkür ederim.,üzüntü,mutluluk,0.7306,winvoker
"Dur bakalım, köpeğini okşayamayacağım mı? Bu çok üzücü.",üzüntü,utanç,0.7305,goemotions_tr
Ben ve arkadaşlarım az önce Vermintide 2'yi aldık ve bu bir MMO değil ama yaşadığımız birçok MMO sorununu çözdü. Şimdiye kadar oldukça eğlenceliydi.,mutluluk,sevgi,0.7305,goemotions_tr
Ben kötüyüm sen iyi mi???,mutluluk,şaşkınlık,0.7304,winvoker
Tam isabet. Çok akıllıca yorumlarınız var.,nötr,sevgi,0.7304,goemotions_tr
Gözlerimin dolu dolu çalıştığı  hergün mide ağrısı ve bulantısı yaşadığım günler hoşgelmedin. Gelme. Git.,mutluluk,öfke,0.7304,winvoker
kendi müzikleri çalarken bir sıkıntı yok ama hariçten bir müziki son ses çalarkan ara ara hopörler patlak gibi ses geliyor,mutluluk,üzüntü,0.7303,winvoker
ürün kullanışlı hoşuma gitti fakat kullandıkça fark ediyorum ki her kullanımdan sonra şarja takmalısınız 10 saat şarjı yarım saatte tüketmesi tek hoşuma gitmeyen şey oldu.,mutluluk,üzüntü,0.7303,winvoker
"araştırdığıma göre alınabilecek 2 navigasyon cihazı var biri tom tom biri de garmin. ben ömür boyu ücretsiz güncelleme olduğu için garmini tercih ettim. cihazın artıları kolay kullanım , ömür boyu ücretsiz güncelleme ve estetik görüntü. eksileri yeni rota hesaplama yavaş ( daha önce navitech kullandım onunla kıyaslıyorum) fm aktarıcısı yok .seslerin arabanın hopörlerinden gelmesini tercih ederdim. birde ömür boyu güncelleme var ama nasıl yapılacagı hakkında bilgi yok.internetten araştırdım cihazınız kayıtlı değil dediler. mail gönderdim kayıt olmak için bekliyorum. birde kullanım klavuzu yok çok gerek kalmıyor daha önce kullanan için ama bence yinede bir eksiklik.fiyatına göre 4 yıldızı hak ediyor.",mutluluk,üzüntü,0.7303,winvoker
fiyat olarak piyasaya göre gayet iyi.klavye bölümündeki touch pad çok iyi degil. harici mouse gerekli.,mutluluk,üzüntü,0.7302,winvoker
"Kesinlikle bir cevap yazın, ancak nazik ve saygılı olun.",mutluluk,sevgi,0.7302,goemotions_tr
Bazı sahneleri anlamak için kafa yormak gerekio gerçekten.Nası ya falan oldum filmde.Ama tekrar izlemem lazım sanırım çözemediğim yerler var...,mutluluk,üzüntü,0.7301,winvoker
Uyarı sonu .,nötr,korku,0.7301,winvoker
"Vay canına, bu bir süreliğine bundan kurtulmanın bir yolu ًں¤”",mutluluk,şaşkınlık,0.7301,goemotions_tr
sesi fazla yok. komşuya rahatsızlık vermez. yağı çok az alacak kişiler ilave yağ siparişi versinler....,mutluluk,üzüntü,0.7301,winvoker
CHP Trabzon M Vekili Ahmet Kaya diyor ki Başakşehir e kim yardım ediyor Meclis e `` Araştırma Komisyonu kurulması için,mutluluk,öfke,0.7299,winvoker
"Kahretsin, Young House Love'a tweet atıp tuğlada hangi rengi kullandıklarını öğrenmenin zamanı geldi...",nötr,şaşkınlık,0.7299,goemotions_tr
malzeme kalitesi: çok kaliteli gibi durmuyo malzemesi ancak dikkatli kullanırsanız sorun çıkmaz. üst yüzeyi metal olduğundan daha iyi soğutma sağlıyor.,mutluluk,üzüntü,0.7296,winvoker
"Arkadaşım geldi: ""Kedin neden mor?"" Ben: ""Sarhoş oldu""",nötr,şaşkınlık,0.7295,goemotions_tr
bu fiyat segmentinde a++ olması avantantaj. derin dondurucusu alt kısımda olan bu bu tip buzdolaplarında alt kısmın ışıklandırması yok. kapı alarmı sadece üst kısım için çalışıyor. alarmın seside kısık ve 15-20 saniye çalışıyor. alacak olanların bunları dikkat alması gerekir.  onun haricinde alt kısmın  derin dondurucusu 4 raflı ve geniş.,üzüntü,mutluluk,0.7294,winvoker
kalite durumu ameliyathane bonesi gibi. tek kullanımlık bir ürünün adedine göre fiyatı yüksek. mantıklı ve faydalı bir ürün ama aynı fiyata normal çamaşırda alınabilir.,üzüntü,mutluluk,0.7294,winvoker
"[İSİM], devam et dostum",nötr,sevgi,0.7294,goemotions_tr
ürün göründüğünden daha küçük ama bizim için iyi oldu çünkü odamız küçük.,mutluluk,üzüntü,0.7294,winvoker
ve bu yüzden elinizde olan uydu alıcısı piyasasını kaybettiniz,üzüntü,öfke,0.7293,winvoker
"Aman Tanrım dekanlar, nagito alaka damgasını koymayı unuttunuz",şaşkınlık,utanç,0.7293,goemotions_tr
Bir ışık huzmesi ve bir umut ışığı. Kesinlikle muhteşem.,mutluluk,sevgi,0.7292,goemotions_tr
"yogun bir baharat karışımı bu nedenle bence kış kullanımı için uygun,yaz aylarında agır oluyor,bir cok ürün denedim bu ürünü de senelerdir kullanıyorum bu kadar kalıcı parfüm henüz denk gelmedi. kalıcı değil diyen arkadaşları çözemedim,teninizde uctu diyelim,koku giysiden iki gün cıkmıyor..en önemlisi bu kokuyu beğenmeyen bayanda görmedim ;)",mutluluk,üzüntü,0.7292,winvoker
Film gayet güzel bence diğer herkes gibi yakındığım tek şey alt yazı olmamasıydı bu iyi olmamış ama bunun dışında bildiğiniz simpsons işte anlatmaya gerek olucağını sanmıyorum tereddüt etmenize gerek yok direk dalın,mutluluk,üzüntü,0.7292,winvoker
Tesisteki hizmetler yeterince iyiydi ama ben hastalandım ve doktor yoktu. Sıkıntı yasadım.,mutluluk,üzüntü,0.7291,winvoker
Ne kadar düşünceli ve akıllıca bir cevap. Daha önce hiç kimsenin TD'de bir gönderi paylaştığını belirttiğini görmemiştim. Çok havalı!,mutluluk,şaşkınlık,0.729,goemotions_tr
i̇s pi̇s oluyor i̇nsan.,mutluluk,üzüntü,0.7289,winvoker
"Her sanat & fikir ürününde elestirebilme olanagi oldugu gibi bu filmdede bunu gayet net beyan edebiliriz , önemli olan bunu akilci bir sekilde yapabilmek . Sadece Türkiye demek haksizlik olur , dünya üzerinde varolan çarpik & yozlasmis sinema kültürünün Türkiyedeki ayagi belli basli projelerde ortaya çikar . Çok basit bir örnek vermek gerekirse '' muhtesem yüzyil '' dan bahsetmek mümkün . Haftalar hatta aylarca tartisilan konu Osmanli tarihinin belirli bir döneminde gerçeklesen olaylar gerçektende dizideki gibi miydi ? Ünlü tarihçilerin bile bu sig polemige dahil oldugu bir zaman dilimi yasadik . Herseyden önce sorulmasi gereken muhtemelen bunun bir sinema & kurgu eseri olduguydu . Projeyi üstlenen isterse kendi arastirmalari sonucu edindigi bilgiyi kendi kurgusuna ilintileyip daha subjektif bir senaryo gayet olusturabilir . Ironik bir bag gibi dursada Nolanin son filmindeki dogmatik elestiri yapisinla arada hiçbir fark yok .'' Çizgi romanda bane uzun boylu asiri kasliydi bu filmde öyle degildi '' cümlesi yukarda yaptigim tanimlama için ideal bir örnek . Dersinki Nolanin ortaya koymak istedigi batman figürünü bla bla ayrintilarindan ötürü sevmiyorum . Gayet dogal degil mi ? Yada kendi düsüncemden örnek vermek gerekirse , kedikadin karakterindeki derinlikten yoksun yapi ve saçma kostüm & üslup benim hosuma gitmedi . Gayet denebilir degil mi ? Ama bu bir uyarlama arkadaslar , bunu idrak edemedikten sonra film izlemenin yada içi bos sinema kibrini yazilara yansitmanin bir anlami yok . Elestiri olacaksa en azindan mantikli argümanlar sunmalisiniz .",mutluluk,üzüntü,0.7288,winvoker
Otoriter moderatörleri eleştirdiğim için yasaklandım ve şimdi geri döndüm! Subreddit'in ifade özgürlüğü ilkelerine geri dönmesi iyi hissettiriyor.,mutluluk,sevgi,0.7288,goemotions_tr
Eleştirmenler oyunun derinliğini ve özelliklerinin sayısını överken kontrol şeması ve tek renkli grafikleri eleştirdiler .,nötr,öfke,0.7288,winvoker
Aç köpek şerefsiz o çocuğu,üzüntü,öfke,0.7286,winvoker
Sanırım erkeklerin tecavüz vakalarında masumiyetleri kanıtlanana kadar suçlu olduklarını ve kadınların tecavüz etmesini kabul etmeyen birçok yerin olduğunu kastediyorsunuz,nötr,şaşkınlık,0.7285,goemotions_tr
"Vay canına, bu çok güzeldi.",mutluluk,sevgi,0.7284,goemotions_tr
i̇lk etapta görsel olarak itici. ancak sağladığı tasarruf ve zamanla göz alışınca gayet iyi.,mutluluk,üzüntü,0.7283,winvoker
fiyat ürün kıyaslamasında fiyatın biraz daha düşmesini beklemekteyiz.,mutluluk,üzüntü,0.7282,winvoker
"Bunu bekleme listemde tutuyorum, sabırsızlıkla bekliyorum.",mutluluk,şaşkınlık,0.7282,goemotions_tr
"Tim Burton’un adındaki matraklığı dahi maalesef anlanamayacağı(beter ve böcek demeyin,başka bu)yine ünlü yönetmenin yarattığı ve 1988’den 1991’e kadar sürebilen dizinin uyarlaması.Tam olarak uyarlama değil aslına bakarsanız;Bir kaç ay rötarla da olsa gecikmeyen,Michael Keaton’un müthiş perfonmansıyla favori çizgi film karakterim başarıyla yansıdı sinemalara.E Tim Burton tabii...Hiç bilinmeyen çizgifilmin başarısızlığı için yapılan filmin bu kadar tutacağını kimse tahmin etmemişti herhalde.Başarılı bir korku-komedi klasiği.10/10Öte yandan,film süperdi..",mutluluk,üzüntü,0.728,winvoker
isı ayar düğmesini çevirirken elde kalacak hissi veriyor ama zaten sürekli ısı ayarı yapmam diyorsanız bence sıkıntı yapmayın.,mutluluk,üzüntü,0.7279,winvoker
"Özür dilerim. Benim görüşüm hala geçerli. %0,8'lik bir liderlik en iyi ihtimalle önemsiz bir çoğunluktur. Bir demografik grubun nüfusun çoğunluğu olduğunu söylemek biraz yanıltıcıdır",üzüntü,öfke,0.7279,goemotions_tr
DAHİLİ h265 YiFi ACs eztv,nötr,mutluluk,0.7278,goemotions_tr
"3010 alıp son anda vazgeçtim ki çok iyi yapmışım. 3040 ta sakal inceltme olduğu için bunu seçtim. makine çok kalın yapılmış fakat malzemesi çok kaliteli hiç şarj etmeden bile bir traş çıkardı. sakallarım bildiğim en sert sakal, berberde bile çok sorun yaşıyorum. şu ana kadarki en pürüzsüz traşımı yaptım sadece boyun altında bikaç kere dönmem gerekti. bence ilk traştan parasını hal etti.",mutluluk,üzüntü,0.7278,winvoker
"Dürüst olmak gerekirse [İSİM] bunu durdurabilir, bu noktada eski bir haber aman Tanrım.",öfke,şaşkınlık,0.7278,goemotions_tr
Tamamen katılıyorum,mutluluk,öfke,0.7277,goemotions_tr
[NAME]'den çıkmam gerek,nötr,öfke,0.7275,goemotions_tr
Ondan Tanrı'ya dua etmesini ve çocuklara kanser vermeyi bırakmasını istemesini ister misin?,mutluluk,sevgi,0.7274,goemotions_tr
Vay canına! Tebrikler! Seninle gerçekten gurur duyuyorum. Umarım yakında daha iyi hissedersin. Ne harika bir anne â™¥ï¸ڈ,mutluluk,gurur,0.7274,goemotions_tr
Doğal görünüm mat wax istedim ekstre parlak gönderildi 😡,üzüntü,mutluluk,0.7274,winvoker
sadece bi̇raz büyük,mutluluk,üzüntü,0.7274,winvoker
[İSİM] çünkü o en iyi kurtulan,mutluluk,sevgi,0.7274,goemotions_tr
motorsıklet plakası için biraz uzun yapılmış anlayamadım onu oyle takmaya kalksaydım mıllet bana gülerdi bende taşlama makınesıyle 4 parmak kdr kestım tam oturttum güzel durdu eksığı uzunluğu sadece,üzüntü,mutluluk,0.7274,winvoker
i̇ş görüyor güzel tek kötü yönü tartınca kitlenmesi zaman kaybetiriyor tekrar sıfırlaman gerekir.,mutluluk,üzüntü,0.7273,winvoker
"Eğer bilerek cahil kalacaksanız, tartışacak bir şeyimiz yok. Bu eski fikirlere umutsuzca tutunmakta iyi şanslar.",mutluluk,öfke,0.7273,goemotions_tr
Aynı sanatçıya ait gibi görünen daha eski bir setim var. Sadece birkaç farklı oyuncuyla aynı görünüyorlar.,nötr,şaşkınlık,0.7273,goemotions_tr
bütün tozları kirleri çekti ama daha ağır parçaları çekmekte zorlanıyor,mutluluk,üzüntü,0.7273,winvoker
Ayağa kalkıp adamı nazikçe uyandırırdım - çenesini kırabilirdi -,nötr,öfke,0.7272,goemotions_tr
aslında tam evlenilecek kızım damalafat kocaman,üzüntü,mutluluk,0.7271,winvoker
tamam sanırım hakemler bu maçta bizi seçmedi [İSİM],nötr,öfke,0.7269,goemotions_tr
sadece sd yayın izleyecekseniz,mutluluk,üzüntü,0.7269,winvoker
"10lu paketi iki ucundan tutup ayırmaya çalıştım; ama nafile. kaydırarak ayırabilirseniz ne ala, ki o bile zor. abime verdim o da ayırmaya çalıştı ama, onda da nafile. sonuç, şaşırmamak içten  bile değil.",mutluluk,üzüntü,0.7268,winvoker
"Al Pacino’nun filmin son dakikalarında karısıyla konuşması filmin en etkileyici repliklerinden biriydi.Al Pacino: Tamam tamam, sadece bir kez olmak üzere işim hakkında soru sormana izin vereceğim.Karısı: Söyledikleri doğru mu?Al Pacino: Hayır...Film hakkında zaten konuşmaya gerek yok, bir başyapıt. Saygılar...",mutluluk,sevgi,0.7267,winvoker
çok beğendim çok teşekkür ederim,mutluluk,sevgi,0.7267,winvoker
Tom Hanksin oynadığı hangi filmin kötü olduğu görülmüş şimdiye kadar.10/10,mutluluk,üzüntü,0.7266,winvoker
"rüyalara giren bi adam, ekibi ve ask falan. drvsard.ye katiliyorum; asla matrix olamaz..",üzüntü,mutluluk,0.7265,mteb_movie
Yo gg adamım ben lobideydim,nötr,öfke,0.7265,goemotions_tr
"boşta 6,10 watts",mutluluk,üzüntü,0.7265,winvoker
aracınızda kullanacaksanız kaporta ve döşemeler hariç her yere sıkabilirsiniz teyibinizin tuş aralarına bile...,mutluluk,üzüntü,0.7264,winvoker
Lol geçerli bir soru ama evet. Yaklaşık 5 aydır erkek arkadaş ve kız arkadaş terimlerini kullanıyoruz.,mutluluk,şaşkınlık,0.7264,goemotions_tr
Ya da harika! Güneş ve yeni yağan karla birlikte dışarısı çok güzel görünüyor.,mutluluk,sevgi,0.7264,goemotions_tr
"espresso, filtre kahve, americano ise tek tuşla yapılıyor.",mutluluk,nötr,0.7263,winvoker
Dostum gerçekten bu şova geri dönmem gerek,sevgi,öfke,0.7263,goemotions_tr
Hahaha bunu paylaşacağınızı BİLİYORDUM,mutluluk,şaşkınlık,0.7263,goemotions_tr
Loony Toons karakterine benziyor,mutluluk,şaşkınlık,0.7262,goemotions_tr
85 kiloyum yanlarına oturunca biraz yapışıyor gibi fakat yatınca rahat görünüyor şu an havalanıyor biraz denedikten sonra tekrar yazacam fakat deneme süresini hala anlamadım vakumlu gelen şeyi nasıl iade edebiliyoruz arabamıza da sığmaz kurye mi gönderecekler ya da kılıf mı geçirecez  göderirken nasıl bir süreç oluyor açıklama lazım ama inşallah bunlara gerek kalmayacak gibi,mutluluk,üzüntü,0.7261,winvoker
"""Kötü olma konusunda hiç deneyimim yok"" muhtemelen duyduğum en tatlı şeylerden biri aman Tanrım",mutluluk,öfke,0.7261,goemotions_tr
ayaklarini bagladim.,mutluluk,üzüntü,0.726,winvoker
"evet, kulağa doğru geliyor. [İSİM] [İSİM] buraya gelip bu kötü niyetli olduğu için bunu cehenneme kadar oylayın",nötr,öfke,0.726,goemotions_tr
Düğün şarkımdı!,nötr,sevgi,0.726,goemotions_tr
biraz övülmeye ne dersin he?,mutluluk,şaşkınlık,0.7259,winvoker
Ben de bunda bir gariplik olduğunu düşünüyorum... Muhtemelen çok uzak olmayan bir gelecekte gerçeği öğreneceğiz ama kimsenin umurunda olmayacak.,şaşkınlık,utanç,0.7259,goemotions_tr
[İSİM]'e benim olduğumu söyle....,nötr,sevgi,0.7259,goemotions_tr
Pahalı görünüyor. Umarım oyunu beğenmişsinizdir!,mutluluk,üzüntü,0.7259,goemotions_tr
Teori zaten doğru .,nötr,öfke,0.7259,winvoker
Bu şakaya her zaman kanıyorum.,mutluluk,öfke,0.7259,goemotions_tr
Onun büyük SBًںک–,üzüntü,sevgi,0.7258,goemotions_tr
"nasıl bir büyüdür ki aksiyon filmlerine, ucuz kötü adam tiplemelerine (kesinlikle esas kahraman Léondan bahsetmiyorum!) uyuz olan bir insanı bu kadar etkiler anlamadım...ve natalie portman...kimseyi bu kadar kıskanmadım...",mutluluk,üzüntü,0.7258,winvoker
Guzel ve modern bır tesıstı ama odanın ıcındekı ayna ve lavabo kullanıslı degıldı.,mutluluk,üzüntü,0.7257,winvoker
Bu olay Yunanistan tarihindeki en kötü denizcilik kazası olarak geçti .,nötr,tiksinti,0.7257,winvoker
ortalama bir ürün. fena sayılmaz.,mutluluk,üzüntü,0.7257,winvoker
İnsanlara biraz Googlin kazandıracağım 26 Şub,nötr,sevgi,0.7255,goemotions_tr
Bu gerçekten çok zor olurdu. Ancak o kadar beceriksiz ki kendini yakmasına şaşırmam,üzüntü,öfke,0.7254,goemotions_tr
"Aslında 212/62, lol. Bunun tüm metropolde geçerli bir sorun olduğunu bilmek güzel!",mutluluk,şaşkınlık,0.7254,goemotions_tr
İlgi mi arıyoruz? Vaaaaaaaaaaaaa!,mutluluk,şaşkınlık,0.7254,goemotions_tr
"Aman ne güzel, VB onu, açıkça ırkçı olan ve esmerlerden korkan insanların dikkatini çekmek için kendi popülist aracı olarak kullanıyor.",mutluluk,öfke,0.7253,goemotions_tr
Başvuruya konu talep yeniden değerlendirilsin.,mutluluk,nötr,0.7253,winvoker
Tesis çok eskiydi. Yiyecekler içecekler güzeldi. Çok toplantılar oluyordu sıkıntılı bir durumdu çok başı boş adam oluyordu.,mutluluk,üzüntü,0.7251,winvoker
Kesinlikle öyle Nereden baksan senedir anime izliyorum yüzlerce seri izlemişimdir ama hiçbiri Cowboy Bebop kadar etkilemedi beni Tengen Toppa Gurren Lagann hariç her değerlendirme üstüdür benim için,mutluluk,üzüntü,0.7248,winvoker
"Bu sadece Teksas'a özgü bir argo değil. Ortabatı ve doğu yakasında yaşadım, herkes bu argoyu kullanıyor...",nötr,öfke,0.7248,goemotions_tr
Bu tartışılır... İlk iki bölümden sonra bunu anlayamayacaksınız.,nötr,şaşkınlık,0.7247,goemotions_tr
Bunu sormak yerine şeyi sorsaydın evli çocuklu bir adam bekar bi kızın peşini neden bırakıp ailesine sadakatla bağlı kalamadı bunu sorduğunda tekrar gel,mutluluk,şaşkınlık,0.7246,winvoker
"Doğru, deniz köpüğü. Bugün 16 derece! Plajda her zaman çıplaklar var gibi görünüyor. Çok değil ama birkaç tane dayanıklı var!",nötr,şaşkınlık,0.7245,goemotions_tr
"Diğer taraftaki insanlar, orada bulunma sebebin ne olursa olsun senin ölmeni istiyor.",nötr,sevgi,0.7245,goemotions_tr
"Bu puan fazla kaçmış filme. Saçmasapan buldum ama bir taraftanda gerçekten ilginç olduğunu kabul etmek lazım. Will Smithin oyunculuğuna ise bayıldım, adam en abuk filmde bile iii. Bu adama her rol gidiyor. Son olarak eğlencelik bir şeyler arıyorsanız tavsiye edebilirim...",üzüntü,mutluluk,0.7245,winvoker
Birisi bir yerlerde bugünün işinden yorulduğu gün olduğuna karar vermiş. Hepimiz bunu yaşadık.,nötr,şaşkınlık,0.7244,goemotions_tr
genital gölgeye kullanılamaması büyük bir dezavantaj. yukarılara atış yapıyor ancak aşağılara doğru cilt sensörü kırmızı yanıyor ve atış yapmıyor ki talimatlarında da 'genital bölgede ve anüs cevresinde kullanmayız' ibaresi var. ben denemek istedim. diğer marka etkililik derecesi aşağılarda az olmakla birlikte cildinizi gördüğü sürece her yere atış yapıyor .,mutluluk,üzüntü,0.7244,winvoker
"Merhaba, [İSİM]!",nötr,sevgi,0.7243,goemotions_tr
"kısacası- elinizi çabuk tutun,,,",mutluluk,sevgi,0.7243,winvoker
Kesinlikle ikincisi.,mutluluk,öfke,0.7241,goemotions_tr
LPT: Tavuklarınızın hiçbir yerinin pembe olmadığından emin olmak için onları 1000°C'lik bir fırına atın,mutluluk,sevgi,0.7241,goemotions_tr
"Yarın gece (12 Ocak Cumartesi gecesi) bir buluşmaya ne dersin? Güzel olacakmış, bana haber ver, hemen uğrayayım.",mutluluk,sevgi,0.7241,goemotions_tr
"Bu filme rahatlıkla türk sinemasının en iyi filmi dememiz, türk sinemasının şu an ki durumunu oldukça iyi anlatıyor fransız sinemasında yada ingiliz sinemasın amerikan sinemasın da bunu rahatlıkla söyleyemeyiz( Şu film amerikan sinemasının en iyi filmidir diye) Umarım YAVUZ TURGUL sinema çalışmalarına devam eder nedense EŞKİYA dan sonra televizyon dizilerindeki yapımcılğı hariç hiç sesi soluğu çıkmadı...",mutluluk,üzüntü,0.724,winvoker
"Çok kötü minyon şeyleri gördüm, en kötünün en kötüsünü gördüğümü sanıyordum. Yanılmışım... Çok yanılmışım.",tiksinti,şaşkınlık,0.724,goemotions_tr
Çünkü böyle oyuncuları kaybetmek kolay .,nötr,öfke,0.724,winvoker
bu fiyata piyasada bulmanız mümkün değil,mutluluk,üzüntü,0.724,winvoker
Hakkını savunamaz derdini anlatamaz karşı koyacak kadar güçlü değil Ama bir canı var hisleri var korkusu var,mutluluk,korku,0.7237,winvoker
&quot; Şeytanın dünyaya yaptığı en büyük kötülük varolmadığına inandırmakmış&quot;&quot; Başka söze gerek yok sanırım....,mutluluk,öfke,0.7236,winvoker
doldurmaya  değmez,mutluluk,üzüntü,0.7234,winvoker
Acunmedya global firmasında dominikte 6 ay çalıştım size açıklama yapmak isterdim ama bu yaşta hiç uğraşamam,mutluluk,üzüntü,0.7233,winvoker
"Tekrar izlemek için en iyi sebep!! Karıncalarla olan sahne harikaydı, ödül almaya değer.",mutluluk,sevgi,0.7233,goemotions_tr
İnsanların bundan neden bu kadar nefret ettiğini bilmiyorum. Sanırım buradaki herkes önümüzdeki 5 yıl boyunca sadece iyi olmak istiyor,şaşkınlık,öfke,0.723,goemotions_tr
Are you ready to rock this Turkey?,nötr,şaşkınlık,0.7227,winvoker
Bu filmde leonardo ya aşık olmuştum ) ahhhh ahhh,mutluluk,sevgi,0.7227,winvoker
"Sanırım [İSİM] o anda Malachor'daki [İSİM] gibi ""Dünyalar Arası Dünya""ya çekildi.",nötr,şaşkınlık,0.7227,goemotions_tr
cilayı ayrı şampuanı ayrı alın.şampuan olarak iyi.ama cila özellikleri çok güçlü değil.,mutluluk,üzüntü,0.7226,winvoker
"Ben sadece onun, bir kaçırılma durumunda yabancılardan sessizce yardım istemeye çalışıyormuş gibi göründüğünü söyleyecektim",nötr,şaşkınlık,0.7225,goemotions_tr
"Evet, çünkü insanlar bunu sürekli olarak ""TSA başarısızlığı"" veya TSA'nın bir hatası örneği olarak kullanıyorlar, oysa gerçekte TSA dahil bile değildi",nötr,öfke,0.7225,goemotions_tr
Çok şık görünüyor.,mutluluk,sevgi,0.7224,goemotions_tr
"Evleniyorsun, balayına gitmişsin, kahvaltıda eşin şey diyor; ""Biz maymundan geldiysek neden diğer maymunlar insan olmadı.",mutluluk,şaşkınlık,0.7223,winvoker
"- cihazın gerçekte mandren kısmı sökülüp, cihaz sadece tornavida bitsi takılacak hale gelebiliyor fakat ben mandren içindeki vidayı bir türlü sökemedim.",mutluluk,üzüntü,0.7223,winvoker
Bu korkunç.,tiksinti,korku,0.7223,goemotions_tr
tavuk göğsümü yerken neredeyse boğuluyordum,korku,tiksinti,0.7222,goemotions_tr
fan boyutu daha büyük ve hava akımı daha fazla,üzüntü,mutluluk,0.7221,winvoker
ürün kısa sürede elime ulaştı ilk 4-5 ay asus zenfone6 telefonumu 3 sefer felan şarj etti ama kablosu kısa süre içerisinde şarj etmez oldu başka kablolarla çok yavaş şarj ediyor  sefer anca şarj oluyor powerbank 4 ışık yanık şekilde dolunca telefona takınca hemen 2 yıldıza düşüyor ama bu fiyata anca bu kadar,üzüntü,mutluluk,0.7219,winvoker
Ne kadar çılgınca saldırdılar!,nötr,şaşkınlık,0.7219,winvoker
Neler Yapar?,nötr,şaşkınlık,0.7219,winvoker
"Hayır, ama şimdi yapacağım",mutluluk,öfke,0.7218,goemotions_tr
"Ne olursa olsun, deprem anında hepimiz *You Shook Me All Night Long* şarkısını dinleyebiliriz.",nötr,sevgi,0.7218,goemotions_tr
"acaba video çekimlerinde zoom yapınca ses kesilmesi oluyor mu? bende 2008 yılında almış olduğum samsung marka camerada böyle sorun vardı, acaba bu yeni modellerdede böyle mi?",mutluluk,şaşkınlık,0.7218,winvoker
Dağlardan inin!,nötr,öfke,0.7218,winvoker
Kitapları çok seviyor olmalılar ki onu da hemen yıktılar. A har har,nötr,sevgi,0.7217,goemotions_tr
Nasıl bir insan şu canlılara kıyıp canını yakabilir,mutluluk,öfke,0.7217,winvoker
Aşağı yukarı. O ve [İSİM] top tutma görevlerini paylaşacaklar. Point Lance ve Point Outlaw evde,mutluluk,nötr,0.7216,goemotions_tr
"Her gün 1000’e yakın hastamız şifa buluyor, 1000'e yakın yeni vakamız oluyor. Yeni vakaları durdurabilirsek aktif vaka sayısı hızla azalmış olacak. Hedefimiz; iyileşen sayısında artış, yeni vaka sayılarında düşüş. İyi haberler, alacağımız tedbirlere bağlı.",mutluluk,sevgi,0.7215,winvoker
"Filme sadece fragmanından etkilendiğim için gittim ama beklentilerimi boşa çıkardı. Ameriklaıların dalga geçtiği &quot;dünyayı kurtaran adam&quot; tarzı filmler bile bu kadar abartılı değil. Zack Snyder senaryoyu yazmış ve yönetmiş.Senaryo çok abartılı olmasına rağmen, güzel yönetilmiş bir film. Filmin görselliği ve çekimleri çok iyi, yavşalatılmış görüntüler, flying cam kullanımı oldukça başarılı. Sevgiler, Murat Volkan Gökdemir",üzüntü,mutluluk,0.7213,winvoker
"kombiyi kullanan birisi olarak yorum yapmak istedim. 2018 ekim ayında kombiyi aldım. kombiyi alırken çok methettiler, tavsiye üzerine aldım. şuan 3.7.2019 tarihinde 9 aylık kombi C6 arızası verdi. servisi aradım. bugün itibariyle servis arızanın fan arızası olduğunu ve şuan için ellerinde fan bulunmadığını bildirdi. beklemedeyiz. Üstelik ben edirne- keşanda oturuyorum. servis edirne merkezde. yaklaşık 110 km uzakta. Nasıl bir servisse ellerinde birde yedek fan yokmuş, bunu kınıyorum. Bosch alacaklara tavsiyem 1 kez daha düşünüp karar versinler. hayatımda güvenerek aldığım 2. bosch marka cihazdı. bir daha asla kapımdan bosch marka elektrikli ev aleti sokmam. ilkide bulaşık makinesiydi. 3. sene iç sepetlerindeki metaller küflenmişti.",üzüntü,mutluluk,0.7213,winvoker
merhaba arkadaşlarım,mutluluk,sevgi,0.7212,winvoker
yok neymiş 20 dakka sonra katili bulmuş yok 10 dakka önce bulmuşlar yok neymiş filmin sonunu kafasından yazmışlar tabi tabi senarist hepinize önceden senaryoyu dağıttı demi. filme böyle saçma ve gereksiz eleştri yapılmamlı kaliteli bir yapım. konu klişe falanda degil sürükleyici....hele o kan testi yaptıkları sahnede sinemada 10 d.k mola verildi valla nasıl beklediğimi anlatamamm,mutluluk,üzüntü,0.7212,winvoker
(((yan-flu gi̇bi̇-geri̇si̇ hi̇kaye-hi̇çbi̇r şey eski̇si̇ gi̇bi̇ olamaz favori̇leri̇m))),mutluluk,üzüntü,0.7212,winvoker
yine bir düğün varbabam sen gelmiyorsan biz niye gidelim diyorarabadayızhala kimin düğününe gittiğimizi bilmiyorum,mutluluk,üzüntü,0.721,winvoker
Bizim alabileceğimiz türden bir web kamerası değil.,nötr,öfke,0.721,goemotions_tr
Ah bu çok harika!!,mutluluk,sevgi,0.721,goemotions_tr
Soğan rendelememesi dışında beni üzen bir yanı olmadı. Keşke soğanda rendeleseydi.,mutluluk,sevgi,0.721,winvoker
diger plastik kaplamalı bellekler bunun yanın.da kıyaslanmaz bence.,mutluluk,üzüntü,0.7209,winvoker
bu kitap insanı ağlatıyor. çok nadir bir öyküsü var. bu kitabı okuyun ama filmini sakın seyretmeyin. kitaptan aldığınız tadı filmden alamayacaksınız.,mutluluk,üzüntü,0.7209,winvoker
"Lanet olsun [İSİM], [İSİM]'i sikmeye devam et",nötr,öfke,0.7208,goemotions_tr
3. cep telefonu için askı kollarına hazne yapılabilirdi.,üzüntü,mutluluk,0.7206,winvoker
En azından birkaç aylık yaşam masrafınızı biriktirmeden oraya taşınmayın.,nötr,sevgi,0.7206,goemotions_tr
Seriyi 4 kez okudum. Buna inanmak için kelimenin tam anlamıyla sıfır sebep var.,üzüntü,şaşkınlık,0.7205,goemotions_tr
bu filmi herhalde kaç kez izlersem izleyeyim ayni tepkiyi veririm.aglarken bi anda güldüren sora tekrar aglatan ama aglattigi için güzel degil her seyiyle muhtesem bi film görüyosunuz karsinizda.oyunculari ise hepsi birbirinden iyi.hangisi en iyi karar veremiyosunuz!.,mutluluk,üzüntü,0.7204,mteb_movie
"ürünü hepsiburadadan aldım. teslimat gayet hızlı ve sorunsuzdu. ancak kart okuyucuya takıp kullanmaya çalıştığım birisi kamerada kullandığım samsung diğeri cep telefonumda kullandığım toshiba olmak üzere iki micro sd kartımda da kart okuyucu yüzünden hata oluştu. kameranın kayıtları önemli olmadığı için formatladım ve kullanmaya deva ediyorum. ancak cep telefonumdaki kartı artık telefon görmüyor, bilgisayara takdığımda da kartın biçimlendirilmesi gerektiğine yönelik hata veriyor. içindeki veriler önemli olduğu için format da atamıyorum. şimdi artık verileri kurtarmak için çözüm arıyorum. kimseye önermiyorum.",üzüntü,mutluluk,0.7204,winvoker
"Filmin ticari açıdan başarılı olacağı kesin,harcadıkları 5 milyon doları fazlasıyla geri alırlar.Umarım hırsız var gibi bir fiyaskoyla sonuçlanmaz.Gerçi cem yılmaz gibi bir faktörün olması çok şeyi değiştirebilir,örneğini ilk vizonteledede görmüştük,merakla bu filmi bekliyoruz.",üzüntü,mutluluk,0.7203,winvoker
duyguların yoğun olduğu bir film izleyen arkadaşlarım sıkıldıklarını sölediler fakat bana göre filmin çok değişik ve mistik bir havası var güzeldi.,mutluluk,üzüntü,0.7202,winvoker
ürün gayet güzel ama biraz fazla ses  yapıyor bu durum can sıkıcı,mutluluk,üzüntü,0.7202,winvoker
Hata yapan herkese deli bakışları atarak bir daha asla kaybetmeyiz.,mutluluk,sevgi,0.7201,goemotions_tr
"Herhangi biri için,",nötr,sevgi,0.7201,goemotions_tr
yorumlara göre aldım ama pek fazla süreyi uzatmıyor. tavsiyem krem daha iyi,üzüntü,mutluluk,0.72,winvoker
Tekgul ALLAH ayetinde şöyle demiş yerdeki sürünenle gökteki uçan bütün canlılar benim için eşittir Ayrımcılığı biz insanlar yapıyoruz biz üstün canlılarmışız hadi ordan onlarla aramızdaki tek fark bizim kafamız şeytanlığa çalışıyor kapiş,mutluluk,üzüntü,0.7199,winvoker
İzleyici bui tür filmleri kötü de olsa beğeni bence! Filme kötü diyemem tabi! Güzel bir aksiyon filmi! Ben oldum olası Stallone’nin oyunculuğunu beğenmem! Wesley Snipes daha iyi oynamıştı bu filmi.. uzun zama noldu aslında bir kez daha izlese mhiç ffena olmaz hani...,mutluluk,üzüntü,0.7199,winvoker
kadının sahip çıkılmaya ihtiyacı yok dokunma yeter,mutluluk,üzüntü,0.7198,winvoker
teşekkürler mattrest,mutluluk,sevgi,0.7198,winvoker
Düşündürücü ve duygusal ağırlıklı izlemekte fayda var,mutluluk,sevgi,0.7197,winvoker
arkadaşlar ben tabletim için almayı düşünüyorum acaba cd siz tanıtılamaz mı? taksam tanımazmı yani lütfen acil cevap.tabletim yan odadan bile çekmiyor yada tanıtsam flaşa atsam öle olmazmı.,mutluluk,üzüntü,0.7195,winvoker
"Şimdiye kadar sınıf ayrımı için yapılmış en doğru, en net tanım bu filmdedir. 'Ağa boku üstüne bok olur mu ulan!'",mutluluk,öfke,0.7195,winvoker
eski tip oyun konsolu sevenler için ideal. gba nes vs. çok fazla emu desteklesin diyorsanız almayın. ancak sega'nın kült pek çok oyunu mevcut. bunların bir üst modellerini getirseler daha iyi olur.,mutluluk,üzüntü,0.7193,winvoker
"1 ay araştırdım her telde bir eksiklik vardı, bu tel ise karar kildiğim bir tel oldu.",mutluluk,üzüntü,0.7192,winvoker
Fethin ve egemenliğimizin sembolü tarihimizin altın sayfasına kavuştuk İslam alemi için bir umut kapısıdır,mutluluk,nötr,0.7192,winvoker
Ne haber dostum? Bu konuda yeniyim ama elimden gelenin en iyisini yapmaya çalışacağım,mutluluk,şaşkınlık,0.7191,goemotions_tr
"Kulaklığı alalı bir ay olmadı, Sağ kulaklıkta ses yitimi, kaybı oluştu. amazzonu aradım. Anında düştü. Aynı ürünü sipariş ederek yenisiyle değiştirdiler. Teşekkürler AMAZON.",üzüntü,mutluluk,0.7187,winvoker
Bu sandisk ssd sadece windows 10 formatı alıyor bilginiz olsun,üzüntü,mutluluk,0.7187,winvoker
cihazı kurmak biraz deneyim gerektiriyor. çesmeyi söküp takabiliyorsanız çok kolay 1 saate tek başınıza halledersiniz. yok o işlerden anlamıyorsanız yardım alın yada servisi çagırın. sanırım ücretli oluyor servis montajı.,mutluluk,üzüntü,0.7187,winvoker
ben baba serisinin tamamını izledim ama baba1 baska valla. adamlar tarihin en klas filmini yapmış ne diyim darısı türk sinemasının başına kartal abi nerdesin ya,mutluluk,üzüntü,0.7186,winvoker
bu fiyata on numara bi telefon tavsiye ederim ama cok ısınıyor.,üzüntü,mutluluk,0.7186,winvoker
"[NAME]'in [NAME]'e karşı soykırımı hakkında modern bir örnek. Camiler yakıldı, siviller toplu halde katledildi vs. vs.",nötr,öfke,0.7186,goemotions_tr
SON DAKİKA Cumhurbaşkanı Erdoğan Ayasofya Camii nin DİYANET İŞLERİ BAŞKANLIĞI NA DEVREDİLEREK İBADETE AÇILMASINA ONAY VERDİ,mutluluk,nötr,0.7184,winvoker
"Bence bu normal. Nasıl göründüğünü analiz etme ve bu konuda endişelenme bu arada, o aptallar saçmalıklarını söylediklerinde kesinlikle endişelenmiyorlar",öfke,sevgi,0.7183,goemotions_tr
filtreyi almadan önce yorumlara göz gezdirirken birçok kişinin filtrenin çok sessiz çalıştığını belirtiğini gördüm ve sonrada biraz abartıldığını yinede çok sesi olmasada az buz bir ses cıkartmasını bekliyordum.fakat filtreyi kurup calıstırdığımda ilk başta çalışıp çalışmadığını bile anlamadım çünkü hiç ses yoktu sonra motora dokunduğumda çalıştığını anladım.filtrenin tek dez avantajı kurulurken ve sökerken  diğer filtrelere göre biraz uğraştıcı olması.,mutluluk,üzüntü,0.7183,winvoker
bu rakam üstünde fiyatla alınan cep telefonları kesinlikle bu özellikleri sağlayamıyor.,mutluluk,üzüntü,0.7182,winvoker
"...daha açılış sekansındaki Fransız 'Taxi'sinin bir başka versiyonu gibi duran sahnesiyle yapımcılığını Luc Besson'un yaptığı bir filmle karşı karşıya olduğumuzu belli eden film, hareketli sahneleri, sürükleyici temposu, sıkmayan uzunluktaki makul süresiyle rahatlıkla tüketiliyor ama herşey fazlasıyla tanıdık. Jason Statham'ın ilginç dövüş kareografileri ile süslü, özel kanallarda çokça karşımıza çıkan 3. sınıf aksiyon filmlerinin iyi referanslara sahip bir örneği, tabi ki aksiyon sahnelerinde biraz daha titiz çalışıldığı da bir gerçek...(4/10)",üzüntü,mutluluk,0.7182,winvoker
bu kadar küçük olmasını beklemiyordum.,üzüntü,şaşkınlık,0.7182,winvoker
en iyi film dalında oskar ödülünü gerçekten hakeden nadir filmlerden. Daha nasıl gerilebiliriz ki... Kuzuların sessizliği muhteşem..,mutluluk,üzüntü,0.718,winvoker
Sana sorduğum soruları cevapladığında devam edebiliriz. Bunu yapmaya hazır mısın?,nötr,şaşkınlık,0.7178,goemotions_tr
tşk ederim,mutluluk,sevgi,0.7178,winvoker
"Yuh Ya, genc bir kizi bilip bilmeden resmen tacize başlamışsınız.",mutluluk,tiksinti,0.7178,winvoker
kulaklik guzel gorunuyor.fakat pazar gunu siparis verdim (bugun sali) ama halen tedarikci firmadan bekleniyor.daha  hizli olsaydi iyiydi...onun disinda bir sorun yok gibi...,üzüntü,mutluluk,0.7178,mteb_product
"Ben ülkemizin geleceği olacak bir “kadının” ölmesini istemiyorum,ışığı sönsün istemiyorum. yanındayız güzelim gözyaşların Karşılıksız kalmayacak",mutluluk,sevgi,0.7177,winvoker
ses yapmasa iyi urun kullanirkwn ses cikariyo,mutluluk,üzüntü,0.7176,winvoker
Saçmalıklardan seçmelerin yapıldığı Cameron Diaz filmi,üzüntü,öfke,0.7175,winvoker
"ah bu benim hatam, blogunu yeni bitirdi ve paylaşıyorum, bir saniye, düzenleyeceğim.",üzüntü,utanç,0.7175,goemotions_tr
"bu ürünü 2 yıldır kullanıyorum. 3. katta oturuyorduk. üst kat, alt kat ve karşı dairede fare görüldü bizim dairede çok şükür hiç görmedik. tayinden dolayı il değiştirdik. şimdi zemin katta oturuyoruz. bodrum katta fare görünce, eşim huzursuz oldu. 2 adet daha sipariş verdim. i̇nşallah yine karşılaşmayız.",mutluluk,üzüntü,0.7175,winvoker
"Ceza ile sorun çözmek etkin bir çözüm gibi gelmiyor bana. Bir ceza olarak idama, veremediğin canı almaya, her koşulda karşıyım.Türkiye'de ve dünyada bu tarz şiddetleri önlemenin birinci yolu zihniyet dünyamızı değiştirmekten geçiyor. Bu da tabii ki ancak okullarda başarılabilir",mutluluk,öfke,0.7174,winvoker
arayanı görmeden açmak zorunda kalıyorsunuz demişler arkadaşlar. çözümü basit; menüden ayarlar / uygulama ayarları / arama / tüm aramalar / cevaplama modu bölümüne giriniz.,mutluluk,üzüntü,0.7173,winvoker
Hepsi iyi. Sen kendin ol. Ben sinirleniyorum ve her zaman aşırı tepki veriyorum.,mutluluk,öfke,0.7172,goemotions_tr
[İSİM]'in parmak sallaması cehennem kadar seksiydi.,mutluluk,tiksinti,0.7171,goemotions_tr
Baro düzenlemesi Meclis’te... Muhalefet: “Teklif anayasaya aykırı.”,mutluluk,öfke,0.7171,winvoker
puşt deyince aklına kim geldi sizce,üzüntü,şaşkınlık,0.717,winvoker
okulda sürekli diğer markaları kullanıyordum. daha doğrusu kullanamıyordum.,mutluluk,üzüntü,0.717,winvoker
Kulağa çok lezzetli geliyor! Sanırım bugün süpermarkete gideceğim.,nötr,sevgi,0.7169,goemotions_tr
Önceki 3 yorumda sert bir tavır takınmışsın gibi görünüyor. Çok mu ikiyüzlüsün?,şaşkınlık,öfke,0.7169,goemotions_tr
Evet. Kaynak: Hala ödeme alıyorum.,mutluluk,sevgi,0.7168,goemotions_tr
Onun dahil olduğunu görmek harika.,mutluluk,sevgi,0.7168,goemotions_tr
"Aww, hala hastane bileziklerini takıyorsun.",mutluluk,öfke,0.7166,goemotions_tr
hava temini? hayatın ironisi,nötr,şaşkınlık,0.7165,goemotions_tr
Bu kısım olması gerekenden daha eğlenceliydi.,mutluluk,tiksinti,0.7163,goemotions_tr
"telefon %100 dolu iken ve yine şarja takılı halde,  kapatıp açın.  açıldıktan sonra şarjdan çıkarın,  bu şekilde şarj 2 güne yakın gider.  bi uygulama yada hizmet telefonun dose modea geçişini engelliyormuş.  güncelleme ile çözülecekmiş.",mutluluk,üzüntü,0.7162,winvoker
Gördüğün her gün yüzü haram olsun sana,üzüntü,öfke,0.7159,winvoker
bahhhhh bunun var olduğunu bilmiyordum. seni seviyorum/nefret ediyorum. - [İSİM],şaşkınlık,öfke,0.7157,goemotions_tr
Bugün gördüğüm 5 yer arasında en doğrusu.,şaşkınlık,mutluluk,0.7157,goemotions_tr
[NAME] sayfasının AZ baş antrenörüyle birlikte güncellendiğini gördüm.,nötr,şaşkınlık,0.7156,goemotions_tr
urunu begendim ancak birdaha surat kargoyla alakali bir magazadan almayacagim,üzüntü,mutluluk,0.7156,winvoker
Vay canına. Pizzayı ne kadar sevsem de her gün yemeye kalksam bıkarım.,şaşkınlık,öfke,0.7155,goemotions_tr
5.)tek tuşla kamera açma yok bildiğim kadarıyla,mutluluk,üzüntü,0.7153,winvoker
"kitap ,sürükleyici.konu değişik ama sonunda okumasam da olur diyorsunuz.okumazsanız bir şey kaybetmiş sayılmazsınız.okursanız da bir şey kazanmazsınız.arkadaşınızda varsa okuyun yoksa boşuna para vermeyin derim..",üzüntü,mutluluk,0.7153,mteb_product
ürün istediğim gibi çıktı tek sorun terleme olunca kaşıntı yapıyor o da benden kaynaklı sanırım,mutluluk,üzüntü,0.7152,winvoker
piyasada 2-3 katına satılan ürünlerle eşdeğer,mutluluk,üzüntü,0.7151,winvoker
Erdalcım boku kürekle yedin,üzüntü,öfke,0.7151,winvoker
"Bunu ifşa eden diğer adamın yalan söylediğini söylüyorlardı! Bunun doğru olduğunu biliyordum. Moderatörler bu gönderiyi silecek dostum, sansürlüyorlar.",nötr,öfke,0.7151,goemotions_tr
"ürünün kaliteli bir görünümü var, ancak 7,5 aylık bebeğimiz su içerken zorlandı sürekli boğazına kaçtı, tekrar biberona döndük.",mutluluk,üzüntü,0.7151,winvoker
yani..vicdan mı akıl mı sahnesi gayet iyi.,üzüntü,mutluluk,0.7148,winvoker
"Yanlış olarak beynin ""ruhu"" olduğuna ve düşüncelerin oluştuğu yere olduğuna inanıyordu .",nötr,öfke,0.7144,winvoker
hepsiburada urunumu zamaninda gonderdi. arac icin cok  kullanışlı varlığını unutuyorsunuz.,mutluluk,üzüntü,0.7143,winvoker
"fiyat performans segmentine bakıldığında, evet gayet iyi diyebiliriz fakat lansmandan da hatirlayacaginiz üzere 4 gb ram kapasitesine sahip bir telefon bekleniyordu, bu model sanki meraklılarına daha düşük bir segmentte sunulmuş gibi. bekleyip ultra ve deluxe fiyatlarının sabitlenmesini beklemekte fayda var.",üzüntü,mutluluk,0.7143,winvoker
böyle bir filmi değerlendirmeye tabi tutarken cok az sayıdada olsa dusuk not verenlerın halı tavırlarını merak etmekten kendımı alıkoyamıyorum lutfen efsanelere gereken değer verilsin son 10 yılda fılm normlarını hepsını bırarada gorebılecegımız kac tane fılm ızledınız ve kac tanesı braveheart kadar etkıleyıcıydı? bence bundan sonra değerlendirirken efsaneler için 2 kez düşünün harcıyacığınız extradan 10 sn için ınanın değer...,mutluluk,üzüntü,0.7143,winvoker
"Çünkü öyle. Dürüst olmak gerekirse bir kez ""güvenli"" bir performans sergiledi ve geri kalanı yüksekti. Diğerleri ne yazık ki onun elenmesi",nötr,öfke,0.7143,goemotions_tr
Bu dönemde sesimi tamamen kaybettim. Bu çılgınca 11 dakikalık bir oyundu,nötr,öfke,0.7143,goemotions_tr
[NAME]'in onu terk edeceğini gerçekten düşünmüyorum. Aldatıyor olsa da olmasa da.,mutluluk,öfke,0.7143,goemotions_tr
İlk etapta çıkmak isteyeceğim birinin olduğunu varsayman ne kadar da cesurca,nötr,şaşkınlık,0.7142,goemotions_tr
"Yani, [İSİM] gerçekten de adamların arkadaşlığını küçümsüyor. Bu bana şüpheli geliyor.",nötr,şaşkınlık,0.7141,goemotions_tr
prestij kadar ii bir sihirbazlık filmi islememiştim. sok bi son son yane.filmin sonunda kopuk bi vaziyette kaldık abi yaa... kısacası 10 numara...,mutluluk,üzüntü,0.714,winvoker
1.  anahtarı kilide sokup bip sesini aldıktan 5 sn. sonra kilit aktive oluyor.,mutluluk,üzüntü,0.714,winvoker
Sana kadın çoktur .,nötr,öfke,0.7139,winvoker
"yenisi çıktı bence mobil 1 esp formula 5w-30 daha iyi ama o da burda yok, ben bu ürünün gelmesini bekliyrm",üzüntü,mutluluk,0.7138,winvoker
"Bu, beceri açığını azaltan her lanet güncelleme için söyleniyor. Evet, oyunu değiştiriyor çünkü zaten etkileniyoruz",öfke,korku,0.7138,goemotions_tr
artıları var eksileri yok,mutluluk,üzüntü,0.7136,winvoker
Bunun saçmalık olduğunu düşünmeden edemiyorum çünkü kızı 30 dakika önce bulmuş ve ilk tepkisi bunu reddit'e yazmak olmuş.,nötr,tiksinti,0.7136,goemotions_tr
O zaman patates kızartmalarını yanlış yerlerden alıyorsun.,nötr,öfke,0.7135,goemotions_tr
"ürünü fiyatını uygun bularak aldım. proplan kullanıyordum, fiyatı 2 kat daha pahalı olduğu için vazgeçmek zorunda kaldım. ürün geldiğinde açtım kullandım sonradan farkettim ki ürün ton balıklı gelmiş. aldıktan sonra mutlaka kontrol edin.",üzüntü,mutluluk,0.7134,winvoker
Eminim aslanlar başlığında birileri benzer bir şey yazmıştır. Onlar saçma sapan yazıları severler haha.,mutluluk,öfke,0.7132,goemotions_tr
Öncelikle Türkçemizi düzgün kullanın DersHane olarak düzeltilmesi gerekir...,üzüntü,sevgi,0.7132,winvoker
Rezalet...,üzüntü,tiksinti,0.7131,winvoker
"oğluş 16 aylık... daha önceden bultak almıştım iki üç tane... şekilleri kavrayamıyordu... bu geldi, ikinci günde ben şok oldum... dört şekli de sorduğumda gösteriyordu... takması çok kolay(bizimki kadar sinirli bir oğlan için bile).. ahşap tavsiye etmiyorum çünkü şekillerin takılacağı çubuk sert oluyor onlarda... bunun hem sert hem de elastik bir yapısı bar ve en en zorlamalarıma karşı kırılma filan da yok... elastik olması şekli takarken rahatşık sağlıyor, çünkü oynayan çubuk kendiliğinden de deliklere giriyor.. çocuğun şevki kırılmıyor... iki hafta oldu alalı, her gün çeşitli oyunlar üretiyor... renkleri de çocuğa hitap ediyor gerçekten... plastik gibi görünmüyor... iki renk biliyordu üç tane biliyor artık :) oyuncak konusunda aşırı seçici biri olarak rahatlıkla tavsiye ederim... ayrıca şunu da belirteyim, çocuğunuz oynaymıyor yada ilgilenmiyorsa ortadan kaldırıp iki hafta sonra tekrar verin... ve ona nasıl oynanacağını gösterin... başaracaktır muhakkak ;)",mutluluk,üzüntü,0.713,winvoker
"Yapmak zorunda değilsin ama bence daha hızlı eriyor, bu yüzden yaptığını sanıyorum.",nötr,şaşkınlık,0.7128,goemotions_tr
Sanırım okulda Fransızca öğrenmek bana bir kez olsun yardımcı oldu,şaşkınlık,sevgi,0.7127,goemotions_tr
"cihazın ekranı çok fonksiyonel değil ama her türlü iş görüyor, bir akıllı saat gibi mesaj okuyamıyorsunuz ya da billdirimleri detalı göremiyorsunuz ama seçtiğiniz 5 uygulamanın ve arama ile gelen smslerin bildirimlerini alıyorsunuz sadece, en çok uyku takip olayını beğendim birde alarm özelliği iyi ama telefona uygulamasını kesinlikle indirmelisiniz yoksa kontrol etmek mümkün değil. bazen telefonla bağlantısı kopuyor ama benim telefonumla da alakalı olabilir ona kesin bişey söyleyemem. en nihayetince cihaz başarılı olmuş daha ucuza almak mümkün belki ama hepsiburada ya güvendiğim için buradan almayı tercih ettim.",mutluluk,üzüntü,0.7126,winvoker
ürün kalitesi fena değil. sipariş vermesen önce boyutu seçmelisiniz. ambalaj üzerinde boya göre ölçüler var. 135 boy için small...155 boy için medium... 175 boy için large... tavsiye edilmiş.  ben günlük kullanımda medium giyiyorum medium alayım derseniz kısa kalır. bu fiyata alınabilecek bir ürün.,mutluluk,üzüntü,0.7126,winvoker
Görsel Efekt sıkıcılığının yeni bir halkası..,üzüntü,öfke,0.7126,winvoker
böyle bir senaryo ancak bu kadar rezil edilebilirdi.teşekkürler!,üzüntü,sevgi,0.7124,winvoker
fiyat performans karşılaştırılması yapıldığında ürün sınıfı geçer. üst modelinden tek eksiği dil temizleme modunun olmaması ve seyahat kutusunun telefonunuzu şarj etmemesidir. tüm ikili modeller de olduğu gibi seyehat kutusu ve şarj aparatı tek. şarjın tek olması sıkıntı değil ancak seyahat kutusunun tek olması sıkıntı.,mutluluk,üzüntü,0.7122,winvoker
çelik kasa sebebi ile her an elden kayıp düşebilme riski çok fazla.,mutluluk,üzüntü,0.7121,winvoker
şarj olarak kendinizi ayrıcalıklı hissediyorsunuz.,mutluluk,gurur,0.7121,winvoker
İktidardaki bu kişinin söylediği veya yaptığı ırkçı bir şeyi söyle. Bu eğlenceli olmalı..,mutluluk,öfke,0.712,goemotions_tr
Ben en iyi sağlıkla ilgileniyorum. Hayatta kalmakla değil.,nötr,sevgi,0.7119,goemotions_tr
"yeni hic bir sey soylemeyen tamamen epik şablonlarla dolu vasatın cok altında bir film... cok iyi goz boyuyor, goz dolduruyor o kadar... 4/10",üzüntü,mutluluk,0.7119,winvoker
böyle şeylerle uğraşmak zorunda kalman üzücü. umarım şu an bulunduğun yerde her şey daha iyidir,mutluluk,sevgi,0.7118,goemotions_tr
Hiçbirine benzemiyorlar.,nötr,öfke,0.7118,goemotions_tr
benim muhabbet kuşum bu  yeme bayıldı.,mutluluk,sevgi,0.7118,winvoker
ikincisi aracin sesinde belirgin bi azalma oldu.,mutluluk,üzüntü,0.7117,winvoker
cidden hayal kırıklığı yaşamak istiyosanız hemen alın:),üzüntü,mutluluk,0.7117,winvoker
sandviçlerin ne kadar karmaşık bir yemek olduğunu hepimiz biliyoruz! hahaha,mutluluk,tiksinti,0.7116,goemotions_tr
Hiç şaşırtıcı değil.,üzüntü,korku,0.7114,goemotions_tr
"Kolay cevap - kimse bilmiyor. Ve ülkemi bildiğim kadarıyla muhtemelen bunu mümkün olan en son ana bırakacağız ve sonra bir ""oh shit"" anı yaşayacağız.",mutluluk,şaşkınlık,0.7114,goemotions_tr
beklediğimden daha iyi bir ürün,mutluluk,üzüntü,0.7113,winvoker
günlük kullanım için tavsiye edililebilir,üzüntü,mutluluk,0.7113,winvoker
walla ben bu fılmınde sayın Depp e bı oskar werırler dıom...gercı ılkı ıcınde aynını demıstım wermedıler...filme gelınce perfeckt,mutluluk,üzüntü,0.7112,winvoker
Su şişesi %100 çalışıyor. Kantin emin değilim,nötr,şaşkınlık,0.7112,goemotions_tr
"Evet, ve nedenini bilmiyorum, bu benim karakterime hiç uymuyordu...",nötr,öfke,0.711,goemotions_tr
Sadece üç hafta olduğunu söylemiştim. Henüz bitmediğini biliyorum.,üzüntü,şaşkınlık,0.711,goemotions_tr
"neyi arıyorsan,ne/nerede olmak istiyorsan.....",mutluluk,şaşkınlık,0.7107,winvoker
"Hahah, artık bir farem olduğu için her şey yolunda",mutluluk,sevgi,0.7105,goemotions_tr
"Aman Tanrım, harika!",mutluluk,şaşkınlık,0.7104,goemotions_tr
Onların bu gerçekçiliği çaresizce mantıklı kılmaya çalışmalarını izlemek çok eğlenceli.,mutluluk,sevgi,0.7104,goemotions_tr
Ne yazık ki bu alt bölüm yavaş yavaş prequel revizyonistleri ve iyi eski zaman adamları tarafından dolduruluyor.,üzüntü,nötr,0.7103,goemotions_tr
"Evet. Muhtemelen önemsiz sayılmayacak bir ""metoo"" anı da yaşardı.",mutluluk,şaşkınlık,0.7103,goemotions_tr
işte film bu be... müzikleri insanın tüylerini diken diken ediyor..... dvd si herkesde olmalı..... ben şahsen hafta bir izliyorum...,mutluluk,üzüntü,0.7103,winvoker
En büyük düşmanım olan şarkı söyleme benim en sevdiğim LOL,mutluluk,öfke,0.7103,goemotions_tr
koltukların görüntüsü tamamen değişti. kılıfın üzerinde biraz deişiklik yapıp orjinal ayarında bir uyum sağlanabilir overlok mevcut fakat malzemesi sağlam olduğu için ist gibi berçin atabiliosunuz.,mutluluk,üzüntü,0.7103,winvoker
bu fiyata sadece diş macununu vermiyorlar.,mutluluk,üzüntü,0.7103,winvoker
"ürün açıklamasına ve yorumlara inanarak aldım .2007 model toyota corolla da kullandım 3 hafta oldu kullanalı :çekimde,sesinde ,yakıtında hiçbir değişiklilik olmadı.hatta motor soğukken çalıştırdığım ilk anda boğulma olmaya başladı.sonra düzelir diye bekliyorum.hepsiburadaya saygılar",üzüntü,mutluluk,0.7101,winvoker
bugece kullandım hatta süngerle(tavsiye etmeyenler var) silme yaptım. microfiber havluyla sildim. 2litreye 1 kapak kullandım. bol köpüklü değildi ama tazyikli 2.5 litrelik bidon yüzünden olabilir. yıkama biterken hafif yağmur başladı. yağmur damlacıklarının daha küçük tanecikler halinde durduğunu görünce etkisini gördüm.,mutluluk,üzüntü,0.71,winvoker
Görünüşe göre Fortnite'ın varsayılan dansını yapacaksın,nötr,şaşkınlık,0.71,goemotions_tr
Dünyada kredi veren tek kurum imf dimi güzel kardeşim. Aferin o kafanı daha güzel şeylere yorman dileğiyle,mutluluk,sevgi,0.71,winvoker
"anarşist, kötü marka sözcüğü, birçok insan özgürlüğü sever ama ""anarşi"" kanunsuz kaotik bomba atma ile ilişkilendirilir",nötr,öfke,0.7099,goemotions_tr
"japon korku sinemasının kendi klişelerini artık ürettiğini ve bunları da uzun süre kullanacağının bir kanıtı bu film de... halka, karanlık su vb. filmlerdeki ortamlar, karakterler, kurgu teknikleri cevapsız aramada arka arkaya sıralanıyor izleyicinin huzurunda. 5/10",üzüntü,mutluluk,0.7099,winvoker
"urune yorum yapmaya bile gerek yok.fiyati iyi olmasa hepsi buradayi kullanmayiz ,ama",mutluluk,üzüntü,0.7099,winvoker
buz çağı 2 nin küçük bir kısmını izlemiştim. sincapın yine palamutu saklaması ile ilgili idi. bence bu filmde sincapa daha önemli rol verecekler. çünkü ondan daha sevimli ve daha aç olan bir karakter yok.,mutluluk,üzüntü,0.7098,winvoker
telefon duvar kağıdını kendi fotoğrafı yapan insan ruh hastasıdır aksini iddia edenin duvar kağıdı kendi fotoğrafıdır,üzüntü,öfke,0.7098,winvoker
Cümledeki ifadeler bu cümleyi tartışmaya açık hale getirse de ben oy verdim.,nötr,öfke,0.7098,goemotions_tr
"DoorDash, almadıysanız size geri ödeme yapacaktır. Sadece destek ekibiyle iletişime geçin.",mutluluk,sevgi,0.7097,goemotions_tr
Kesinlikle berbat. Ama aynı zamanda sağlıklı.,tiksinti,öfke,0.7097,goemotions_tr
3 tane g3 aldık anneme ablama ve kendime. 16 gb olanları biraz yavaş kalıyor . benim kullandığım 32 gb . 1 senedir kullanıyorum sadece bataryası şarjı çabuk bitiyor ve dolum yapmıyordu garantiye gönderdim 2 hafta sonra yeni batarya ile gönderdiler.,mutluluk,üzüntü,0.7096,winvoker
Evet adamım,mutluluk,öfke,0.7095,goemotions_tr
"ürün parasına göre iyi yalnız çok fazla kalite beklemeyin. açılı kesimi kötü ya da en azından yanında gelen bıçaklarla pek mümkün değil. henüz kaliteli bir bıçak alıp deneme fırsatım olmadı fakat açısız kesim bu bıçaklara rağmen fena değil. fazla beklenti içerisinde değilseniz, düşük bir bütçeniz varsa ve basit ev ihtiyaçlarını görecek seviyede bir makine arıyorsanız bu işinizi görür.",mutluluk,üzüntü,0.7095,winvoker
umut_işığım vizyona giriyor başrollerini bradley_cooper jennifer_lawrence ve robert_de_niro nun paylaştığı tüm dünyanın merakla beklediği film umut_işığım 4 ocak 2013 türkiye de vizyona giriyor umut_işığım silver_linings_playbook toronto film festivali hollywood film ödülleri ve los_angeles film eleştirmenleri ödülleri ndeki başarısının ardından oscar ın en önemli göstergesi olarak görülen altın_küre ye 4 dalda aday oldu ayrıca güzel oyuncu jennifer_lawrence bradley_cooper ve robert_de_niro umut_işığım da gösterdikleri başarılı performanslarıyla birçok ödül aldılar yönetmenliğini david o russell in yaptığı romantik komedi tarzındaki film hayatlarında kötü bir dönem geçiren komşuların tanışmasıyla yaşamlarında yeni bir döneme geçişlerini konu alıyor,nötr,mutluluk,0.7094,ttc4900
"bana göre telefonun 2 eksisi var. öncelikle biraz fazla ısınıyor. bundan önceki telefonum s3 gibi sorunlu bir model olmasına rağmen bu kadar bariz bir ısınma hissetmiyordum. ama gördüğüm kadarıyla yeni nesil 64-bit snapdragon işlemcilerin genel sorunu bu. diğer iyi olmayan yanı da pil ömrü. benim kullanımımla (ortalama yarım saat oyun, yarım saat video, yarım saat konuşma, bol sosyal medya) tüm günü zar zor çıkartıyor. 2k ekran yerine 1080p bir ekran kullanılsa, aklım şarjda olmadan günü bitirebilirdim diye düşünüyorum.",mutluluk,üzüntü,0.7094,winvoker
Çelik: Kültürel miras listelerinden Ayasofya'nın çıkarılacağını düşünmüyoruz. O kültürel miras listesi Ayasofya'yla şereflenmiştir,mutluluk,öfke,0.7092,winvoker
İlk atlayışı yaptığı ilk kısmı ben yapabilirim.,mutluluk,şaşkınlık,0.7091,goemotions_tr
"ya bence, hani hep lanet oluo filmlerde diosunuz, haklısınız ama bu Türkiye açısından büyük bir başarı. 1. Okul 2. Büyü 3. Hababam Sınıfı Üçbuçuk 4. D@bbe 5. Gen Artık bizde korku filmlerinde ilerlemeye başlıyoruz. Bu yüzden çok sewindim. =)",üzüntü,mutluluk,0.7091,winvoker
"Otoyolda gayet iyiyim, sadece dur-kalk yapabiliyorum, yokuş kalkışlarda ve geri viteste sorun yaşıyorum.",öfke,gurur,0.7091,goemotions_tr
Hem bu kahraman milletin ebedî bir medar ı şerefi ve Kur ân ve cihad hizmetinde dünyada pırlanta gibi pek büyük bir nişanı ve kılıçlarının pek büyük ve antika bir yâdigârı olan Ayasofya Camiini ibadete açan adamı cennetinle ödüllendir Allahım Bizi de safında kaydet,mutluluk,sevgi,0.709,winvoker
ben de frank çıktım ama asıl merak ettiğim şey bu değil.time is up donnie kısmı geçilebiliyor mu?will be waiting....,mutluluk,şaşkınlık,0.709,winvoker
film harikaydi.bu kadar zaman neden izlemedim diye kendime kiziyorum =). oyuncular kendini asmis.filmin sonuda çok sasirtici siddetle izlemenizi/izlettirmenizi tavsiye ediyorum )(.,mutluluk,üzüntü,0.7087,mteb_movie
"Özür dilerim, son çabasını yeni gördüğüm için her şeyi geri alıyorum",üzüntü,sevgi,0.7087,goemotions_tr
fakat parfüm tene göre değişkenlik kazanan bir koku ve benimki de bir risk almaktı. başka arkadaşlar da daha iyi durabilir.,üzüntü,mutluluk,0.7086,winvoker
Matematiksel işlemleri dümdüz yapan tek ben varım sanırım,mutluluk,şaşkınlık,0.7086,winvoker
"bazı parfümlerin beğeneni olduğu gibi kokusundan rahatsız olanı da vardır. bu parfümün tek beğenilmeyecek yani kalıcılığının zayıf olması. o da başkalarına göre. haziran ayının ortasında sabah 8de iki fıs sıkan kardeşimle ikindi vakti saat 3 gibi tekrar karşılaştık. o çiçeksi fresh kokular buram buram kokmaya devam ediyordu. çok özel günlerinizde, ya da gece dışarı çıktığınızda kullanmak için parfüm aramıyorsanız, bir ortama girdiğinizde gözlerin hemen üzerinize çevrilmesi gibi bir derdiniz yoksa, kullanmaya kıyamadığınız bir parfümünüz var, ama günlük kullanım için de bir parfüm arıyorsanız, yaz ayında kalabalık ortamlarda milleti bunaltmadan etrafa tatlı ferah çiçek kokuları yaymak istiyorsanız tereddütsüz alın. kesinlikle 200 mililitre olanın alın. 100 mililitreye göre çok karlı. kokusunun güzelliği 5 üzerinden 4, kalıcılığı 5 üzerinden 3, silajı (farkedilirliği) 5 üzerinden 3.",mutluluk,üzüntü,0.7084,winvoker
Kıskançlık her insanı kemiren bir duygu..,mutluluk,öfke,0.7083,winvoker
"Bu filmi ilk kez 12 yaşındayken televizyonda gördüğümü hatırlıyorum.Oturup izlediğimi ve rüyama girdiğini de.Ben kendimi bundan daha güzel film izleyemeyeceğime daha o zaman şartlandırmış mıyım neyim,hala izlediğim film film değildir benim için.İkinci ve üçüncü filmlerini de 15 yaşındayken seyretmiştim galiba.Ve aradan 40 yıl geçmiş(yok,ben izleyeli değil,film çekileli).Evet,filmin DVDsini buldum.Bir kez daha izledim.Bir kez daha etkilendim ve bir kez daha Marlon Brandonun sinema tarihinin gördüğü en iyi oyuncu olduğunu anladım.Açıkcası üçlemeyi ezberledim.Hayatım boyunca,eminim ki bu kadar atmosferi iyi ayarlanmış film seyretmemişimdir.Yüzlerce film gördüm,böylesini görmedim.Filmi bir kez daha izleyince tüm iç organlarınız ve hücreleriniz yenileniyor,hayata bakışınız değişiyor ve o saniye sınırından sonra izleyeceğiniz bütün filmler sizin için 'sade suya tirit' oluyor.10 üzerinden bir googol:)",mutluluk,üzüntü,0.7082,winvoker
"Bakın bu Çocuk ve Kadın Katillerini ve Tecavüzcülerini hiç unutmamalıyız.Bunlar Halkın içinde asla rahat nefes alamamalıdır.Cezasını çekip Yargının elinden kurtulsa da, asla Halkın vicdanının Şerrinden kurtulamamalıdırlar.Allah belalarını versin!",üzüntü,öfke,0.7082,winvoker
bir yanı keşke bitmeseydi diyecek.,mutluluk,üzüntü,0.7081,winvoker
"bence şrek serisinin en güzel,en komik,grafikleri en iyi olan filmiydi 1 ve 2 ye kıyasla daha iiydi ama bazıları filmin ortalarını çok sıkıcı buluo mesela benim arkaşım filmin başlarında çok eğlenirken filmin ortalarında salondan çıkmamak için kendini zor tuttu bence bu yanlış aslında filmin asıl konusu bu bölümde oluo burada uyursanız tabi filmi anlamazsınız hem film sizi başından sonuna kadar güldürmek zorunda değilki filmde bana göre tek olumsuz şeyi kısa olması bunun dışında film izlemeye değerdi bazılarıda dioki yapılan espiriler 10 yaşın altında arkadaşlar böle olması daha ii örümcek adamdada film artık çocuklara hitap etmio die beğenilmedi film korku filmi gibiydi aslında biraz daha çocuklara yönelik bi şey yapsalardı ortaya daha ii şeyler çıkardı kısacası kim ne derse desin bu film gayet iiydi (9/10)",mutluluk,üzüntü,0.7081,winvoker
şu alamazsak büyük sorun yaşarız ya,mutluluk,üzüntü,0.708,winvoker
Rus basını seti ziyaret ederek yapımcıları tedirgin etti ve ara sıra savunmaya geçti .,nötr,korku,0.708,winvoker
ancak annem için hiç önemli değil.,mutluluk,sevgi,0.7079,winvoker
> Her 4 kadından 1'i cinsel saldırı mağduru olacak. Her 4 aptaldan 4'ü buna kanıt olmadan inanacak.,mutluluk,öfke,0.7079,goemotions_tr
"Minecraft oynadığınız için kendinizi kötü hissetmeyin, hala harika bir oyun ve tekrar popüler olmaya başlıyor.",mutluluk,sevgi,0.7077,goemotions_tr
hanıma kolaylık olsun diye pratik olarak gördüğüm ürünü aldım.ancak üründeki kesici kısımlar plastiğe gömülü olduğundan sakın bulaşık makinasına atmayın.çünkü plastik kısmı genleşiyor ve kapatıldığı yerde bıcaklar yerinden oynuyor.bu durumda kesici parçalardan (küçük parçalara ayırıcı kısmı) kullanılmaz hale geldi.diğer parçalarda sorun yok.keşke kesici bıçaklar daha iyi monte edilseydi.düşünce güzel ama biraz daha sağlam olursa iyi olur.,üzüntü,mutluluk,0.7076,mteb_product
son zamanlarda izledigim en iyi gerilim film desem yeridir... konusu tabi yine klasik ama geçen zamanda gerçekten orda olmak istemiyorsunuz... bi anda kendinizi film içinde buluyorsunuz... .,mutluluk,üzüntü,0.7075,mteb_movie
Son dönem izlediğim en güzel Türk filmi. Filmin konusu aslında pek te çekici gelmiyo. Filmde vurgulanan bi-iki duygusal sahne yetiyor izleyici için. Duygusallar selpaklarını hazırlasınlar derim..,mutluluk,üzüntü,0.7075,winvoker
"Bilmiyorum dostum, İtalya güçlü görünüyor",mutluluk,şaşkınlık,0.7075,goemotions_tr
sadece  gün kalabildikzamanım kısıtlı olduğu için sadece  gün kalabildiğim bu otelden oldukça memnun kaldım sabah otelden ayrılışım tam anlamıyla hüsrandı bu kadar güleryüzlü çalışanı biraraya getirdiği için park otele teşekkür ederim muhteşem  gün yaşadığım için her çalışanmı hoşgeldiniz der burada başka bir şey duyamazsınız emin olun oradan sarımsaklıya geçtim ve aynı ücreti ödeyerek kaldığım otel çok kötüydü yemekler asos park oteldeki gibi değildi odaların temizliğine şahit oldum temizlik yapan bayanlarında ellerine sağlık inanın evimizde öyle temizliği biz yapmıyoruz  şimdiden önümüzdeki senenin planlarını yaptırmaya başladığı için asos park otel ve çalışanlarına teşekkür diyorum,mutluluk,üzüntü,0.7074,winvoker
Yemekler güzel. Oda temizliği zayıf. Otelin konumu çok iyi. Eğlence ve aktiviteler süper.,mutluluk,üzüntü,0.7074,winvoker
Bu harika!,mutluluk,sevgi,0.7074,goemotions_tr
söz verdikleri tarihte kargoya veremediler. ürün güzel.,mutluluk,üzüntü,0.7074,winvoker
"Tam olarak modellenen şey buydu, MTV şovu da öyle. Kelime oyunu yapılmak için yalvarıyordu, bu yüzden yaptılar",nötr,öfke,0.7073,goemotions_tr
magzalarda bu fiyata bulmak imkansiz.,mutluluk,üzüntü,0.7073,winvoker
*ARTIK* şakaları anlayabiliyorsun.,nötr,şaşkınlık,0.7072,goemotions_tr
burada yeni yüzler görüyorum bu ilk kuralı çiğnediğiniz anlamına gelir neyse herkese tavsiye ediyorum sakin kafayla izleyin nası olsa baya bi karışacak...,mutluluk,üzüntü,0.7072,winvoker
"Aman Tanrım, tavşanlar gibi zina yapıyorlar!!",tiksinti,şaşkınlık,0.7071,goemotions_tr
1 şişe bitirdim ama kimse parfümün markasını sormadı.ona göre alın derim.,üzüntü,mutluluk,0.7071,winvoker
benim diyeceğim bu kadar .....,mutluluk,üzüntü,0.7068,winvoker
"cahrles dickens'a edilen büyük bi hakaret.utanmasalar porno film yapacaklardı.paltrow'u görenler,o zaman bişey sanmışlardı.",üzüntü,utanç,0.7067,winvoker
Yani evet gerçekten öyle. Onu ırkçı şeyler söylerken kayda almak satış için tek olasılık.,mutluluk,öfke,0.7067,goemotions_tr
"Sadece bulanık fotoğraflar, ama sanırım bir şey olabilir. Umarım",sevgi,şaşkınlık,0.7067,goemotions_tr
'bir kez daha şans vercem bu filme... Di caprio hatrına' sen böyle düşünüyorsan bırak hiç izleme daha iyi...,mutluluk,üzüntü,0.7066,winvoker
NE bu sapkınlık - BTS ve EXO'yu nasıl karıştırabilirsin ًں¤£ Ama işbirliği yaparlarsa ölürüm! [NAME]'in [NAME] ile rap yaptığını hayal edebiliyor musun ًںکچ,nötr,öfke,0.7066,goemotions_tr
"Arkadaşım... yüklemesini istiyor, eğer yüklediyse!",nötr,sevgi,0.7066,goemotions_tr
zaten alihan da sürekli öyle davrandığı için zeynebe tutuldu,mutluluk,üzüntü,0.7065,winvoker
"LOL Sanırım ben tam tersiyim, kafamda prova ettiğimde her şeyi mahvediyorum; doğaçlamada çok daha iyiyim.",mutluluk,öfke,0.7065,goemotions_tr
"Teknik olarak, o zaman çok uzun zaman önce geçti. Artık pek fazla seçeneği olmayabilir.",nötr,şaşkınlık,0.7065,goemotions_tr
tek bezle arabayı komple silebilirsiniz,mutluluk,üzüntü,0.7064,winvoker
Sadece saçmalık.Sinemayı sanat değil ticaret olarak görenlerin işi.1 puan bile fazla.,üzüntü,öfke,0.7062,winvoker
gayet güzel fakat biraz ağır olabilirdi,mutluluk,üzüntü,0.7062,winvoker
"Ayrıca sporcuların yıl boyunca gelip antrenman yapmalarına izin verin, ancak Olimpiyatlar veya benzeri bir tarihten önce bir karartma dönemi verin.",nötr,sevgi,0.7062,goemotions_tr
Şu hindi bacakları çok lezzetli görünüyor,mutluluk,sevgi,0.7061,goemotions_tr
"Tümüne bakıldığında izlenesi bir film fakat çok karamsar ve gerçekten şiddet içeren sahneleri var. Bunu bilerek gitmek gerekir. Ben bilmiyordum, fantastik bir film diyerek gittim ve şoke oldum. Fakat hazırlıklı gitseydim bu kadar şaşırmaz ve çok daha fazla beğenebilirdim. Herşeye rağmen sonu çok etkileyici.",mutluluk,üzüntü,0.7061,winvoker
Filmi uzun zaman nce izlemitim ve u an aklmda kalan sadece ok skldm.. abdullah ouzun mutluluk ve scak filmleri olduka kaliteli ve etkili bence.. ama bu filmi hi beenmemitim..,üzüntü,mutluluk,0.706,winvoker
kokusu çok güzel ancak biraz koku yayma süresi az 1 haftadan sonra etkisi azalıyor alınabilir,mutluluk,üzüntü,0.706,winvoker
ufak tefek malzemeler için ideal ama kilit muhafaza yeri mükemmel,mutluluk,üzüntü,0.706,winvoker
"Iq, askeriye tarafından kimin en iyi kalem iticisi olacağını görmek için tasarlandı",nötr,şaşkınlık,0.706,goemotions_tr
her izleyenin tekrarladığı gibi ikinci kez izleme gereği duyanlardan değilim. fakat nolan bir sonraki çalışmasında inceptionın altında kalmamayı vaat ediyor ister istemez. 9/10,mutluluk,üzüntü,0.706,winvoker
"ürün eşdeğerleri arasında tercih edilecek bir ürün. çok estetik ve şık, çok sessiz. yıllık enerji tüketimi eşdeğerlerine göre %25 daha az, yada bu dolaba göre onlar %33 daha fazla tüketiyor. (aynı hacim ve fiyat kategorisine göre). sadece alt çekmece tek parça kullanışlı değil ve hiç bir dijital gösterge yok. ön sağ ayak estetik gözükmüyor.",mutluluk,üzüntü,0.7057,winvoker
kedilerim doymuş olmak için yiyorlar ama kokusu tazeliği kötü değil.,üzüntü,mutluluk,0.7056,winvoker
bazan kelimesi beni de çok rahatsız etti. i̇lk sayfalarda baya takıntı yaptı ama ilerledikçe görmezden geldim :),mutluluk,üzüntü,0.7055,winvoker
izlediğim en iyi türk filmi. ağladığım nadir filmlerden. izlemeyen için büyük bi kayıp hemen gitsin vcd dvdsini alsın izlesin.,mutluluk,üzüntü,0.7055,winvoker
Çift kalkanlar 3800 ve altı için mükemmeldir. Muhtemelen takım arkadaşları onları kullanmıyor,mutluluk,öfke,0.7054,goemotions_tr
[NAME] ayrıca selfielerden nefret ediyor,nötr,öfke,0.7053,goemotions_tr
bu fiyata benzer şıklıkta ürün bulmak kolay değil.,mutluluk,üzüntü,0.7053,winvoker
"Salt Lake, Utah. Şaka değil, Utah ABD'deki diğer her yerden daha fazla plastik cerrahi oranına sahip.",nötr,öfke,0.7053,goemotions_tr
"Aynı, ben sadece onun bir flamingo tarafından patenle yenildiğini görmek istiyorum",nötr,sevgi,0.7051,goemotions_tr
"ürün gayet kaliteli ancak süpürme başlığını ve sapını daha kaliteli ve ergonomik yapabilirlerdi süpürmesi halıda biraz zor, güç gerektiriyor, yoruyor biraz",mutluluk,üzüntü,0.7051,winvoker
Mektupu al derdimi gör,mutluluk,sevgi,0.705,winvoker
Bu sadece çocuk istismarı. En azından tüm gıda yoksunluğu ve dayaklar.,nötr,öfke,0.7049,goemotions_tr
her 1 litre temiz su için yaklaşık 3 litre su atıyor (bu durum herkes için aynı olmaya bilir) sanki çok gibi gelebilir ama su faturasına yansıyacak bir durum yok.,mutluluk,üzüntü,0.7049,winvoker
İşte film diye buna derim ben! 10/10 Bu filmi beğenmeyenin odundan farkının olmadığını düşünüyorum!,mutluluk,üzüntü,0.7049,winvoker
Olağanüstü bir tesis .,nötr,mutluluk,0.7047,winvoker
"İsminin önüne ""koltuk"" kelimesini koymayı unutmuşsun.",nötr,şaşkınlık,0.7045,goemotions_tr
6 farklı klasik müzik sesi ile çocukları sakinleştirir ve kolayca uyutur. diyorsunuz ancak 3 müzik sesi var.,üzüntü,mutluluk,0.7045,winvoker
sadece demliğindeki süzgeç takılan yeri bütün açılmış. delik delik olsaydı süzgeç takılabilirdi.onun düzeltilmesini öneririm.,mutluluk,üzüntü,0.7044,winvoker
Tropical Oasis Sıvı Multivitamin. Harika bir şey.,mutluluk,sevgi,0.7044,goemotions_tr
guzelben bu ınsanları anlamıyorum  lıra verıp sankı otelı satın alıyorlar onu begenmezler bunu begenmezler acaba bu ınsanlar burda gorduklerını evlerınde gorebılıyorlarmı cok merak edıyorum bızım turk mılletımız cok acelecı ve sabırsız sankı doymakcaklarmıs gıbı o yemeklere saldırmaları ve yemeyıp o yemeklerı zıyan etmelerı ınsanın ıcını sızlatıyor otelde ufak tefek ımkansızlıklar vardı ama  tl verıp hersey dahıl ıcın bence cok ıyıydı yanı tatılımız guzel gectı  tl veren herkese guzel tatıler :)),mutluluk,üzüntü,0.7042,winvoker
Karizmatik ve disiplinli olmasına rağmen her avukat gibi Lindsey de kötüdür .,nötr,öfke,0.7042,winvoker
Kedilerimden biri her zaman diğerinin mamasını yiyor. Obez olana kadar bunu hiç fark etmemiştim. Bu hatayı bir daha yapmayacağım.,şaşkınlık,öfke,0.7042,goemotions_tr
Gel testere gel bitsin bu hasret:P Umarım seri dördüncü filmiyle pembe dizi formatından kurtulup yeni bölümüyle özüne döner.,mutluluk,sevgi,0.7041,winvoker
"pazar gecesi sipariş verdim, ürün pazartesi kargoya verildi. bugün yani çarşamba günü kargo getirdi. kargomda gayet eziksiz geldi. almayan pişman olur :))",mutluluk,üzüntü,0.7041,winvoker
7. kere izlediğim ve hala gözlerimin dolmasına neden olan film.,mutluluk,üzüntü,0.7041,winvoker
[NAME] bir şey istediği için artık onu istemememiz gerektiğini düşünmeniz ne kadar da üzücü. Büyü artık çocuğum. Hayat senin veya [NAME] etrafında dönmüyor.,üzüntü,öfke,0.7038,goemotions_tr
"ya bu filme klasik mafya filmi diyenleri anlamiyorum.Arkadaslar film icerik itibariyla iddia ediyorum baba serisiyle yarisir.Filmin atmosferi sizi öyle büyülüyor ki 2,5 saatin nasil gectigini bile anlayamiyorsunuz.Cok siki bi gangster filmi ve kesinlikle oscardan bos dönmez en azindan Denzel.",mutluluk,üzüntü,0.7038,winvoker
Bir ay oldu hala göndereceksiniz !,üzüntü,öfke,0.7038,winvoker
"Fotoğrafın ironisi, üniversiteye kabul edilenlerin %60'ının kadın olması",nötr,şaşkınlık,0.7038,goemotions_tr
kanserojen olabilir yada başka uzun etkili zararı olabilir.,mutluluk,nötr,0.7036,winvoker
urunu alırken nasıl bır sekılde kapıya takılacagını dusunuyodum gercektende bu konuda aydınlatıcı bir bilgi yok urun kapının dısarı dogru cıkık olan ust tahtasına takılıyor takılan  plastik parca dayanıksız gibi durmasına karsın 85 kg beni ve ayagımdaki ayak agırlıkları ıle 90 kg da cok hafif bir esneme yapıyor onun sebebi de sungerli bar  kısmının kapının ic kısmına yaptıgı basıncla alakalı almanızı tavsıye ederım lakın oncelıkle evinizdekı kapıların dısarı cıkık bi kasası olup olmadıgına bir bakın benim evimde sadece bir kapıya uyuyor...,mutluluk,üzüntü,0.7035,winvoker
Küçük Adam Sana Ne Oldu?,nötr,şaşkınlık,0.7034,winvoker
pres ütü olmadan olmayacak diye şüpheleniyordum fakat evdeki ütünün en yüksek ısısı bile fazla geldi.,mutluluk,üzüntü,0.7034,winvoker
"stanley parable diye bir oyun var abi sevebilirsin"" cümlesini unutamadım bir de. eskiden ""ha evet bir de skyrim diyorlar"" diye kıl cevaplar veriyordum bunlara ama artık <3 atıp geçiyom. yaşlılık geldi bana da.",mutluluk,üzüntü,0.7033,winvoker
"Palms, PHL'ye karşı zorlu bir maç geçirdi. Son zamanlarda biraz kötü görünüyor.",üzüntü,korku,0.7032,goemotions_tr
İkinci yılımdayım. Hala gizliyim. Hala vücudum ve cinselliğimden rahatsızım. Hala sosyal olarak beceriksizim.,utanç,öfke,0.703,goemotions_tr
hepsiburada bu kadar zorlamasan iki satır yazacaktık illaki yok efendim açıklayıcı olsun bilmem ne germeyin insanı alla alla...,mutluluk,üzüntü,0.703,winvoker
"İçim yanıyor içim, bildiğin gibi değil...",mutluluk,öfke,0.7029,winvoker
Kesinlikle anlayabiliyorum ama henüz kendimi böyle bir kadere teslim etmedim. Belki birkaç yıl daha...,nötr,şaşkınlık,0.7028,goemotions_tr
Chick Fil A'ya girmek bir kiliseye girmek gibi hissettiriyor. Hayır teşekkürler. Onları sonsuza dek bağnaz bir organizasyon olarak göreceğim.,nötr,öfke,0.7028,goemotions_tr
benim gibi önemseyenlere duyrulur. ama scriks kalitesi tabiki yazarken kendini hissettiriyor.,üzüntü,mutluluk,0.7027,winvoker
kendini bulmak ümidiyle tatile çikmis.antalyaya gelseydi turk erkeklerinde kendini hemen bulurdu.,üzüntü,mutluluk,0.7027,mteb_movie
Garajımda. Erişimi bundan daha kolay olamazdı.,nötr,şaşkınlık,0.7027,goemotions_tr
ürün küçük olan bir odama tam oldu.,üzüntü,mutluluk,0.7027,winvoker
"ürünü satın alırken hepsiburada'nın satmasına dikkat edin, başka satıcıların sattığı mallar kaliteli değil.",mutluluk,üzüntü,0.7026,winvoker
Kurundi? Medef olan mücünci Avruzu adde boyurt mokses cildik ifaz ya tankabi alki venlaca açlulur,nötr,üzüntü,0.7026,winvoker
Başarılı sadece göründüğü gibi geliyor eskra başlık yok,mutluluk,üzüntü,0.7026,winvoker
"Julia Roberts,Ryan Reynolds,Willem Dafoe, Carrie-Anne Moss gibi usta oyuncular,bir çok kez sinamlarda gösterdikleri ustün parformanslarından dolay severek izlemişizdir.Bu oyuncular,bir çok kez senaryo kötü olsa daha,gösterdikleri üstün performas sayesinde filmleri kurtaracak kadar yetenekli birer ustadırlar...Konu Bahçemdeki Ağustos Böceklerine gelince,aynı şeyi söylemek mümkün değil.Oysa ki filmi izlemeden önce oyuncularını okuduğunuz zama,bu film kaçmaz diyorsunuz.Ama malesaf,üzülerek söylüyorum ki,bu film gerçekte izlenilecek gibi değil.Sadece ustaların film karelerindeki bir kaç güzel dansını izlemekten başka birşey göremeyeceksiniz.5,5/10",üzüntü,mutluluk,0.7025,winvoker
"tasarım, şıklık, incelik ve hafiflik anlamında harika. olumsuz yanlarına gelince şarj çok az gidiyor, çok ısınıyor, sesim karşı tarafa cızırtılı ve derinden gidiyor",üzüntü,mutluluk,0.7023,winvoker
Çeşit boldu.,mutluluk,nötr,0.7023,winvoker
9 aylık alman çoban köpeğime kullanmadığım marka kalmadı. besin değerleri en yüksek olan ve dışkının en katı olduğu mama bu. ancak sitedeki fiyatı piyasa fiyatlarının çok çok üzerinde.,mutluluk,üzüntü,0.7023,winvoker
gediz deltası kuş cennetine otoban yol köprü projesi yapılmaz,mutluluk,üzüntü,0.7023,winvoker
bi sabah uyandım yoktun arandım yoktun hala bulamıyorum,mutluluk,üzüntü,0.702,winvoker
"Olumlu yönleri: PARASINA GÖRE ÜRÜN İYİ

Olumsuz yönleri: TOZ HAZNESİ ZOR AÇILIYOR SİSTEMİ KÖTÜ",mutluluk,üzüntü,0.7019,winvoker
SÜPER SÜPER SÜPER. Kesinlikle tavsiye ediyorum. ama devam filmlere illa bir kulp takanlar izlemesin. çünkü onlara bu film fazla gelebilir zeka yönünden. Film beni çok etkiledi resmen koltuğa saplandım izlerken. buna sebep gördüğüm kan ve şiddetin yanısıra içinde yatan derin anlamlarda saklı. hayatı bukadar güzel anlatan kanımın o anda çekilmesini sağlayan başka bir film izlemedim. Asla korku filmi değil bu film. yanlız kaldığınızda kendinizi bir garip hissedersiniz ya öyle bir durum bundaki. İki kaşın arasındaki 3. göz gibi bişey. Şimdiden iyi seyirler.,mutluluk,üzüntü,0.7018,winvoker
snob kalitesi daha ne olabilir.,mutluluk,üzüntü,0.7018,winvoker
gidin...gidin....gidin.... başka bişey demiyorum...,mutluluk,öfke,0.7018,winvoker
pahalı ürünleri de kullandım. boşuna fazla para vermeye gerek yok.,mutluluk,üzüntü,0.7017,winvoker
> Aile içi şiddet suçlamalarının %1'den azının asılsız çıkması beni inanılmaz buluyor.,mutluluk,şaşkınlık,0.7017,goemotions_tr
"kitap çok güzel ve önemli bir konuyu işliyor. mimar koca sinanın sultan süleymanın kızı dünya güzeli mihrümaha olan tarifsiz aşkı. ancak, anlatım ve yazım çok acemice. yazıma hiç dikkat etmeden okuyacaklara tavsiye ederim. zaten 60 sayfalık hikayeyi kitabı tek sayfaya basarak 130 sayfaya çıkarmışlar",üzüntü,mutluluk,0.7017,mteb_product
"dün tekrar izledim. gece saat 4'te. insanlar uyuyorlardı. filmin ilk 25 dakikasında 3 kez tyler durden'ın silueti geçiyor. slow motionda izleyip emin oldum. işte o an ne kadar çok dikkat gerektiğini gördüm, bu filmi izlerken. adım adım delirmenin hikayesi. öyle-böyle delirmek değil ama beyler-bayanlar! gram gram, dirhem dirhem delirmenin hikayesi. dün gece iğrendim kendimden. herkesten ve her şeyden. dün gece ilk defa bir film izledim ben. bu filmi önceden defalarca izlememe karşın. yazarının hangi duygu ve düşünce gel gitinde bu eseri kaleme almış olabileceğini merak ettim. şimdi yazsaydı bu kitabı. nasıl olurdu acaba? şu asalaklar sürüsüne bakıp da. 90 ve 90 sonrasi nesil denen yürüyüp dans eden boklara bakıp da yazsaydı ne hissederdi acaba. nasıl bir hal alırdı acaba eser? dün gece dünya tuttu beni. doya doya kustum balkondan aşağı. dün gece tyler durden vekaletinde insanlığa boşaldım. balkonumdan aşağı.",mutluluk,üzüntü,0.7016,winvoker
Bu bana motivasyon verdi .,nötr,sevgi,0.7016,winvoker
firma ürünü hemen kargoya verdi . kargo firması istanbul içine 2 de teslim etti. tek sorun kargo.,mutluluk,üzüntü,0.7015,winvoker
orta segmet bir telefon da üst segment kalite olur mu? oluyormuş.,mutluluk,üzüntü,0.7015,winvoker
"Siz evli kalamazsınız. Eğer siz çekim hakkında gerçekten düşünürseniz, çekim en önemli şeydir.",nötr,sevgi,0.7015,goemotions_tr
"Kalabalık bir şehir hakkında hiçbir şey söylemedim. Göç, kırsal (veya banliyö) alanların kalabalık şehirlere dönüşmesine neden olmuyor.",mutluluk,öfke,0.7014,goemotions_tr
GÖZLERİMDE SORUN VAR ARTIK GERÇEKTEN BAĞIRIYORUM,üzüntü,öfke,0.7014,goemotions_tr
beğendim hızıda fena değil özellikle resim ve video çekerken çok fark ediyor...,mutluluk,üzüntü,0.7013,winvoker
"Ben iyiyim, ya sen?",sevgi,şaşkınlık,0.7013,goemotions_tr
Yaşasın devrimciler!,nötr,sevgi,0.701,winvoker
tabanca kısmından o kadar su  taşıyor ki. musluğunuzu başlığını değiştirip(ki bu bütün benzer ürünlerde yapmanız gereken bir şey)  ve tabanca tarafını teflonla sağlamlaştırırım diyorsanız alın.,üzüntü,mutluluk,0.7009,winvoker
Ürünün çekiş kuvveti çok iyi. Ancak çok gürültülü.,mutluluk,üzüntü,0.7008,winvoker
Ülkelerine yaşananları bir oyunmuş gibi algılayan çocuklar üzerinden Afganistanı anlatmış yönetmen. İzlenilebilir..Fakat bölgeyle ilgili Osama ve Kandahar gibi daha kaliteli filmler de var..,üzüntü,mutluluk,0.7007,winvoker
"Mükemmel bir film !! ***İşte mükemmellikBir kadının gizemi omuzlarında ve boynunda başlarBuna inan.Eğer canlıysa yeryüzünde ki bütün gizemleri barındırırÇünkü akıl ve gövdenin sonsuz savaşında ikisine de ait olmayan tarafsız bir bölgededir.***Hep söylerim evlat ,Suçluluk sırtta bir çuval tuğla gibidirTek yapman gereken yere bıra",mutluluk,sevgi,0.7007,winvoker
bu işi aceleye getiriyorlar bilmiyorum ne olacak,mutluluk,şaşkınlık,0.7007,winvoker
Magic'ler sinir bozucu olma konusunda iyidirler.,mutluluk,öfke,0.7007,goemotions_tr
İngilizce film izlemeye alıştığımızdan ötürü İspanyolca anadilli olması kulağımızı tırmalasa da filmin içeriği fevkalade olmuş.İyi düşünülmüş iyi çalışılmış bir yapım.Soundtrack ve yönetmenlik adına belki göze çarpan bir güzellik yok ama hikayenin güzel yazıldığını unutmamak gerek.Çok fazla küfür içermesini ise konunun azılı mahkumları işlemesine bağlayabiliriz.,mutluluk,üzüntü,0.7006,winvoker
:herkese kolay gelsin,üzüntü,mutluluk,0.7006,winvoker
"Hafta sonunu %100 suçluluk duymadan dondurma yiyerek geçirin. (Bu hala yirmi yaş dişleri için standart bir uygulamadır, değil mi?)",mutluluk,sevgi,0.7006,goemotions_tr
ilk etepata biraz sıkıcı gelsede ilerleyen dakikalarda filme kapılıp gidiyorsunuz özellikle incirlik üssünde gecen sahneler günümüzdeki yalanlar üzerine düsündürücü ve ders verir nitelikte gidin derim pisman olmassınız,mutluluk,üzüntü,0.7005,winvoker
okul bu hafta yok hiç diye çok mutluyum ama canım da çok sıkılıyor,mutluluk,üzüntü,0.7005,winvoker
"açtıktan sonra buzdolabında saklanmazsa çabucak bozuluyor. buna dikkat edin. buzdolabından çıkarınca da çok soğuk oluyor ve kedi yemiyor. bir poşetin içine koyup sıcak suda bekletip öyle veriyorum, o zaman yiyor.",mutluluk,üzüntü,0.7005,winvoker
ona da android 4 0 4 desteği geldi samsung un galaxy tab 7 7 model tabletine yeni android sürümü geldi kullanıcılar android 4 0 4 ice cream sandwich sürümüne cihazlarını yükseltebiliyor peki bu sürümle birlikte ne değişecek daha hızlı açılış arttırılmış tarayıcı performansı pil istatistiklerindeki yanılgıların düzeltilmesi autorotate hızlandırıldı yeni kamera efektleri geliştirilmiş 3g / 4g geçişi yeni haberler ve hava durumu arayüzü multitouch geliştirmeleri,nötr,mutluluk,0.7004,ttc4900
"Başkalarını öldürmek istemek değil mi? Sadece şunu söylüyorum, insanları öldürmek istiyorsan, işe kendinden başla.",nötr,öfke,0.7004,goemotions_tr
Bak öldürürüm seni sbzjzlxnzlzös,üzüntü,öfke,0.7003,winvoker
Sende güzelliğine güzellik katıyorsun tatlum,mutluluk,sevgi,0.7003,winvoker
Kesinlikle...bazen aynadaki yabancının bakışları altında hiçliğe karışıp yok olacağımı hissediyorum.,üzüntü,şaşkınlık,0.7003,goemotions_tr
diğer ıslak mendillere göre daha etli bi yapısı var..ama tek kötü tarafı çabuk yırtılıyor..,mutluluk,üzüntü,0.7002,winvoker
Malhama Tactical'ın sahte olduğu ortaya çıktı FYI,nötr,şaşkınlık,0.7001,goemotions_tr
